원본파일,추출된이름,매칭된이름,유사도,결과
24게스트하우스 전주점.jpg,24게스트하우스 전주점,24게스트하우스 전주점,1.0,✔ 복사됨
MH HOTEL 중화산점.jpg,MH HOTEL 중화산점,전주 MH HOTEL 중화산동점,0.8667,🚫 복사 안함 (유사도 낮음)
글로스터호텔 전주.jpg,글로스터호텔 전주,글로스터호텔 전주,1.0,✔ 복사됨
김제 라온펜션.jpg,김제 라온펜션,전주 루와펜션,0.4286,🚫 복사 안함 (유사도 낮음)
넘버25호텔 전주산정점.jpg,넘버25호텔 전주산정점,전주 넘버25 NO.25 산정점,0.5517,🚫 복사 안함 (유사도 낮음)
라한호텔 전주.jpg,라한호텔 전주,라한호텔 전주,1.0,✔ 복사됨
베니키아 전주 한성 호텔.jpg,베니키아 전주 한성 호텔,베니키아 전주 한성 호텔,1.0,✔ 복사됨
베스트웨스턴플러스 전주호텔.jpg,베스트웨스턴플러스 전주호텔,베스트웨스턴플러스 전주호텔,1.0,✔ 복사됨
신라스테이 전주.jpg,신라스테이 전주,신라스테이 전주 한옥마을,0.7619,🚫 복사 안함 (유사도 낮음)
아늑료칸호텔 전주점.jpg,아늑료칸호텔 전주점,라한호텔 전주,0.5882,🚫 복사 안함 (유사도 낮음)
아늑호텔 전주점.jpg,아늑호텔 전주점,라한호텔 전주,0.6667,🚫 복사 안함 (유사도 낮음)
에이치에비뉴호텔 덕진점.jpg,에이치에비뉴호텔 덕진점,에이치에비뉴 덕진점,0.9091,✔ 복사됨
완주 HOTEL ONE.jpg,완주 HOTEL ONE,전주 메이드HOTEL MADE,0.6429,🚫 복사 안함 (유사도 낮음)
완주 S 모텔.jpg,완주 S 모텔,전주 애플모텔,0.5714,🚫 복사 안함 (유사도 낮음)
완주 그린파크장.jpg,완주 그린파크장,전주 서노송동 기린장,0.4211,🚫 복사 안함 (유사도 낮음)
완주 델루나펜션.jpg,완주 델루나펜션,전주 루와펜션,0.6667,🚫 복사 안함 (유사도 낮음)
완주 모악펜션.jpg,완주 모악펜션,전주 모헌한옥펜션,0.625,🚫 복사 안함 (유사도 낮음)
완주 소풍가는날펜션.jpg,완주 소풍가는날펜션,전주 가은채펜션,0.5556,🚫 복사 안함 (유사도 낮음)
완주 숲속의정원펜션.jpg,완주 숲속의정원펜션,전주 한옥마을타샤의정원독채펜션,0.5385,🚫 복사 안함 (유사도 낮음)
완주 째즈호텔.jpg,완주 째즈호텔,전주 호텔유,0.6154,🚫 복사 안함 (유사도 낮음)
완주 카리브.jpg,완주 카리브,전주 자우리,0.5,🚫 복사 안함 (유사도 낮음)
완주 칸 드라이브인 무인텔(KAN).jpg,완주 칸 드라이브인 무인텔(KAN),전주 우아동 D드라이브인 무인텔,0.6667,🚫 복사 안함 (유사도 낮음)
완주 편백숲이야기펜션.jpg,완주 편백숲이야기펜션,전주 한옥이야기펜션,0.6667,🚫 복사 안함 (유사도 낮음)
완주 편백숲황토펜션.jpg,완주 편백숲황토펜션,전주 생황토방펜션,0.6316,🚫 복사 안함 (유사도 낮음)
완주 하늘아래첫집펜션.jpg,완주 하늘아래첫집펜션,전주 한옥마을하늘애한옥펜션,0.48,🚫 복사 안함 (유사도 낮음)
완주 혁신도시 드래곤호텔.jpg,완주 혁신도시 드래곤호텔,전주 신시가지 스테이호텔,0.5385,🚫 복사 안함 (유사도 낮음)
완주 혁신도시 만상 호텔(MANSANG HOTEL).jpg,완주 혁신도시 만상 호텔(MANSANG HOTEL),전주 샵 호텔SHARP HOTEL,0.5217,🚫 복사 안함 (유사도 낮음)
완주 호텔 아리아(HOTEL ARIA).jpg,완주 호텔 아리아(HOTEL ARIA),전주 덕진동 호텔 와이케이(HOTEL WAIKEI),0.6122,🚫 복사 안함 (유사도 낮음)
완주 휴 모텔.jpg,완주 휴 모텔,전주 애플모텔,0.5714,🚫 복사 안함 (유사도 낮음)
웨스턴라이프호텔.jpg,웨스턴라이프호텔,베스트웨스턴플러스 전주호텔,0.4545,🚫 복사 안함 (유사도 낮음)
위너 호텔.jpg,위너 호텔,전주 호텔유,0.5455,🚫 복사 안함 (유사도 낮음)
이비스 스타일 앰배서더호텔 전주.jpg,이비스 스타일 앰배서더호텔 전주,이비스 스타일 앰배서더호텔 전주,1.0,✔ 복사됨
익산 하늘숲펜션.jpg,익산 하늘숲펜션,전주 한옥마을하늘애한옥펜션,0.4545,🚫 복사 안함 (유사도 낮음)
임실 숨펜션.jpg,임실 숨펜션,전주 푸실 한옥펜션,0.5,🚫 복사 안함 (유사도 낮음)
전주 1928 쉼마루 한옥스테이.jpg,전주 1928 쉼마루 한옥스테이,전주 1928 쉼마루 한옥스테이,1.0,✔ 복사됨
전주 24게스트하우스펜션.jpg,전주 24게스트하우스펜션,전주 게스트하우스휴펜션,0.88,🚫 복사 안함 (유사도 낮음)
전주 j&j 게스트하우스.jpg,전주 j&j 게스트하우스,전주 J&J 게스트하우스,0.8462,🚫 복사 안함 (유사도 낮음)
전주 J&J게스트하우스.jpg,전주 J&J게스트하우스,전주 J&J 게스트하우스,0.96,✔ 복사됨
전주 MH HOTEL 객리단길점.jpg,전주 MH HOTEL 객리단길점,전주 MH HOTEL 객리단길점,1.0,✔ 복사됨
전주 가락청한옥펜션.jpg,전주 가락청한옥펜션,전주 청나루한옥펜션,0.8,🚫 복사 안함 (유사도 낮음)
전주 가원당 한옥스테이.jpg,전주 가원당 한옥스테이,전주 퐁당 한옥스테이,0.8696,🚫 복사 안함 (유사도 낮음)
전주 가은채2펜션.jpg,전주 가은채2펜션,전주 가은채펜션,0.9412,✔ 복사됨
전주 가은채펜션.jpg,전주 가은채펜션,전주 가은채펜션,1.0,⚠ 건너뜀 (중복 파일 존재)
전주 가인.jpg,전주 가인,전주 가인,1.0,✔ 복사됨
전주 감성한옥 하루독채펜션.jpg,전주 감성한옥 하루독채펜션,전주 감성한옥 하루 독채펜션,0.9655,✔ 복사됨
전주 강령전게스트하우스펜션.jpg,전주 강령전게스트하우스펜션,전주 게스트하우스휴펜션,0.8462,🚫 복사 안함 (유사도 낮음)
전주 갤러리스테이.jpg,전주 갤러리스테이,전주 갤러리 스테이,0.9474,✔ 복사됨
전주 건축의선율.jpg,전주 건축의선율,전주 건축의선율,1.0,✔ 복사됨
전주 건축의선율독채펜션.jpg,전주 건축의선율독채펜션,전주 건축의선율독채펜션,1.0,✔ 복사됨
전주 게스트하우스휴펜션.jpg,전주 게스트하우스휴펜션,전주 게스트하우스휴펜션,1.0,✔ 복사됨
전주 경기전 별당채 한옥스테이.jpg,전주 경기전 별당채 한옥스테이,전주 부경당 한옥스테이,0.7857,🚫 복사 안함 (유사도 낮음)
전주 경기전별당채펜션.jpg,전주 경기전별당채펜션,전주 경기전별당채펜션,1.0,✔ 복사됨
전주 경원동 경원.jpg,전주 경원동 경원,전주 경원동 경원,1.0,✔ 복사됨
전주 경원동 뜰안채.jpg,전주 경원동 뜰안채,전주 경원동 경원,0.7368,🚫 복사 안함 (유사도 낮음)
전주 경원동 호텔 다빈(HOTEL DAVIN).jpg,전주 경원동 호텔 다빈(HOTEL DAVIN),전주 중화산동 호텔 인트로(HOTEL INTRO),0.6923,🚫 복사 안함 (유사도 낮음)
전주 고사동 YAJA 전주한옥마을점.jpg,전주 고사동 YAJA 전주한옥마을점,전주 YAJA전주한옥마을점,0.8485,🚫 복사 안함 (유사도 낮음)
전주 고사동 게스트하우스.jpg,전주 고사동 게스트하우스,전주 고사동 게스트하우스,1.0,✔ 복사됨
전주 고사동 씨네마.jpg,전주 고사동 씨네마,전주 고사동 씨네마,1.0,✔ 복사됨
전주 고사동 전주관광호텔.jpg,전주 고사동 전주관광호텔,전주 고사동 전주관광호텔,1.0,✔ 복사됨
전주 고사동 호텔한성.jpg,전주 고사동 호텔한성,전주 고사동 전주관광호텔,0.75,🚫 복사 안함 (유사도 낮음)
전주 공간의미게스트하우스.jpg,전주 공간의미게스트하우스,전주 휴게스트하우스,0.7826,🚫 복사 안함 (유사도 낮음)
전주 관광호텔 꽃심.jpg,전주 관광호텔 꽃심,전주 관광호텔 꽃심,1.0,✔ 복사됨
전주 교동 알지비게스트하우스.jpg,전주 교동 알지비게스트하우스,전주 알지비 게스트하우스,0.8571,🚫 복사 안함 (유사도 낮음)
전주 교동94 한옥스테이.jpg,전주 교동94 한옥스테이,전주 교동94 한옥스테이,1.0,✔ 복사됨
전주 교동가온 한옥스테이.jpg,전주 교동가온 한옥스테이,전주 교동가온 한옥스테이,1.0,✔ 복사됨
전주 교동가온펜션.jpg,전주 교동가온펜션,전주 가은채펜션,0.7059,🚫 복사 안함 (유사도 낮음)
전주 교동백작 한옥스테이.jpg,전주 교동백작 한옥스테이,전주 교동백작한옥스테이펜션,0.8889,🚫 복사 안함 (유사도 낮음)
전주 교동백작한옥스테이펜션.jpg,전주 교동백작한옥스테이펜션,전주 교동백작한옥스테이펜션,1.0,✔ 복사됨
전주 교동살래 한옥스테이.jpg,전주 교동살래 한옥스테이,전주 교동가온 한옥스테이,0.8462,🚫 복사 안함 (유사도 낮음)
전주 교동외갓집 한옥스테이.jpg,전주 교동외갓집 한옥스테이,전주 교동외갓집 한옥스테이,1.0,✔ 복사됨
전주 궁호텔.jpg,전주 궁호텔,전주 호텔유,0.8333,🚫 복사 안함 (유사도 낮음)
전주 귀거래사한옥펜션.jpg,전주 귀거래사한옥펜션,전주 귀거래사한옥펜션,1.0,✔ 복사됨
전주 그날을 담다.jpg,전주 그날을 담다,전주 그날을담다,0.9412,✔ 복사됨
전주 그네 한옥스테이.jpg,전주 그네 한옥스테이,전주 그네 한옥스테이,1.0,✔ 복사됨
전주 그랜드힐스턴호텔.jpg,전주 그랜드힐스턴호텔,전주 그랜드힐스턴호텔,1.0,✔ 복사됨
전주 그리운집 한옥스테이.jpg,전주 그리운집 한옥스테이,전주 그네 한옥스테이,0.8333,🚫 복사 안함 (유사도 낮음)
전주 그림 한옥스테이.jpg,전주 그림 한옥스테이,전주 그네 한옥스테이,0.9091,⚠ 건너뜀 (중복 파일 존재)
전주 그림게스트하우스펜션.jpg,전주 그림게스트하우스펜션,전주 게스트하우스휴펜션,0.88,🚫 복사 안함 (유사도 낮음)
전주 금농헌 한옥독채펜션.jpg,전주 금농헌 한옥독채펜션,전주 금농헌 한옥독채펜션,1.0,✔ 복사됨
전주 금암동 YAJA 전주터미널점.jpg,전주 금암동 YAJA 전주터미널점,전주 금암동 YAJA 전주터미널점,1.0,✔ 복사됨
전주 금암동 가온텔.jpg,전주 금암동 가온텔,전주 금암동 가온텔,1.0,✔ 복사됨
전주 금암동 나라.jpg,전주 금암동 나라,전주 금암동 나라,1.0,✔ 복사됨
전주 금암동 로즈마리.jpg,전주 금암동 로즈마리,전주 금암동 로즈마리,1.0,✔ 복사됨
전주 금암동 뷰티 호텔.jpg,전주 금암동 뷰티 호텔,전주 금암동 뷰티 호텔,1.0,✔ 복사됨
전주 금암동 브라운도트 전주터미널점.jpg,전주 금암동 브라운도트 전주터미널점,전주 금암동 브라운도트 전주터미널점,1.0,✔ 복사됨
전주 금암동 블루원.jpg,전주 금암동 블루원,전주 금암동 블루원,1.0,✔ 복사됨
전주 금암동 비스트.jpg,전주 금암동 비스트,전주 금암동 비스트,1.0,✔ 복사됨
전주 금암동 비지니스 호텔 궁.jpg,전주 금암동 비지니스 호텔 궁,전주 금암동 비지니스 호텔 궁,1.0,✔ 복사됨
전주 금암동 쇼 드라이브인.jpg,전주 금암동 쇼 드라이브인,전주 금암동 쇼 드라이브인,1.0,✔ 복사됨
전주 금암동 스카이쇼1 무인텔.jpg,전주 금암동 스카이쇼1 무인텔,전주 금암동 스카이쇼1 무인텔,1.0,✔ 복사됨
전주 금암동 스토리 무인텔.jpg,전주 금암동 스토리 무인텔,전주 금암동 스카이쇼1 무인텔,0.8,🚫 복사 안함 (유사도 낮음)
전주 금암동 신성파크텔.jpg,전주 금암동 신성파크텔,전주 금암동 신성파크텔,1.0,✔ 복사됨
전주 금암동 아늑 료칸호텔 (터미널점).jpg,전주 금암동 아늑 료칸호텔 (터미널점),전주 금암동 아늑 료칸호텔 (터미널점),1.0,✔ 복사됨
전주 금암동 아리랑 호텔.jpg,전주 금암동 아리랑 호텔,전주 금암동 아리랑 호텔,1.0,✔ 복사됨
전주 금암동 어썸호텔.jpg,전주 금암동 어썸호텔,전주 금암동 호텔 K,0.8182,🚫 복사 안함 (유사도 낮음)
전주 금암동 윈져.jpg,전주 금암동 윈져,전주 금암동 황토,0.7778,🚫 복사 안함 (유사도 낮음)
전주 금암동 이카로스 드라이브인 무인텔.jpg,전주 금암동 이카로스 드라이브인 무인텔,전주 금암동 쇼 드라이브인,0.7429,🚫 복사 안함 (유사도 낮음)
전주 금암동 칼튼힐호텔.jpg,전주 금암동 칼튼힐호텔,전주 금암동 호텔 K,0.7826,🚫 복사 안함 (유사도 낮음)
전주 금암동 타임.jpg,전주 금암동 타임,전주 금암동 황토,0.7778,🚫 복사 안함 (유사도 낮음)
전주 금암동 토마토.jpg,전주 금암동 토마토,전주 금암동 토마토,1.0,✔ 복사됨
전주 금암동 투헤븐.jpg,전주 금암동 투헤븐,전주 금암동 투헤븐,1.0,✔ 복사됨
전주 금암동 하운드 전주터미널.jpg,전주 금암동 하운드 전주터미널,전주 금암동 하운드 전주터미널,1.0,✔ 복사됨
전주 금암동 호텔 K.jpg,전주 금암동 호텔 K,전주 금암동 호텔 K,1.0,✔ 복사됨
전주 금암동 호텔 마리(터미널점).jpg,전주 금암동 호텔 마리(터미널점),전주 금암동 아늑 료칸호텔 (터미널점),0.8205,🚫 복사 안함 (유사도 낮음)
전주 금암동 호텔 바라한(HOTEL BARAHAN).jpg,전주 금암동 호텔 바라한(HOTEL BARAHAN),전주 금암동 호텔 화이트(HOTEL WHITE),0.7037,🚫 복사 안함 (유사도 낮음)
전주 금암동 호텔 화이트(HOTEL WHITE).jpg,전주 금암동 호텔 화이트(HOTEL WHITE),전주 금암동 호텔 화이트(HOTEL WHITE),1.0,✔ 복사됨
전주 금암동 황토.jpg,전주 금암동 황토,전주 금암동 황토,1.0,✔ 복사됨
전주 금암동 후.jpg,전주 금암동 후,전주 금암동 황토,0.8235,🚫 복사 안함 (유사도 낮음)
전주 꽃마르트 한옥스테이.jpg,전주 꽃마르트 한옥스테이,전주 퐁당 한옥스테이,0.75,🚫 복사 안함 (유사도 낮음)
전주 꽃무릇펜션.jpg,전주 꽃무릇펜션,전주 꽃무릇펜션,1.0,✔ 복사됨
전주 꽃자리 한옥스테이.jpg,전주 꽃자리 한옥스테이,전주 퐁당 한옥스테이,0.7826,🚫 복사 안함 (유사도 낮음)
전주 꽃자리펜션.jpg,전주 꽃자리펜션,전주 꽃무릇펜션,0.75,🚫 복사 안함 (유사도 낮음)
전주 꽃잠펜션.jpg,전주 꽃잠펜션,전주 꽃무릇펜션,0.8,🚫 복사 안함 (유사도 낮음)
전주 꿈꾸는날개한옥독채펜션.jpg,전주 꿈꾸는날개한옥독채펜션,전주 꿈꾸는날개한옥독채펜션,1.0,✔ 복사됨
전주 나루한옥스테이.jpg,전주 나루한옥스테이,전주 나루한옥스테이,1.0,✔ 복사됨
전주 나비잠한옥호텔.jpg,전주 나비잠한옥호텔,전주 나비잠한옥호텔,1.0,✔ 복사됨
전주 나성하우스.jpg,전주 나성하우스,전주한옥마을 나성하우스,0.8,🚫 복사 안함 (유사도 낮음)
전주 니어리스트 게스트하우스.jpg,전주 니어리스트 게스트하우스,전주 니어리스트 게스트하우스,1.0,✔ 복사됨
전주 다가동 MH HOTEL 객리단점.jpg,전주 다가동 MH HOTEL 객리단점,전주 다가동 MH HOTEL 객리단점,1.0,✔ 복사됨
전주 다나하루 게스트하우스.jpg,전주 다나하루 게스트하우스,전주 다나하루 게스트하우스펜션,0.9333,✔ 복사됨
전주 다나하루 게스트하우스펜션.jpg,전주 다나하루 게스트하우스펜션,전주 다나하루 게스트하우스펜션,1.0,⚠ 건너뜀 (중복 파일 존재)
전주 다래헌 한옥스테이.jpg,전주 다래헌 한옥스테이,전주 퐁당 한옥스테이,0.7826,🚫 복사 안함 (유사도 낮음)
전주 다온호텔.jpg,전주 다온호텔,전주 다온호텔,1.0,✔ 복사됨
전주 다정 한옥스테이.jpg,전주 다정 한옥스테이,전주 퐁당 한옥스테이,0.8182,🚫 복사 안함 (유사도 낮음)
전주 다정한옥펜션.jpg,전주 다정한옥펜션,전주 정담전통한옥펜션,0.8,🚫 복사 안함 (유사도 낮음)
전주 단경펜션.jpg,전주 단경펜션,전주 단경펜션,1.0,✔ 복사됨
전주 달님 게스트하우스.jpg,전주 달님 게스트하우스,전주 달님 게스트하우스,1.0,✔ 복사됨
전주 달달잠 한옥스테이.jpg,전주 달달잠 한옥스테이,전주 퐁당 한옥스테이,0.7826,🚫 복사 안함 (유사도 낮음)
전주 달빛향펜션.jpg,전주 달빛향펜션,전주 루와펜션,0.6667,🚫 복사 안함 (유사도 낮음)
전주 담소 한옥스테이.jpg,전주 담소 한옥스테이,전주 퐁당 한옥스테이,0.8182,🚫 복사 안함 (유사도 낮음)
전주 대명여관 게스트하우스.jpg,전주 대명여관 게스트하우스,전주 여지 게스트하우스,0.8462,🚫 복사 안함 (유사도 낮음)
전주 대명여관펜션.jpg,전주 대명여관펜션,전주 대명여관펜션,1.0,✔ 복사됨
전주 대성정담한옥펜션.jpg,전주 대성정담한옥펜션,전주 대성정담한옥펜션,1.0,✔ 복사됨
전주 더 메이 호텔.jpg,전주 더 메이 호텔,전주 더 메이 호텔,1.0,✔ 복사됨
전주 더머뭄 한옥스테이.jpg,전주 더머뭄 한옥스테이,전주 퐁당 한옥스테이,0.7826,🚫 복사 안함 (유사도 낮음)
전주 더정가스테이.jpg,전주 더정가스테이,전주 감스테이,0.75,🚫 복사 안함 (유사도 낮음)
전주 더클래식 바이 호텔원.jpg,전주 더클래식 바이 호텔원,전주 더 메이 호텔,0.75,🚫 복사 안함 (유사도 낮음)
전주 덕진동 H Avenue 전주덕진점(신관).jpg,전주 덕진동 H Avenue 전주덕진점(신관),전주 금암동 YAJA 전주터미널점,0.4651,🚫 복사 안함 (유사도 낮음)
전주 덕진동 H Avenue 전주덕진점.jpg,전주 덕진동 H Avenue 전주덕진점,전주 금암동 YAJA 전주터미널점,0.5128,🚫 복사 안함 (유사도 낮음)
전주 덕진동 MOMENT 708.jpg,전주 덕진동 MOMENT 708,전주 MOMENT708,0.8276,🚫 복사 안함 (유사도 낮음)
전주 덕진동 브라운도트 전주덕진점.jpg,전주 덕진동 브라운도트 전주덕진점,전주 브라운도트 덕진점,0.8,🚫 복사 안함 (유사도 낮음)
전주 덕진동 연화.jpg,전주 덕진동 연화,전주 덕진동 연화,1.0,✔ 복사됨
전주 덕진동 타미.jpg,전주 덕진동 타미,전주 진북동 장미,0.7778,🚫 복사 안함 (유사도 낮음)
전주 덕진동 핀앤핏하우스.jpg,전주 덕진동 핀앤핏하우스,전주 핀앤핏하우스,0.8182,🚫 복사 안함 (유사도 낮음)
전주 덕진동 하운드호텔 전주덕진.jpg,전주 덕진동 하운드호텔 전주덕진,전주 하운드호텔덕진점,0.7143,🚫 복사 안함 (유사도 낮음)
전주 덕진동 호텔 마리(덕진공원점).jpg,전주 덕진동 호텔 마리(덕진공원점),전주 마리 덕진공원점,0.6667,🚫 복사 안함 (유사도 낮음)
전주 덕진동 호텔 스마일(HOTEL SMILE).jpg,전주 덕진동 호텔 스마일(HOTEL SMILE),전주 덕진동 호텔 와이케이(HOTEL WAIKEI),0.7407,🚫 복사 안함 (유사도 낮음)
전주 덕진동 호텔 쏘울(Hotel Soul).jpg,전주 덕진동 호텔 쏘울(Hotel Soul),전주 덕진동 호텔 쏘울(Hotel Soul),1.0,✔ 복사됨
전주 덕진동 호텔 와이케이(HOTEL WAIKEI).jpg,전주 덕진동 호텔 와이케이(HOTEL WAIKEI),전주 덕진동 호텔 와이케이(HOTEL WAIKEI),1.0,✔ 복사됨
전주 덕진동 호텔 와이케이.jpg,전주 덕진동 호텔 와이케이,전주 덕진동 호텔 와이케이(HOTEL WAIKEI),0.6667,🚫 복사 안함 (유사도 낮음)
전주 덕진동 호텔 워너비(HOTEL WANNABE).jpg,전주 덕진동 호텔 워너비(HOTEL WANNABE),전주 덕진동 호텔 와이케이(HOTEL WAIKEI),0.75,🚫 복사 안함 (유사도 낮음)
전주 덕진동 호텔 히든(HOTEL HIDDEN).jpg,전주 덕진동 호텔 히든(HOTEL HIDDEN),전주 덕진동 호텔 와이케이(HOTEL WAIKEI),0.7407,🚫 복사 안함 (유사도 낮음)
전주 덕진동 호텔히든(HOTEL HIDDEN).jpg,전주 덕진동 호텔히든(HOTEL HIDDEN),전주 덕진동 호텔 와이케이(HOTEL WAIKEI),0.717,🚫 복사 안함 (유사도 낮음)
전주 도란도란카라반글램핑펜션.jpg,전주 도란도란카라반글램핑펜션,전주 도란도란카라반글램핑펜션,1.0,✔ 복사됨
전주 도원 게스트하우스.jpg,전주 도원 게스트하우스,전주 도원 게스트하우스,1.0,✔ 복사됨
전주 독채 전주 수.jpg,전주 독채 전주 수,전주한옥마을 독채 덕수궁,0.6087,🚫 복사 안함 (유사도 낮음)
전주 독채펜션달빛소리.jpg,전주 독채펜션달빛소리,전주 뜰안채펜션,0.6316,🚫 복사 안함 (유사도 낮음)
전주 독채펜션정원채.jpg,전주 독채펜션정원채,전주 뜰안채펜션,0.6667,🚫 복사 안함 (유사도 낮음)
전주 동락원 한옥스테이.jpg,전주 동락원 한옥스테이,전주 몽유화원 한옥스테이,0.8,🚫 복사 안함 (유사도 낮음)
전주 동락원.jpg,전주 동락원,전주 동락원,1.0,✔ 복사됨
전주 동백하우스.jpg,전주 동백하우스,전주 동백하우스,1.0,✔ 복사됨
전주 동산동 편백.jpg,전주 동산동 편백,전주 동산동 편백,1.0,✔ 복사됨
전주 두울나비랑 한옥스테이.jpg,전주 두울나비랑 한옥스테이,전주 사랑루 한옥스테이,0.7692,🚫 복사 안함 (유사도 낮음)
전주 들꽃사랑채펜션.jpg,전주 들꽃사랑채펜션,전주 들꽃사랑채펜션,1.0,✔ 복사됨
전주 똘랑 독채 한옥스테이.jpg,전주 똘랑 독채 한옥스테이,전주 사랑루 한옥스테이,0.7692,🚫 복사 안함 (유사도 낮음)
전주 똘랑코티지한옥독채펜션.jpg,전주 똘랑코티지한옥독채펜션,전주 똘랑코티지한옥독채펜션,1.0,✔ 복사됨
전주 뜨레가 한옥스테이.jpg,전주 뜨레가 한옥스테이,전주 명문가 한옥스테이,0.8333,🚫 복사 안함 (유사도 낮음)
전주 뜨레가한옥펜션.jpg,전주 뜨레가한옥펜션,전주 뜨레가한옥펜션,1.0,✔ 복사됨
전주 뜰안채 한옥스테이.jpg,전주 뜰안채 한옥스테이,전주 퐁당 한옥스테이,0.7826,🚫 복사 안함 (유사도 낮음)
전주 뜰안채펜션.jpg,전주 뜰안채펜션,전주 뜰안채펜션,1.0,✔ 복사됨
전주 라베호텔(LABE HOTEL).jpg,전주 라베호텔(LABE HOTEL),전주 라베호텔(LABE HOTEL),1.0,✔ 복사됨
전주 라온 꿀잠 한옥스테이.jpg,전주 라온 꿀잠 한옥스테이,전주 라온 꿀잠 한옥스테이,1.0,✔ 복사됨
전주 루엘호텔 덕진공원본점.jpg,전주 루엘호텔 덕진공원본점,전주 루엘호텔 덕진공원본점,1.0,✔ 복사됨
전주 루와펜션.jpg,전주 루와펜션,전주 루와펜션,1.0,✔ 복사됨
전주 마리 호텔.jpg,전주 마리 호텔,전주 마리 호텔,1.0,✔ 복사됨
전주 마리호텔 덕진공원점.jpg,전주 마리호텔 덕진공원점,전주 마리 덕진공원점,0.9167,✔ 복사됨
전주 마리호텔 터미널점.jpg,전주 마리호텔 터미널점,전주 마리 터미널점,0.9091,✔ 복사됨
전주 메이드호텔.jpg,전주 메이드호텔,전주 루이호텔,0.8,🚫 복사 안함 (유사도 낮음)
전주 명문가 한옥스테이.jpg,전주 명문가 한옥스테이,전주 명문가 한옥스테이,1.0,✔ 복사됨
전주 명문가펜션.jpg,전주 명문가펜션,전주 가은채펜션,0.75,🚫 복사 안함 (유사도 낮음)
전주 모꼬지 한옥스테이.jpg,전주 모꼬지 한옥스테이,전주 퐁당 한옥스테이,0.7826,🚫 복사 안함 (유사도 낮음)
전주 모련.jpg,전주 모련,전주 모련,1.0,✔ 복사됨
전주 모헌한옥펜션.jpg,전주 모헌한옥펜션,전주 모헌한옥펜션,1.0,✔ 복사됨
전주 몽유화원 한옥스테이.jpg,전주 몽유화원 한옥스테이,전주 몽유화원 한옥스테이,1.0,✔ 복사됨
전주 민트 게스트하우스.jpg,전주 민트 게스트하우스,전주 민트 게스트하우스,1.0,✔ 복사됨
전주 민트게스트하우스펜션.jpg,전주 민트게스트하우스펜션,전주 민트 게스트하우스,0.88,🚫 복사 안함 (유사도 낮음)
전주 바라한호텔.jpg,전주 바라한호텔,전주 바라한호텔,1.0,✔ 복사됨
전주 백희게스트하우스펜션.jpg,전주 백희게스트하우스펜션,전주 백희게스트하우스펜션,1.0,✔ 복사됨
전주 별둘 자쿠지 독채 펜션.jpg,전주 별둘 자쿠지 독채 펜션,별둘 자쿠지 독채 펜션,0.8889,🚫 복사 안함 (유사도 낮음)
전주 별빛궁 한옥스테이.jpg,전주 별빛궁 한옥스테이,전주 퐁당 한옥스테이,0.7826,🚫 복사 안함 (유사도 낮음)
전주 별빛궁한옥펜션.jpg,전주 별빛궁한옥펜션,전주 해솔한옥펜션,0.7368,🚫 복사 안함 (유사도 낮음)
전주 별빛쉼터 한옥스테이.jpg,전주 별빛쉼터 한옥스테이,전주 퐁당 한옥스테이,0.75,🚫 복사 안함 (유사도 낮음)
전주 별빛쉼터게스트하우스.jpg,전주 별빛쉼터게스트하우스,전주 휴게스트하우스,0.7826,🚫 복사 안함 (유사도 낮음)
전주 별자리 한옥스테이.jpg,전주 별자리 한옥스테이,전주 퐁당 한옥스테이,0.7826,🚫 복사 안함 (유사도 낮음)
전주 별자리한옥스테이펜션.jpg,전주 별자리한옥스테이펜션,전주 교동백작한옥스테이펜션,0.7407,🚫 복사 안함 (유사도 낮음)
전주 별하 게스트하우스.jpg,전주 별하 게스트하우스,전주 하예랑 게스트하우스,0.88,🚫 복사 안함 (유사도 낮음)
전주 별하게스트하우스펜션.jpg,전주 별하게스트하우스펜션,전주 별하게스트하우스펜션,1.0,✔ 복사됨
"전주 봄,하루.jpg","전주 봄,하루",전주 봄 하루,0.8571,🚫 복사 안함 (유사도 낮음)
전주 봄날.jpg,전주 봄날,전주 봄날,1.0,✔ 복사됨
전주 부경당 한옥스테이.jpg,전주 부경당 한옥스테이,전주 부경당 한옥스테이,1.0,✔ 복사됨
전주 분 게스트하우스.jpg,전주 분 게스트하우스,전주 톡 게스트하우스,0.9091,✔ 복사됨
전주 뷰티 호텔.jpg,전주 뷰티 호텔,전주 금암동 뷰티 호텔,0.8,🚫 복사 안함 (유사도 낮음)
전주 브라운도트 덕진점.jpg,전주 브라운도트 덕진점,전주 브라운도트 덕진점,1.0,✔ 복사됨
전주 브라이튼 호텔.jpg,전주 브라이튼 호텔,전주 브라이튼 호텔,1.0,✔ 복사됨
전주 블루보트 게스트하우스.jpg,전주 블루보트 게스트하우스,전주 민트 게스트하우스,0.8462,🚫 복사 안함 (유사도 낮음)
전주 비지트호텔(VIZIT).jpg,전주 비지트호텔(VIZIT),전주 비지트 호텔VIZIT HOTEL,0.7429,🚫 복사 안함 (유사도 낮음)
전주 사계게스트하우스펜션.jpg,전주 사계게스트하우스펜션,전주 게스트하우스휴펜션,0.88,🚫 복사 안함 (유사도 낮음)
전주 사계한옥 스테이.jpg,전주 사계한옥 스테이,전주 한옥 스테이 사라,0.7826,🚫 복사 안함 (유사도 낮음)
전주 사랑가득 한옥스테이.jpg,전주 사랑가득 한옥스테이,전주 사랑루 한옥스테이,0.88,🚫 복사 안함 (유사도 낮음)
전주 사랑나무한옥펜션.jpg,전주 사랑나무한옥펜션,전주 사랑나무한옥펜션,1.0,✔ 복사됨
전주 사랑루 한옥스테이.jpg,전주 사랑루 한옥스테이,전주 사랑루 한옥스테이,1.0,✔ 복사됨
전주 산야초 한옥스테이.jpg,전주 산야초 한옥스테이,전주 산야초 한옥스테이,1.0,✔ 복사됨
전주 산정동 NABI(나비).jpg,전주 산정동 NABI(나비),전주 산정동 태극,0.5833,🚫 복사 안함 (유사도 낮음)
전주 산정동 넘버25 전주산정점.jpg,전주 산정동 넘버25 전주산정점,전주 넘버25 NO.25 산정점,0.6471,🚫 복사 안함 (유사도 낮음)
전주 산정동 달빛소리.jpg,전주 산정동 달빛소리,전주 산정동 아리아,0.7619,🚫 복사 안함 (유사도 낮음)
전주 산정동 돈키호테 드라이브인.jpg,전주 산정동 돈키호테 드라이브인,전주 돈키호테 드라이브인 무인텔,0.7647,🚫 복사 안함 (유사도 낮음)
전주 산정동 료칸호텔-엣지.jpg,전주 산정동 료칸호텔-엣지,전주 료칸호텔엣지,0.7826,🚫 복사 안함 (유사도 낮음)
전주 산정동 바른 숙박 (BARUN STAY).jpg,전주 산정동 바른 숙박 (BARUN STAY),전주 산정동 바른 숙박 (BARUN STAY),1.0,✔ 복사됨
전주 산정동 스테이 호텔.jpg,전주 산정동 스테이 호텔,전주 산정동 제이즈 호텔,0.8462,🚫 복사 안함 (유사도 낮음)
전주 산정동 써밋스테이 호텔.jpg,전주 산정동 써밋스테이 호텔,전주 산정동 제이즈 호텔,0.7857,🚫 복사 안함 (유사도 낮음)
전주 산정동 아늑 호텔.jpg,전주 산정동 아늑 호텔,전주 산정동 아늑 호텔,1.0,✔ 복사됨
전주 산정동 아리아.jpg,전주 산정동 아리아,전주 산정동 아리아,1.0,✔ 복사됨
전주 산정동 에이치에비뉴(H Avenue) 전주아중지구점.jpg,전주 산정동 에이치에비뉴(H Avenue) 전주아중지구점,전주 우아동 브라운도트 전주아중지구점,0.5098,🚫 복사 안함 (유사도 낮음)
전주 산정동 제이브라운 호텔.jpg,전주 산정동 제이브라운 호텔,전주 산정동 제이즈 호텔,0.8571,🚫 복사 안함 (유사도 낮음)
전주 산정동 제이즈 호텔.jpg,전주 산정동 제이즈 호텔,전주 산정동 제이즈 호텔,1.0,✔ 복사됨
전주 산정동 짬.jpg,전주 산정동 짬,전주 산정동 태극,0.8235,🚫 복사 안함 (유사도 낮음)
전주 산정동 첫번째 호텔.jpg,전주 산정동 첫번째 호텔,전주 산정동 첫번째 호텔,1.0,✔ 복사됨
전주 산정동 칸.jpg,전주 산정동 칸,전주 산정동 태극,0.8235,🚫 복사 안함 (유사도 낮음)
전주 산정동 코자자.jpg,전주 산정동 코자자,전주 산정동 코자자,1.0,✔ 복사됨
전주 산정동 큐피트.jpg,전주 산정동 큐피트,전주 산정동 큐피트,1.0,✔ 복사됨
전주 산정동 태극.jpg,전주 산정동 태극,전주 산정동 태극,1.0,✔ 복사됨
전주 산정동 테라.jpg,전주 산정동 테라,전주 산정동 태극,0.7778,🚫 복사 안함 (유사도 낮음)
전주 산정동 플렉스호텔.jpg,전주 산정동 플렉스호텔,전주 플렉스호텔,0.8,🚫 복사 안함 (유사도 낮음)
전주 산정동 하운드호텔 전주아중지구.jpg,전주 산정동 하운드호텔 전주아중지구,하운드호텔 전주아중지구,0.7742,🚫 복사 안함 (유사도 낮음)
전주 산정동 호텔 감스테이.jpg,전주 산정동 호텔 감스테이,전주 호텔 써밋스테이,0.72,🚫 복사 안함 (유사도 낮음)
전주 산정동 호텔 레이나.jpg,전주 산정동 호텔 레이나,전주 산정동 아늑 호텔,0.72,🚫 복사 안함 (유사도 낮음)
전주 산정동 호텔 메이드(HOTEL MADE).jpg,전주 산정동 호텔 메이드(HOTEL MADE),전주 메이드HOTEL MADE,0.7805,🚫 복사 안함 (유사도 낮음)
전주 산정동 호텔 샾(Hotel Sharp).jpg,전주 산정동 호텔 샾(Hotel Sharp),전주 덕진동 호텔 쏘울(Hotel Soul),0.7083,🚫 복사 안함 (유사도 낮음)
전주 산정동 호텔 에비뉴(HOTEL AVENUE).jpg,전주 산정동 호텔 에비뉴(HOTEL AVENUE),전주 중화산동 호텔 인트로(HOTEL INTRO),0.6667,🚫 복사 안함 (유사도 낮음)
전주 산정동 호텔 에이플러스(A+).jpg,전주 산정동 호텔 에이플러스(A+),전주 에이플러스,0.5926,🚫 복사 안함 (유사도 낮음)
전주 산정동 호텔 카누(HOTEL KANU).jpg,전주 산정동 호텔 카누(HOTEL KANU),전주 중화산동 호텔 인트로(HOTEL INTRO),0.7059,🚫 복사 안함 (유사도 낮음)
전주 산정동 호텔토랑.jpg,전주 산정동 호텔토랑,전주 산정동 아늑 호텔,0.7826,🚫 복사 안함 (유사도 낮음)
전주 삼락헌한옥펜션.jpg,전주 삼락헌한옥펜션,전주 삼락헌한옥펜션,1.0,✔ 복사됨
전주 색동저고리 펜션.jpg,전주 색동저고리 펜션,전주 색동저고리 펜션,1.0,✔ 복사됨
전주 생황토방펜션.jpg,전주 생황토방펜션,전주 생황토방펜션,1.0,✔ 복사됨
전주 서노송동 기린장.jpg,전주 서노송동 기린장,전주 서노송동 기린장,1.0,✔ 복사됨
전주 서노송동 코아.jpg,전주 서노송동 코아,전주 서노송동 코아,1.0,✔ 복사됨
전주 서로한옥펜션.jpg,전주 서로한옥펜션,전주 서로 한옥펜션,0.9474,✔ 복사됨
전주 서서학동 나나.jpg,전주 서서학동 나나,전주 서서학동 나나,1.0,✔ 복사됨
전주 서선야 한옥스테이.jpg,전주 서선야 한옥스테이,전주 산야초 한옥스테이,0.8333,🚫 복사 안함 (유사도 낮음)
전주 서신동 투썸스테이.jpg,전주 서신동 투썸스테이,전주 호텔 투썸스테이 중화산점,0.6429,🚫 복사 안함 (유사도 낮음)
전주 서신동 호텔 아지트.jpg,전주 서신동 호텔 아지트,전주 서신동 호텔 아지트,1.0,✔ 복사됨
전주 선물 한옥스테이.jpg,전주 선물 한옥스테이,전주 퐁당 한옥스테이,0.8182,🚫 복사 안함 (유사도 낮음)
전주 성심게스트하우스펜션.jpg,전주 성심게스트하우스펜션,전주 게스트하우스휴펜션,0.88,🚫 복사 안함 (유사도 낮음)
전주 소담소담펜션.jpg,전주 소담소담펜션,전주 소담소담펜션,1.0,✔ 복사됨
전주 소리풍경 펜션.jpg,전주 소리풍경 펜션,전주 단경펜션,0.7059,🚫 복사 안함 (유사도 낮음)
전주 소리풍경 한옥스테이.jpg,전주 소리풍경 한옥스테이,전주 부경당 한옥스테이,0.8,🚫 복사 안함 (유사도 낮음)
전주 소소정.jpg,전주 소소정,전주 소소정,1.0,✔ 복사됨
전주 소소한 한옥.jpg,전주 소소한 한옥,전주 소소한 한옥,1.0,✔ 복사됨
전주 소소한한옥.jpg,전주 소소한한옥,전주 소소한 한옥,0.9412,⚠ 건너뜀 (중복 파일 존재)
전주 솔호텔 (SOL).jpg,전주 솔호텔 (SOL),전주 솔호텔 (SOL),1.0,✔ 복사됨
전주 송천동 호텔 더 그레이(THE GRAY).jpg,전주 송천동 호텔 더 그레이(THE GRAY),전주 덕진동 호텔 와이케이(HOTEL WAIKEI),0.566,🚫 복사 안함 (유사도 낮음)
전주 송천동 호텔 에코스테이.jpg,전주 송천동 호텔 에코스테이,전주 호텔 써밋스테이,0.6923,🚫 복사 안함 (유사도 낮음)
전주 스마일호텔.jpg,전주 스마일호텔,전주 스마일,0.8571,🚫 복사 안함 (유사도 낮음)
전주 스마트24nFG.jpg,전주 스마트24nFG,전주 스마일,0.5882,🚫 복사 안함 (유사도 낮음)
전주 스타호텔.jpg,전주 스타호텔,전주 스타 호텔,0.9333,✔ 복사됨
전주 스테이 한울자쿠지독채펜션.jpg,전주 스테이 한울자쿠지독채펜션,전주 스테이 한울자쿠지독채펜션,1.0,✔ 복사됨
전주 스테이 호텔(stay).jpg,전주 스테이 호텔(stay),전주 스테이 호텔(stay family),0.8108,🚫 복사 안함 (유사도 낮음)
전주 스테이리봄.jpg,전주 스테이리봄,전주 스테이리봄,1.0,✔ 복사됨
전주 스토리모텔.jpg,전주 스토리모텔,전주 스토리,0.8571,🚫 복사 안함 (유사도 낮음)
전주 스페이스셔틀.jpg,전주 스페이스셔틀,전주 이카로스,0.5,🚫 복사 안함 (유사도 낮음)
전주 시간무늬펜션.jpg,전주 시간무늬펜션,전주 꽃무릇펜션,0.7059,🚫 복사 안함 (유사도 낮음)
전주 시그니처 호텔.jpg,전주 시그니처 호텔,전주 시그니처 호텔,1.0,✔ 복사됨
전주 시인과짜몽 게스트하우스.jpg,전주 시인과짜몽 게스트하우스,전주 시인과짜몽 게스트하우스,1.0,✔ 복사됨
전주 시인과짜몽게스트하우스펜션.jpg,전주 시인과짜몽게스트하우스펜션,전주 시인과짜몽 게스트하우스,0.9032,⚠ 건너뜀 (중복 파일 존재)
전주 신시가지 데이나이스.jpg,전주 신시가지 데이나이스,전주 데이나이스,0.7619,🚫 복사 안함 (유사도 낮음)
전주 신시가지 스테이호텔.jpg,전주 신시가지 스테이호텔,전주 신시가지 스테이호텔,1.0,✔ 복사됨
전주 신시가지 씨투.jpg,전주 신시가지 씨투,전주 신시가지 씨투,1.0,✔ 복사됨
전주 신시가지 애플.jpg,전주 신시가지 애플,전주 신시가지 씨투,0.8,🚫 복사 안함 (유사도 낮음)
전주 신시가지 오스카.jpg,전주 신시가지 오스카,전주 신시가지 오스카,1.0,✔ 복사됨
전주 신시가지 제이메이트 호텔.jpg,전주 신시가지 제이메이트 호텔,전주 신시가지 제이메이트 호텔,1.0,✔ 복사됨
전주 신시가지 쿡.jpg,전주 신시가지 쿡,전주 신시가지 씨투,0.8421,🚫 복사 안함 (유사도 낮음)
전주 신시가지 타임.jpg,전주 신시가지 타임,전주 신시가지 씨투,0.8,🚫 복사 안함 (유사도 낮음)
전주 신시가지 호텔 U.jpg,전주 신시가지 호텔 U,전주 신시가지 호텔 아지트,0.8462,🚫 복사 안함 (유사도 낮음)
전주 신시가지 호텔 메세지.jpg,전주 신시가지 호텔 메세지,전주 신시가지 호텔 메세지,1.0,✔ 복사됨
전주 신시가지 호텔 아이.jpg,전주 신시가지 호텔 아이,전주 신시가지 호텔 아지트,0.8889,🚫 복사 안함 (유사도 낮음)
전주 신시가지 호텔 아지트.jpg,전주 신시가지 호텔 아지트,전주 신시가지 호텔 아지트,1.0,✔ 복사됨
전주 신시가지 호텔 팝.jpg,전주 신시가지 호텔 팝,전주 신시가지 호텔 아지트,0.8462,🚫 복사 안함 (유사도 낮음)
전주 신시가지 호텔 폭스-FOX 2.0.jpg,전주 신시가지 호텔 폭스-FOX 2.0,전주 호텔폭스FOX 2.0,0.8,🚫 복사 안함 (유사도 낮음)
전주 신시가지 호텔모아.jpg,전주 신시가지 호텔모아,전주 신시가지 호텔 아지트,0.8462,🚫 복사 안함 (유사도 낮음)
전주 아침스테이.jpg,전주 아침스테이,전주한옥마을 아침스테이,0.8,🚫 복사 안함 (유사도 낮음)
전주 안녕제제 게스트하우스.jpg,전주 안녕제제 게스트하우스,전주 제니홈 게스트하우스,0.8148,🚫 복사 안함 (유사도 낮음)
전주 알지비 게스트하우스.jpg,전주 알지비 게스트하우스,전주 알지비 게스트하우스,1.0,✔ 복사됨
전주 앤 게스트하우스.jpg,전주 앤 게스트하우스,전주 앤 게스트하우스,1.0,✔ 복사됨
전주 어린왕자게스트하우스.jpg,전주 어린왕자게스트하우스,전주 한옥마을 어린왕자 게스트하우스,0.8125,🚫 복사 안함 (유사도 낮음)
전주 어사화 한옥스테이.jpg,전주 어사화 한옥스테이,전주 사랑루 한옥스테이,0.8333,🚫 복사 안함 (유사도 낮음)
전주 어사화.jpg,전주 어사화,전주 어사화,1.0,✔ 복사됨
전주 어울림 한옥스테이.jpg,전주 어울림 한옥스테이,전주 퐁당 한옥스테이,0.7826,🚫 복사 안함 (유사도 낮음)
전주 어울림게스트하우스.jpg,전주 어울림게스트하우스,전주 휴게스트하우스,0.8182,🚫 복사 안함 (유사도 낮음)
전주 에비뉴 호텔.jpg,전주 에비뉴 호텔,전주 에비뉴호텔,0.9412,✔ 복사됨
전주 엑스오 XO 호텔.jpg,전주 엑스오 XO 호텔,전주 엑스오 XO 호텔,1.0,✔ 복사됨
전주 엔브릿지호텔.jpg,전주 엔브릿지호텔,전주 엔브릿지호텔,1.0,✔ 복사됨
전주 엣지호텔.jpg,전주 엣지호텔,전주 호텔유,0.7692,🚫 복사 안함 (유사도 낮음)
전주 여별게스트하우스.jpg,전주 여별게스트하우스,전주 여지 게스트하우스,0.8696,🚫 복사 안함 (유사도 낮음)
전주 여지 게스트하우스.jpg,전주 여지 게스트하우스,전주 여지 게스트하우스,1.0,✔ 복사됨
전주 연우당 한옥스테이.jpg,전주 연우당 한옥스테이,전주 퐁당 한옥스테이,0.8696,🚫 복사 안함 (유사도 낮음)
전주 영하우스.jpg,전주 영하우스,전주 영하우스,1.0,✔ 복사됨
전주 예술인의집 큰주댕이펜션.jpg,전주 예술인의집 큰주댕이펜션,전주 예술인의집 큰주댕이펜션,1.0,✔ 복사됨
전주 예술인의집마담초이펜션.jpg,전주 예술인의집마담초이펜션,전주 예술인의집마담초이펜션,1.0,✔ 복사됨
전주 예원당 한옥스테이.jpg,전주 예원당 한옥스테이,전주 퐁당 한옥스테이,0.8696,🚫 복사 안함 (유사도 낮음)
전주 예원당게스트하우스펜션.jpg,전주 예원당게스트하우스펜션,전주 게스트하우스휴펜션,0.8462,🚫 복사 안함 (유사도 낮음)
전주 오래된미래 게스트하우스.jpg,전주 오래된미래 게스트하우스,전주 오래된미래 게스트하우스,1.0,✔ 복사됨
전주 오페라 21.jpg,전주 오페라 21,전주 오페라 21,1.0,✔ 복사됨
전주 온고을 한옥스테이.jpg,전주 온고을 한옥스테이,전주 온고을 한옥스테이,1.0,✔ 복사됨
전주 옹기종기한옥독채펜션.jpg,전주 옹기종기한옥독채펜션,전주 옹기종기한옥독채펜션,1.0,✔ 복사됨
전주 완산골게스트하우스.jpg,전주 완산골게스트하우스,전주 완산골게스트하우스,1.0,✔ 복사됨
전주 왕의지밀 한옥호텔.jpg,전주 왕의지밀 한옥호텔,전주 왕의지밀 한옥호텔,1.0,✔ 복사됨
전주 우아동 CF(씨에프).jpg,전주 우아동 CF(씨에프),전주 우아동 CF(씨에프),1.0,✔ 복사됨
전주 우아동 D드라이브인 무인텔.jpg,전주 우아동 D드라이브인 무인텔,전주 우아동 D드라이브인 무인텔,1.0,✔ 복사됨
전주 우아동 FX.jpg,전주 우아동 FX,전주 우아동 FX,1.0,✔ 복사됨
전주 우아동 HOTEL SOL(솔).jpg,전주 우아동 HOTEL SOL(솔),전주 우아동 한옥 HOTEL,0.7059,🚫 복사 안함 (유사도 낮음)
전주 우아동 Hotel The VIZIT.jpg,전주 우아동 Hotel The VIZIT,전주 우아동 한옥 HOTEL,0.4865,🚫 복사 안함 (유사도 낮음)
전주 우아동 jazz around 호텔.jpg,전주 우아동 jazz around 호텔,전주 우아동 이츠 호텔,0.6061,🚫 복사 안함 (유사도 낮음)
전주 우아동 래미안.jpg,전주 우아동 래미안,전주 우아동 래미안,1.0,✔ 복사됨
전주 우아동 레드.jpg,전주 우아동 레드,전주 우아동 레드,1.0,✔ 복사됨
전주 우아동 릴렉스호텔.jpg,전주 우아동 릴렉스호텔,전주 릴렉스호텔,0.8,🚫 복사 안함 (유사도 낮음)
전주 우아동 마리호텔.jpg,전주 우아동 마리호텔,전주 우아동 호텔단아,0.8182,🚫 복사 안함 (유사도 낮음)
전주 우아동 맨하탄.jpg,전주 우아동 맨하탄,전주 우아동 맨하탄,1.0,✔ 복사됨
전주 우아동 명품 HOTEL.jpg,전주 우아동 명품 HOTEL,전주 우아동 명품 HOTEL,1.0,✔ 복사됨
전주 우아동 모로코.jpg,전주 우아동 모로코,전주 우아동 모로코,1.0,✔ 복사됨
전주 우아동 박스호텔.jpg,전주 우아동 박스호텔,전주 우아동 호텔단아,0.8182,🚫 복사 안함 (유사도 낮음)
전주 우아동 브라운도트 전주아중지구점.jpg,전주 우아동 브라운도트 전주아중지구점,전주 우아동 브라운도트 전주아중지구점,1.0,✔ 복사됨
전주 우아동 블랙스톤.jpg,전주 우아동 블랙스톤,전주 우아동 블랙스톤,1.0,✔ 복사됨
전주 우아동 센트.jpg,전주 우아동 센트,전주 우아동 센트,1.0,✔ 복사됨
전주 우아동 소울.jpg,전주 우아동 소울,전주 우아동 소울,1.0,✔ 복사됨
전주 우아동 수.jpg,전주 우아동 수,전주 우아동 필,0.875,🚫 복사 안함 (유사도 낮음)
전주 우아동 쉐르빌.jpg,전주 우아동 쉐르빌,전주 우아동 쉐르빌,1.0,✔ 복사됨
전주 우아동 아미르.jpg,전주 우아동 아미르,전주 우아동 아미르,1.0,✔ 복사됨
전주 우아동 어제처럼.jpg,전주 우아동 어제처럼,전주 우아동 어제처럼,1.0,✔ 복사됨
전주 우아동 에이치호텔.jpg,전주 우아동 에이치호텔,전주 우아동 에이치호텔,1.0,✔ 복사됨
전주 우아동 올렛.jpg,전주 우아동 올렛,전주 우아동 올렛,1.0,✔ 복사됨
전주 우아동 우아장.jpg,전주 우아동 우아장,전주 우아동 우아장,1.0,✔ 복사됨
전주 우아동 월드.jpg,전주 우아동 월드,전주 우아동 월드,1.0,✔ 복사됨
전주 우아동 이츠 호텔.jpg,전주 우아동 이츠 호텔,전주 우아동 이츠 호텔,1.0,✔ 복사됨
전주 우아동 인터네셔널 호스텔.jpg,전주 우아동 인터네셔널 호스텔,전주 우아동 이츠 호텔,0.7143,🚫 복사 안함 (유사도 낮음)
전주 우아동 임페리얼.jpg,전주 우아동 임페리얼,전주 우아동 임페리얼,1.0,✔ 복사됨
전주 우아동 첫마중.jpg,전주 우아동 첫마중,전주 우아동 첫마중,1.0,✔ 복사됨
전주 우아동 청담.jpg,전주 우아동 청담,전주 우아동 청담,1.0,✔ 복사됨
전주 우아동 큐브 505 (CUBE 505).jpg,전주 우아동 큐브 505 (CUBE 505),전주 우아동 큐브 505 (CUBE 505),1.0,✔ 복사됨
전주 우아동 프린스.jpg,전주 우아동 프린스,전주 우아동 프린스,1.0,✔ 복사됨
전주 우아동 필.jpg,전주 우아동 필,전주 우아동 필,1.0,✔ 복사됨
전주 우아동 하얏트.jpg,전주 우아동 하얏트,전주 우아동 하얏트,1.0,✔ 복사됨
전주 우아동 한옥 HOTEL.jpg,전주 우아동 한옥 HOTEL,전주 우아동 한옥 HOTEL,1.0,✔ 복사됨
전주 우아동 호텔 노이(HOTEL NEUE).jpg,전주 우아동 호텔 노이(HOTEL NEUE),전주 금암동 호텔 화이트(HOTEL WHITE),0.72,🚫 복사 안함 (유사도 낮음)
전주 우아동 호텔 늘.jpg,전주 우아동 호텔 늘,전주 우아동 호텔 젠,0.9091,✔ 복사됨
전주 우아동 호텔 라임(HOTEL LIME).jpg,전주 우아동 호텔 라임(HOTEL LIME),전주 금암동 호텔 화이트(HOTEL WHITE),0.72,🚫 복사 안함 (유사도 낮음)
전주 우아동 호텔 루나.jpg,전주 우아동 호텔 루나,전주 우아동 호텔 젠,0.8696,🚫 복사 안함 (유사도 낮음)
전주 우아동 호텔 야.jpg,전주 우아동 호텔 야,전주 우아동 호텔 야,1.0,✔ 복사됨
전주 우아동 호텔 어반스테이 아중점.jpg,전주 우아동 호텔 어반스테이 아중점,전주 호텔 어반스테이아중점,0.8485,🚫 복사 안함 (유사도 낮음)
전주 우아동 호텔 위너(HOTEL WINNER).jpg,전주 우아동 호텔 위너(HOTEL WINNER),전주 금암동 호텔 화이트(HOTEL WHITE),0.7308,🚫 복사 안함 (유사도 낮음)
전주 우아동 호텔 자우리.jpg,전주 우아동 호텔 자우리,전주 우아동 호텔 젠,0.8333,🚫 복사 안함 (유사도 낮음)
전주 우아동 호텔 젠.jpg,전주 우아동 호텔 젠,전주 우아동 호텔 젠,1.0,⚠ 건너뜀 (중복 파일 존재)
전주 우아동 호텔 캐슬.jpg,전주 우아동 호텔 캐슬,전주 우아동 호텔 캐슬,1.0,✔ 복사됨
전주 우아동 호텔 투나잇(HOTEL 2NIGHT).jpg,전주 우아동 호텔 투나잇(HOTEL 2NIGHT),전주 금암동 호텔 화이트(HOTEL WHITE),0.6792,🚫 복사 안함 (유사도 낮음)
전주 우아동 호텔단아.jpg,전주 우아동 호텔단아,전주 우아동 호텔단아,1.0,✔ 복사됨
전주 웨이.jpg,전주 웨이,전주 더케이,0.7273,🚫 복사 안함 (유사도 낮음)
전주 윈.jpg,전주 윈,전주 윈,1.0,✔ 복사됨
전주 유정 게스트하우스.jpg,전주 유정 게스트하우스,전주 톡 게스트하우스,0.8696,🚫 복사 안함 (유사도 낮음)
전주 은행로 86.2 게스트하우스.jpg,전주 은행로 86.2 게스트하우스,전주 은행로 86.2 게스트하우스,1.0,✔ 복사됨
전주 이목대 게스트하우스.jpg,전주 이목대 게스트하우스,전주 이목대 게스트하우스,1.0,✔ 복사됨
전주 이오당펜션.jpg,전주 이오당펜션,전주 이오당펜션,1.0,✔ 복사됨
전주 이화원힐링공간독채펜션.jpg,전주 이화원힐링공간독채펜션,전주 이화원힐링공간독채펜션,1.0,✔ 복사됨
전주 인디고펜션.jpg,전주 인디고펜션,전주 루와펜션,0.6667,🚫 복사 안함 (유사도 낮음)
전주 인재고택 학인당 Heritage Stay.jpg,전주 인재고택 학인당 Heritage Stay,전주 인재고택 학인당 Heritage Stay,1.0,✔ 복사됨
전주 인터내셔널 호스텔.jpg,전주 인터내셔널 호스텔,전주 타임 호텔,0.6,🚫 복사 안함 (유사도 낮음)
전주 인터내셔널호스텔펜션.jpg,전주 인터내셔널호스텔펜션,전주 호텔유,0.5263,🚫 복사 안함 (유사도 낮음)
전주 인후동 뉴하얏트.jpg,전주 인후동 뉴하얏트,전주 인후동 뉴하얏트,1.0,✔ 복사됨
전주 인후동 라임 무인텔.jpg,전주 인후동 라임 무인텔,전주 인후동 라임 무인텔,1.0,✔ 복사됨
전주 자만재 게스트하우스.jpg,전주 자만재 게스트하우스,전주 자요 게스트하우스,0.88,🚫 복사 안함 (유사도 낮음)
전주 자만재.jpg,전주 자만재,전주한옥마을 자만재,0.75,🚫 복사 안함 (유사도 낮음)
전주 자요 게스트하우스.jpg,전주 자요 게스트하우스,전주 자요 게스트하우스,1.0,✔ 복사됨
전주 재즈어라운드 호텔.jpg,전주 재즈어라운드 호텔,전주 재즈어라운드 호텔,1.0,✔ 복사됨
전주 전주이야기펜션.jpg,전주 전주이야기펜션,전주 전주이야기펜션,1.0,✔ 복사됨
전주 전주하숙.jpg,전주 전주하숙,전주 전주하숙,1.0,✔ 복사됨
전주 전주한옥마을웨이펜션.jpg,전주 전주한옥마을웨이펜션,전주 한옥마을이화고택펜션,0.7692,🚫 복사 안함 (유사도 낮음)
전주 전주한옥온유.jpg,전주 전주한옥온유,전주 전주한옥온유,1.0,✔ 복사됨
전주 정가한옥 & 더정가 스테이.jpg,전주 정가한옥 & 더정가 스테이,전주 한옥 스테이 사라,0.6207,🚫 복사 안함 (유사도 낮음)
전주 정가한옥스테이.jpg,전주 정가한옥스테이,전주 명문가 한옥스테이,0.8182,🚫 복사 안함 (유사도 낮음)
전주 정담전통한옥펜션.jpg,전주 정담전통한옥펜션,전주 정담전통한옥펜션,1.0,✔ 복사됨
전주 제니홈 게스트하우스.jpg,전주 제니홈 게스트하우스,전주 제니홈 게스트하우스,1.0,✔ 복사됨
전주 제니홈 전주게스트하우스펜션.jpg,전주 제니홈 전주게스트하우스펜션,전주 제니홈 게스트하우스,0.8667,🚫 복사 안함 (유사도 낮음)
전주 제인당.jpg,전주 제인당,전주 제인당,1.0,✔ 복사됨
전주 제인당풍남동점펜션.jpg,전주 제인당풍남동점펜션,전주 제인당풍남동점펜션,1.0,✔ 복사됨
전주 좋은날 한옥스테이.jpg,전주 좋은날 한옥스테이,전주 퐁당 한옥스테이,0.7826,🚫 복사 안함 (유사도 낮음)
전주 좋은날한옥펜션.jpg,전주 좋은날한옥펜션,전주 해솔한옥펜션,0.7368,🚫 복사 안함 (유사도 낮음)
전주 중노송동 파인.jpg,전주 중노송동 파인,전주 중노송동 파인,1.0,✔ 복사됨
전주 중앙동 감영루 한옥텔.jpg,전주 중앙동 감영루 한옥텔,전주 한옥마을 감영루,0.56,🚫 복사 안함 (유사도 낮음)
전주 중앙동 라온 호텔.jpg,전주 중앙동 라온 호텔,전주 라온 호텔,0.8,🚫 복사 안함 (유사도 낮음)
전주 중앙동 한옥호텔 궁.jpg,전주 중앙동 한옥호텔 궁,전주 한옥호텔 궁,0.8182,🚫 복사 안함 (유사도 낮음)
전주 중화산동 MH HOTEL 중화산점.jpg,전주 중화산동 MH HOTEL 중화산점,전주 MH HOTEL 중화산동점,0.8421,🚫 복사 안함 (유사도 낮음)
전주 중화산동 Q.jpg,전주 중화산동 Q,전주 중화산동 Q,1.0,✔ 복사됨
전주 중화산동 YAJA 중화산점.jpg,전주 중화산동 YAJA 중화산점,전주 금암동 YAJA 전주터미널점,0.6286,🚫 복사 안함 (유사도 낮음)
전주 중화산동 라베호텔(LABE HOTEL).jpg,전주 중화산동 라베호텔(LABE HOTEL),전주 라베호텔(LABE HOTEL),0.8837,🚫 복사 안함 (유사도 낮음)
전주 중화산동 로데오.jpg,전주 중화산동 로데오,전주 중화산동 로데오,1.0,✔ 복사됨
전주 중화산동 루이.jpg,전주 중화산동 루이,전주 중화산동 Q,0.8421,🚫 복사 안함 (유사도 낮음)
전주 중화산동 몽블랑.jpg,전주 중화산동 몽블랑,전주 중화산동 Q,0.8,🚫 복사 안함 (유사도 낮음)
전주 중화산동 브라운도트 전주중화산점.jpg,전주 중화산동 브라운도트 전주중화산점,전주 브라운도트 중화산동점,0.7647,🚫 복사 안함 (유사도 낮음)
전주 중화산동 브라이튼 호텔(BRIGHTEN HOTEL).jpg,전주 중화산동 브라이튼 호텔(BRIGHTEN HOTEL),전주 라베호텔(LABE HOTEL),0.64,🚫 복사 안함 (유사도 낮음)
전주 중화산동 스타 호텔(star hotel).jpg,전주 중화산동 스타 호텔(star hotel),전주 스테이 호텔(stay family),0.5957,🚫 복사 안함 (유사도 낮음)
전주 중화산동 스페셜.jpg,전주 중화산동 스페셜,전주 중화산동 스페셜,1.0,✔ 복사됨
전주 중화산동 알프스.jpg,전주 중화산동 알프스,전주 중화산동 알프스,1.0,✔ 복사됨
전주 중화산동 엘도라도.jpg,전주 중화산동 엘도라도,전주 중화산동 Q,0.7619,🚫 복사 안함 (유사도 낮음)
전주 중화산동 엘림호텔.jpg,전주 중화산동 엘림호텔,전주 중화산동 투썸호텔,0.8333,🚫 복사 안함 (유사도 낮음)
전주 중화산동 카마호텔.jpg,전주 중화산동 카마호텔,전주 중화산동 투썸호텔,0.8333,🚫 복사 안함 (유사도 낮음)
전주 중화산동 투썸스테이.jpg,전주 중화산동 투썸스테이,전주 중화산동 투썸호텔,0.8,🚫 복사 안함 (유사도 낮음)
전주 중화산동 투썸호텔.jpg,전주 중화산동 투썸호텔,전주 중화산동 투썸호텔,1.0,✔ 복사됨
전주 중화산동 파라다이스.jpg,전주 중화산동 파라다이스,전주 중화산동 파라다이스,1.0,✔ 복사됨
전주 중화산동 포레 호텔.jpg,전주 중화산동 포레 호텔,전주 중화산동 투썸호텔,0.8,🚫 복사 안함 (유사도 낮음)
전주 중화산동 프린스.jpg,전주 중화산동 프린스,전주 중화산동 프린스,1.0,✔ 복사됨
전주 중화산동 호텔 더 케이.jpg,전주 중화산동 호텔 더 케이,전주 중화산동 투썸호텔,0.7407,🚫 복사 안함 (유사도 낮음)
전주 중화산동 호텔 루고(RUGO).jpg,전주 중화산동 호텔 루고(RUGO),전주 중화산동 호텔 루고(RUGO),1.0,✔ 복사됨
전주 중화산동 호텔 시그니처 (Signature).jpg,전주 중화산동 호텔 시그니처 (Signature),전주 호텔 시그니처Signature,0.8261,🚫 복사 안함 (유사도 낮음)
전주 중화산동 호텔 시그니처.jpg,전주 중화산동 호텔 시그니처,전주 중화산동 투썸호텔,0.7407,🚫 복사 안함 (유사도 낮음)
전주 중화산동 호텔 인트로(HOTEL INTRO).jpg,전주 중화산동 호텔 인트로(HOTEL INTRO),전주 중화산동 호텔 인트로(HOTEL INTRO),1.0,✔ 복사됨
전주 중화산동 호텔사운즈.jpg,전주 중화산동 호텔사운즈,전주 중화산동 투썸호텔,0.8,🚫 복사 안함 (유사도 낮음)
전주 중화산동 화려한외출Ⅱ.jpg,전주 중화산동 화려한외출Ⅱ,전주 중화산동 화려한외출Ⅱ,1.0,✔ 복사됨
전주 진북동 경동.jpg,전주 진북동 경동,전주 진북동 경동,1.0,✔ 복사됨
전주 진북동 도당하우스.jpg,전주 진북동 도당하우스,전주 진북동 도당하우스,1.0,✔ 복사됨
전주 진북동 장미.jpg,전주 진북동 장미,전주 진북동 장미,1.0,✔ 복사됨
전주 진북동 하얀.jpg,전주 진북동 하얀,전주 진북동 하얀,1.0,✔ 복사됨
전주 참다원 한옥스테이.jpg,전주 참다원 한옥스테이,전주 몽유화원 한옥스테이,0.8,🚫 복사 안함 (유사도 낮음)
전주 참다원펜션.jpg,전주 참다원펜션,전주 루와펜션,0.6667,🚫 복사 안함 (유사도 낮음)
전주 천년의아침 한옥스테이.jpg,전주 천년의아침 한옥스테이,전주 천년의아침,0.7273,🚫 복사 안함 (유사도 낮음)
전주 천년의아침한옥펜션.jpg,전주 천년의아침한옥펜션,전주 천년의아침,0.8,🚫 복사 안함 (유사도 낮음)
전주 천동로선우가.jpg,전주 천동로선우가,전주 천동로선우가,1.0,✔ 복사됨
전주 청나루한옥펜션.jpg,전주 청나루한옥펜션,전주 청나루한옥펜션,1.0,✔ 복사됨
전주 청사초롱 태조로점.jpg,전주 청사초롱 태조로점,전주 청사초롱 태조로점,1.0,✔ 복사됨
전주 취락당 펜션.jpg,전주 취락당 펜션,전주 해밀 펜션,0.7059,🚫 복사 안함 (유사도 낮음)
전주 취락당 한옥스테이.jpg,전주 취락당 한옥스테이,전주 퐁당 한옥스테이,0.8696,🚫 복사 안함 (유사도 낮음)
전주 카마호텔.jpg,전주 카마호텔,전주 카마호텔,1.0,✔ 복사됨
전주 태조마루 한옥스테이.jpg,전주 태조마루 한옥스테이,전주 사랑루 한옥스테이,0.8,🚫 복사 안함 (유사도 낮음)
전주 태조마루펜션.jpg,전주 태조마루펜션,전주 루와펜션,0.75,🚫 복사 안함 (유사도 낮음)
전주 태평동 케이비호텔.jpg,전주 태평동 케이비호텔,전주 태평동 케이비호텔,1.0,✔ 복사됨
전주 톡 게스트하우스.jpg,전주 톡 게스트하우스,전주 톡 게스트하우스,1.0,⚠ 건너뜀 (중복 파일 존재)
전주 투헤븐호텔.jpg,전주 투헤븐호텔,전주 호텔유,0.7143,🚫 복사 안함 (유사도 낮음)
전주 퐁당 한옥스테이.jpg,전주 퐁당 한옥스테이,전주 퐁당 한옥스테이,1.0,✔ 복사됨
전주 푸른솔펜션.jpg,전주 푸른솔펜션,전주 푸른솔펜션,1.0,✔ 복사됨
전주 푸른요람 한옥스테이.jpg,전주 푸른요람 한옥스테이,전주 퐁당 한옥스테이,0.75,🚫 복사 안함 (유사도 낮음)
전주 푸실한옥스테이펜션.jpg,전주 푸실한옥스테이펜션,전주 푸실 한옥펜션,0.8182,🚫 복사 안함 (유사도 낮음)
전주 풍남가족호텔(구.풍남관광호텔).jpg,전주 풍남가족호텔(구.풍남관광호텔),전주 풍남가족호텔(구.풍남관광호텔),1.0,✔ 복사됨
전주 풍류헌 한옥스테이.jpg,전주 풍류헌 한옥스테이,전주 퐁당 한옥스테이,0.7826,🚫 복사 안함 (유사도 낮음)
전주 풍류헌독채펜션.jpg,전주 풍류헌독채펜션,전주 행복헌한옥독채펜션,0.7273,🚫 복사 안함 (유사도 낮음)
전주 하늘풍경펜션.jpg,전주 하늘풍경펜션,전주 단경펜션,0.75,🚫 복사 안함 (유사도 낮음)
전주 하루 감성한옥.jpg,전주 하루 감성한옥,전주 정가 한옥,0.6667,🚫 복사 안함 (유사도 낮음)
전주 하예랑 게스트하우스.jpg,전주 하예랑 게스트하우스,전주 하예랑 게스트하우스,1.0,✔ 복사됨
전주 하운드호텔 덕진점.jpg,전주 하운드호텔 덕진점,전주 하운드호텔덕진점,0.9565,✔ 복사됨
전주 한빛호텔.jpg,전주 한빛호텔,전주 한빛호텔,1.0,✔ 복사됨
전주 한옥 스테이 사라.jpg,전주 한옥 스테이 사라,전주 한옥 스테이 사라,1.0,✔ 복사됨
전주 한옥 이택구 사랑채 펜션.jpg,전주 한옥 이택구 사랑채 펜션,전주 한옥 이택구 사랑채 펜션,1.0,✔ 복사됨
전주 한옥고택고을.jpg,전주 한옥고택고을,전주 한옥마을 한옥고택 고을,0.75,🚫 복사 안함 (유사도 낮음)
전주 한옥고희.jpg,전주 한옥고희,전주 한옥마을 고희,0.8235,🚫 복사 안함 (유사도 낮음)
전주 한옥고희펜션.jpg,전주 한옥고희펜션,전주 해솔한옥펜션,0.7778,🚫 복사 안함 (유사도 낮음)
전주 한옥다락 스테이 1호점.jpg,전주 한옥다락 스테이 1호점,전주 한옥 스테이 사라,0.7407,🚫 복사 안함 (유사도 낮음)
전주 한옥독채 하현.jpg,전주 한옥독채 하현,전주 한옥 독채 꽃마르트,0.6957,🚫 복사 안함 (유사도 낮음)
전주 한옥마당 스테이.jpg,전주 한옥마당 스테이,전주한옥마을 아침스테이,0.7826,🚫 복사 안함 (유사도 낮음)
전주 한옥마당 펜션.jpg,전주 한옥마당 펜션,전주 한옥마당예쁜집펜션,0.8182,🚫 복사 안함 (유사도 낮음)
전주 한옥마당예쁜집펜션.jpg,전주 한옥마당예쁜집펜션,전주 한옥마당예쁜집펜션,1.0,✔ 복사됨
전주 한옥마루펜션.jpg,전주 한옥마루펜션,전주 한옥마을장수펜션,0.8,🚫 복사 안함 (유사도 낮음)
전주 한옥마을 STAY윤슬 독채펜션.jpg,전주 한옥마을 STAY윤슬 독채펜션,전주 한옥마을 서쪽 독채,0.6875,🚫 복사 안함 (유사도 낮음)
전주 한옥마을 건축문화상 수상한 이가한옥 펜션.jpg,전주 한옥마을 건축문화상 수상한 이가한옥 펜션,전주 한옥마을박가네한옥펜션,0.6154,🚫 복사 안함 (유사도 낮음)
전주 한옥마을 경복궁.jpg,전주 한옥마을 경복궁,전주 한옥마을 경복궁,1.0,✔ 복사됨
전주 한옥마을 공간의미 독채펜션.jpg,전주 한옥마을 공간의미 독채펜션,전주한옥마을 공간의미 독채펜션,0.9697,✔ 복사됨
전주 한옥마을 그여자네집한옥독채펜션.jpg,전주 한옥마을 그여자네집한옥독채펜션,전주 그여자네집 독채펜션,0.75,🚫 복사 안함 (유사도 낮음)
전주 한옥마을 근수네초가집펜션.jpg,전주 한옥마을 근수네초가집펜션,전주 한옥마을 근수네초가집펜션,1.0,✔ 복사됨
전주 한옥마을 김명옥 별장펜션.jpg,전주 한옥마을 김명옥 별장펜션,전주한옥마을 김명옥 별장펜션,0.9677,✔ 복사됨
전주 한옥마을 꼴 게스트하우스.jpg,전주 한옥마을 꼴 게스트하우스,전주 한옥마을 꼴 게스트하우스,1.0,✔ 복사됨
전주 한옥마을 나무그늘펜션.jpg,전주 한옥마을 나무그늘펜션,전주 한옥마을 나무그늘펜션,1.0,✔ 복사됨
전주 한옥마을 네스트175 자쿠지 독채펜션.jpg,전주 한옥마을 네스트175 자쿠지 독채펜션,전주 해피니스온 자쿠지 독채 펜션,0.6341,🚫 복사 안함 (유사도 낮음)
전주 한옥마을 늘품호텔.jpg,전주 한옥마을 늘품호텔,전주 한옥마을 늘품호텔,1.0,✔ 복사됨
전주 한옥마을 달달잠독채펜션.jpg,전주 한옥마을 달달잠독채펜션,전주한옥마을 달달잠 독채 펜션,0.9032,✔ 복사됨
전주 한옥마을 더정가스테이.jpg,전주 한옥마을 더정가스테이,전주한옥마을 아침스테이,0.7692,🚫 복사 안함 (유사도 낮음)
전주 한옥마을 덕수궁 한옥스테이.jpg,전주 한옥마을 덕수궁 한옥스테이,전주 한옥마을숙박 꿈 한옥스테이,0.8235,🚫 복사 안함 (유사도 낮음)
전주 한옥마을 독채 강령전.jpg,전주 한옥마을 독채 강령전,전주 한옥마을 강령전,0.88,🚫 복사 안함 (유사도 낮음)
전주 한옥마을 사진작가의집 오목헌.jpg,전주 한옥마을 사진작가의집 오목헌,전주 한옥마을 오목헌,0.7586,🚫 복사 안함 (유사도 낮음)
전주 한옥마을 산민재펜션.jpg,전주 한옥마을 산민재펜션,전주 한옥마을 산민재펜션,1.0,✔ 복사됨
전주 한옥마을 산아래 펜션.jpg,전주 한옥마을 산아래 펜션,전주 한옥마을 산아래,0.88,🚫 복사 안함 (유사도 낮음)
전주 한옥마을 스테이선선.jpg,전주 한옥마을 스테이선선,전주한옥마을 아침스테이,0.8,🚫 복사 안함 (유사도 낮음)
전주 한옥마을 어린왕자 게스트하우스.jpg,전주 한옥마을 어린왕자 게스트하우스,전주 한옥마을 어린왕자 게스트하우스,1.0,✔ 복사됨
전주 한옥마을 예당한옥펜션.jpg,전주 한옥마을 예당한옥펜션,전주 한옥마을 예당한옥펜션,1.0,✔ 복사됨
전주 한옥마을 예술가의집 시간무늬펜션.jpg,전주 한옥마을 예술가의집 시간무늬펜션,전주한옥마을 예술가의집 시간무늬,0.9189,✔ 복사됨
전주 한옥마을 이화원고택펜션.jpg,전주 한옥마을 이화원고택펜션,전주 한옥마을 이화원고택펜션,1.0,✔ 복사됨
전주 한옥마을 인디고.jpg,전주 한옥마을 인디고,전주 한옥마을 인디고,1.0,✔ 복사됨
전주 한옥마을 일락당사랑채펜션.jpg,전주 한옥마을 일락당사랑채펜션,전주 한옥마을 일락당사랑채펜션,1.0,✔ 복사됨
전주 한옥마을 풍경게스트앤호텔.jpg,전주 한옥마을 풍경게스트앤호텔,전주 한옥마을 풍경게스트앤호텔,1.0,✔ 복사됨
전주 한옥마을 풍남주택펜션.jpg,전주 한옥마을 풍남주택펜션,전주한옥마을 풍남주택,0.88,🚫 복사 안함 (유사도 낮음)
전주 한옥마을 한옥독채풀빌라스테이소월.jpg,전주 한옥마을 한옥독채풀빌라스테이소월,전주 한옥마을 한옥독채풀빌라스테이소월,1.0,✔ 복사됨
전주 한옥마을 한옥미쁨.jpg,전주 한옥마을 한옥미쁨,전주 한옥마을 한옥미쁨,1.0,✔ 복사됨
전주 한옥마을 한옥숙박예쁘다펜션.jpg,전주 한옥마을 한옥숙박예쁘다펜션,전주 한옥마을 한옥숙박예쁘다펜션,1.0,✔ 복사됨
전주 한옥마을 호스텔 Ark.jpg,전주 한옥마을 호스텔 Ark,전주 한옥마을 호스텔 Ark,1.0,✔ 복사됨
전주 한옥마을객리단길독채펜션.jpg,전주 한옥마을객리단길독채펜션,전주 한옥마을객리단길독채펜션,1.0,✔ 복사됨
전주 한옥마을고현당한옥펜션.jpg,전주 한옥마을고현당한옥펜션,전주 한옥마을금원당한옥펜션,0.8571,🚫 복사 안함 (유사도 낮음)
전주 한옥마을그리고봄펜션.jpg,전주 한옥마을그리고봄펜션,전주 한옥마을한옥그곳펜션,0.7692,🚫 복사 안함 (유사도 낮음)
전주 한옥마을금원당한옥펜션.jpg,전주 한옥마을금원당한옥펜션,전주 한옥마을금원당한옥펜션,1.0,✔ 복사됨
전주 한옥마을김명옥숙박문화관펜션.jpg,전주 한옥마을김명옥숙박문화관펜션,전주 한옥마을김명옥숙박문화관펜션,1.0,✔ 복사됨
전주 한옥마을너울가지.jpg,전주 한옥마을너울가지,전주 한옥마을 너울가지,0.9565,✔ 복사됨
전주 한옥마을담소황토펜션.jpg,전주 한옥마을담소황토펜션,전주 한옥마을담소황토펜션,1.0,✔ 복사됨
전주 한옥마을덕수궁펜션.jpg,전주 한옥마을덕수궁펜션,전주 한옥마을장수펜션,0.8696,🚫 복사 안함 (유사도 낮음)
전주 한옥마을도화서가스테이독채펜션.jpg,전주 한옥마을도화서가스테이독채펜션,전주 한옥마을도화서가스테이독채펜션,1.0,✔ 복사됨
전주 한옥마을돼지꿈한옥펜션.jpg,전주 한옥마을돼지꿈한옥펜션,전주 한옥마을돼지꿈한옥펜션,1.0,✔ 복사됨
전주 한옥마을박가네한옥펜션.jpg,전주 한옥마을박가네한옥펜션,전주 한옥마을박가네한옥펜션,1.0,✔ 복사됨
전주 한옥마을부용헌펜션.jpg,전주 한옥마을부용헌펜션,전주 한옥마을부용헌펜션,1.0,✔ 복사됨
전주 한옥마을비하녹.jpg,전주 한옥마을비하녹,전주 한옥마을 비하녹,0.9524,✔ 복사됨
전주 한옥마을사랑가득펜션.jpg,전주 한옥마을사랑가득펜션,전주 한옥마을 사랑가득,0.88,🚫 복사 안함 (유사도 낮음)
전주 한옥마을서쪽독채펜션.jpg,전주 한옥마을서쪽독채펜션,전주 한옥마을 서쪽 독채,0.8462,🚫 복사 안함 (유사도 낮음)
전주 한옥마을숙박 가인당 안채.jpg,전주 한옥마을숙박 가인당 안채,전주 한옥마을 가인당 안채,0.9333,✔ 복사됨
전주 한옥마을숙박 가인당.jpg,전주 한옥마을숙박 가인당,전주 한옥마을숙박 가인당,1.0,✔ 복사됨
전주 한옥마을숙박 꿈 한옥스테이.jpg,전주 한옥마을숙박 꿈 한옥스테이,전주 한옥마을숙박 꿈 한옥스테이,1.0,✔ 복사됨
전주 한옥마을숙박 꿈펜션.jpg,전주 한옥마을숙박 꿈펜션,전주 한옥마을숙박모란펜션,0.8462,🚫 복사 안함 (유사도 낮음)
전주 한옥마을숙박 알콩달콩다락방펜션.jpg,전주 한옥마을숙박 알콩달콩다락방펜션,전주 한옥마을 알콩달콩 다락방,0.8571,🚫 복사 안함 (유사도 낮음)
전주 한옥마을숙박 향촌펜션.jpg,전주 한옥마을숙박 향촌펜션,전주 한옥마을숙박모란펜션,0.8148,🚫 복사 안함 (유사도 낮음)
전주 한옥마을숙박모란펜션.jpg,전주 한옥마을숙박모란펜션,전주 한옥마을숙박모란펜션,1.0,✔ 복사됨
전주 한옥마을스테이하루애견동반가능펜션.jpg,전주 한옥마을스테이하루애견동반가능펜션,전주 한옥마을하늘애한옥펜션,0.6471,🚫 복사 안함 (유사도 낮음)
전주 한옥마을이화고택펜션.jpg,전주 한옥마을이화고택펜션,전주 한옥마을이화고택펜션,1.0,✔ 복사됨
전주 한옥마을장수펜션.jpg,전주 한옥마을장수펜션,전주 한옥마을장수펜션,1.0,✔ 복사됨
전주 한옥마을지우당한옥독채펜션.jpg,전주 한옥마을지우당한옥독채펜션,전주 한옥마을지우당한옥독채펜션,1.0,✔ 복사됨
전주 한옥마을타샤의정원독채펜션.jpg,전주 한옥마을타샤의정원독채펜션,전주 한옥마을타샤의정원독채펜션,1.0,✔ 복사됨
전주 한옥마을풍남헌고택펜션.jpg,전주 한옥마을풍남헌고택펜션,전주 한옥마을풍남헌고택펜션,1.0,✔ 복사됨
전주 한옥마을하늘기와.jpg,전주 한옥마을하늘기와,전주한옥마을 하늘기와,0.9091,✔ 복사됨
전주 한옥마을하늘애한옥펜션.jpg,전주 한옥마을하늘애한옥펜션,전주 한옥마을하늘애한옥펜션,1.0,✔ 복사됨
전주 한옥마을한옥그곳펜션.jpg,전주 한옥마을한옥그곳펜션,전주 한옥마을한옥그곳펜션,1.0,✔ 복사됨
전주 한옥마을한옥미담게스트하우스.jpg,전주 한옥마을한옥미담게스트하우스,전주 한옥마을 분 게스트하우스,0.7879,🚫 복사 안함 (유사도 낮음)
전주 한옥마을홍시한옥펜션.jpg,전주 한옥마을홍시한옥펜션,전주 한옥마을홍시한옥펜션,1.0,✔ 복사됨
전주 한옥만화정한식밥상펜션.jpg,전주 한옥만화정한식밥상펜션,전주 한옥만화정한식밥상펜션,1.0,✔ 복사됨
전주 한옥미담 스테이.jpg,전주 한옥미담 스테이,전주 한옥 스테이 사라,0.7826,🚫 복사 안함 (유사도 낮음)
전주 한옥미쁨펜션.jpg,전주 한옥미쁨펜션,전주 해솔한옥펜션,0.7778,🚫 복사 안함 (유사도 낮음)
전주 한옥솔솔 스테이.jpg,전주 한옥솔솔 스테이,전주 한옥 스테이 사라,0.7826,🚫 복사 안함 (유사도 낮음)
전주 한옥솔솔펜션.jpg,전주 한옥솔솔펜션,전주 해솔한옥펜션,0.7778,🚫 복사 안함 (유사도 낮음)
전주 한옥숙박체험관.jpg,전주 한옥숙박체험관,전주 한옥숙박체험관,1.0,✔ 복사됨
전주 한옥스테이담길.jpg,전주 한옥스테이담길,전주 한옥스테이담길,1.0,✔ 복사됨
전주 한옥안 하루한팀펜션.jpg,전주 한옥안 하루한팀펜션,전주 한옥안 하루한팀펜션,1.0,✔ 복사됨
전주 한옥이야기 스테이.jpg,전주 한옥이야기 스테이,전주 한옥 스테이 사라,0.75,🚫 복사 안함 (유사도 낮음)
전주 한옥이야기펜션.jpg,전주 한옥이야기펜션,전주 한옥이야기펜션,1.0,✔ 복사됨
전주 한옥초정전주한옥마을.jpg,전주 한옥초정전주한옥마을,전주 한옥초정전주한옥마을,1.0,✔ 복사됨
전주 한옥토박이펜션.jpg,전주 한옥토박이펜션,전주 한옥토박이펜션,1.0,✔ 복사됨
전주 한옥펜션 첼로네.jpg,전주 한옥펜션 첼로네,전주 한옥펜션 첼로네,1.0,✔ 복사됨
전주 한옥호텔 궁.jpg,전주 한옥호텔 궁,전주 한옥호텔 궁,1.0,✔ 복사됨
전주 한옥호텔 태조궁.jpg,전주 한옥호텔 태조궁,전주 한옥호텔 태조궁,1.0,✔ 복사됨
전주 해밀펜션.jpg,전주 해밀펜션,전주 해밀 펜션,0.9333,✔ 복사됨
전주 해솔한옥펜션.jpg,전주 해솔한옥펜션,전주 해솔한옥펜션,1.0,✔ 복사됨
전주 해피니스온자쿠지독채펜션(애견동반가능).jpg,전주 해피니스온자쿠지독채펜션(애견동반가능),전주 해피니스온 자쿠지 독채 펜션,0.7317,🚫 복사 안함 (유사도 낮음)
전주 행복가득 한옥스테이.jpg,전주 행복가득 한옥스테이,전주 명문가 한옥스테이,0.8,🚫 복사 안함 (유사도 낮음)
전주 행복가득한옥펜션.jpg,전주 행복가득한옥펜션,전주 행복헌한옥독채펜션,0.7826,🚫 복사 안함 (유사도 낮음)
전주 행복헌한옥독채펜션.jpg,전주 행복헌한옥독채펜션,전주 행복헌한옥독채펜션,1.0,✔ 복사됨
전주 향교길선우가펜션.jpg,전주 향교길선우가펜션,향교길선우가,0.7059,🚫 복사 안함 (유사도 낮음)
전주 혜윰 한옥스테이.jpg,전주 혜윰 한옥스테이,전주 퐁당 한옥스테이,0.8182,🚫 복사 안함 (유사도 낮음)
전주 호텔 늘.jpg,전주 호텔 늘,전주 호텔 늘,1.0,✔ 복사됨
전주 호텔 더 빈센트.jpg,전주 호텔 더 빈센트,전주 호텔 더 빈센트,1.0,✔ 복사됨
전주 호텔 라임.jpg,전주 호텔 라임,전주 호텔 라임,1.0,✔ 복사됨
전주 호텔 아라리.jpg,전주 호텔 아라리,전주 호텔 아라리,1.0,✔ 복사됨
전주 호텔 투썸스테이 중화산점.jpg,전주 호텔 투썸스테이 중화산점,전주 호텔 투썸스테이 중화산점,1.0,✔ 복사됨
전주 호텔토랑.jpg,전주 호텔토랑,전주 호텔토랑,1.0,✔ 복사됨
전주 효자동 캐슬.jpg,전주 효자동 캐슬,전주 효자동 캐슬,1.0,✔ 복사됨
전주 휴게스트하우스.jpg,전주 휴게스트하우스,전주 휴게스트하우스,1.0,✔ 복사됨
전주 흥부가 한옥스테이.jpg,전주 흥부가 한옥스테이,전주 부경당 한옥스테이,0.8333,🚫 복사 안함 (유사도 낮음)
전주관광호텔.jpg,전주관광호텔,전주 관광호텔 꽃심,0.75,🚫 복사 안함 (유사도 낮음)
전주한옥마을 게스트하우스.jpg,전주한옥마을 게스트하우스,전주 한옥마을 분 게스트하우스,0.8966,🚫 복사 안함 (유사도 낮음)
전주한옥마을 독채 재우성.jpg,전주한옥마을 독채 재우성,전주한옥마을 독채 재우성,1.0,✔ 복사됨
전주한옥마을 독채덕수궁.jpg,전주한옥마을 독채덕수궁,전주한옥마을 독채 덕수궁,0.96,✔ 복사됨
전주한옥마을 황실관광호텔.jpg,전주한옥마을 황실관광호텔,전주한옥마을 황실관광호텔,1.0,✔ 복사됨
전주한옥마을호텔.jpg,전주한옥마을호텔,전주한옥마을호텔,1.0,✔ 복사됨
전주혁신도시 호텔원.jpg,전주혁신도시 호텔원,전주 호텔유,0.625,🚫 복사 안함 (유사도 낮음)
카누 호텔.jpg,카누 호텔,전주 호텔유,0.5455,🚫 복사 안함 (유사도 낮음)
칼튼힐 전주.jpg,칼튼힐 전주,전주 전주하숙,0.4615,🚫 복사 안함 (유사도 낮음)
하운드호텔 전주아중지구.jpg,하운드호텔 전주아중지구,하운드호텔 전주아중지구,1.0,✔ 복사됨
호텔 다빈.jpg,호텔 다빈,전주 호텔다빈,0.6667,🚫 복사 안함 (유사도 낮음)
호텔 에코스테이.jpg,호텔 에코스테이,전주 호텔 써밋스테이,0.6316,🚫 복사 안함 (유사도 낮음)
호텔 투썸스테이 전주 서신점.jpg,호텔 투썸스테이 전주 서신점,호텔 투썸스테이 전주 서신점,1.0,✔ 복사됨
호텔야자 전주터미널점.jpg,호텔야자 전주터미널점,전주 마리 터미널점,0.5714,🚫 복사 안함 (유사도 낮음)
호텔어라이브 전주 시화연풍.jpg,호텔어라이브 전주 시화연풍,호텔어라이브 전주 시화연풍,1.0,✔ 복사됨
화이트 관광호텔.jpg,화이트 관광호텔,전주 관광호텔 꽃심,0.5556,🚫 복사 안함 (유사도 낮음)
