id,name,nickname,review_content,rating,write_date
y_66_001,전주 하운드호텔-덕진점,찐쎔후야,"비즈니스킹 먼저 저렴한 가격에 숙박하여, 주차시설도 만족스러웠습니다. 친절하게 안내해주니 좋았습니다. 그리고 제가 비흡연자라 담배냄새를 싫어하는데 담배냄새가 안나서 좋았고 시설도 너무 좋네요.화장실이랑 룸컨디션 상태도 좋고 침구류도 뽀송뽀송하고좋았습니다. 사실 집아닌 다른잠자리는 불편해하고 싫어하는데 덕분에 좋은환경에서 출장왔다가 잘쉬다갑니다. 담에 근처 출장올일 생기면 다시이용해야겠네요, 정말적극추천드립니다~ ^^최고입니다 꼭가보세요 후회없답니다",5,2개월 전
y_66_002,전주 하운드호텔-덕진점,찐쎔후야,"비즈니스킹 먼저 저렴한 가격에 숙박하여, 주차시설도 만족스러웠습니다. 친절하게 안내해주니 좋았습니다. 그리고 제가 비흡연자라 담배냄새를 싫어하는데 담배냄새가 안나서 좋았고 시설도 너무 좋네요.화장실이랑 룸컨디션 상태도 좋고 침구류도 뽀송뽀송하고좋았습니다. 사실 집아닌 다른잠자리는 불편해하고 싫어하는데 덕분에 좋은환경에서 출장왔다가 잘쉬다갑니다. 담에 근처 출장올일 생기면 다시이용해야겠네요, 정말적극추천드립니다~ ^^최고입니다 꼭가보세요 후회없답니다",5,2개월 전
y_66_003,전주 하운드호텔-덕진점,찐쎔후야,"비즈니스킹 먼저 저렴한 가격에 숙박하여, 주차시설도 만족스러웠습니다. 친절하게 안내해주니 좋았습니다. 그리고 제가 비흡연자라 담배냄새를 싫어하는데 담배냄새가 안나서 좋았고 시설도 너무 좋네요.화장실이랑 룸컨디션 상태도 좋고 침구류도 뽀송뽀송하고좋았습니다. 사실 집아닌 다른잠자리는 불편해하고 싫어하는데 덕분에 좋은환경에서 출장왔다가 잘쉬다갑니다. 담에 근처 출장올일 생기면 다시이용해야겠네요, 정말적극추천드립니다~ ^^최고입니다 꼭가보세요 후회없답니다",5,2개월 전
y_66_004,전주 하운드호텔-덕진점,10698143,나이드신 분 자기주장이 너무 강하시네요.1박 추가 한 거에 대한 걸 그렇게 장황하고 무슨 잘못 한 것마냥 훈계하듯 말할 필요가 있을까요?매우 불쾌했습니다.게다가 객실 청소도 다음 근무자에게 전달을 안해서 다음날 청소도 안되고 넷플 연령제한이 걸려있어 해결을 요청했는데 확인도 해보지 않고 그럴리 없다는 대답에 더이상 말섞고 싶지 않아 그만뒀습니다. 다음에 전주를 또 방문하게 된다면 다른 숙소에 묶을 것입니다.,3,1개월 전
y_66_005,전주 하운드호텔-덕진점,모험심있고예술적인3세,"연말이라 케이크 먹으면서 시간 보냈습니다. 인포에 계신 분은 정말 친절하셨어요! 노후된 건물은 아니라 그런지 확실히 깨끗해요~! 친절도, 청결도 부분에선 완전 만족합니다. 다만, 물 온도가 제멋대로 바뀝니다... 한 20초에 한번씩 차가워졌다가 엄청 뜨거워졌다가를 반복합니다.. 그래서 씼을 때 너무 힘들었어요. 화상입을 것 같다는 리뷰를 봤을 때 그정도일까? 싶었는데 정말 그럴 것 같더라고요. 이 부분은 확실히 공사든 수리든 조치가 필요해 보입니다. 너무 좋았지만 이 부분 때문에 재방문이 고려됩니다. 이 부분 말고는 전체적으로 만족해요~!",4,5개월 전
y_66_006,전주 하운드호텔-덕진점,모험심있고예술적인3세,"위치가 좋아요. 전북대에서 놀고 도보로 5분~ 정도 걸으면 도착해요. 시끄럽지 않아서 좋답니다. 배달 되는 곳도 아주 많아서 좋아요 연말이라 케이크 먹으면서 시간 보냈습니다. 인포에 계신 분은 정말 친절하셨어요! 노후된 건물은 아니라 그런지 확실히 깨끗해요~! 친절도, 청결도 부분에선 완전 만족합니다. 그리고 연박하는데 안내를 친절하게 해주셔서 좋았습니다. 전에 리뷰작성한 물 온도에 관한 문제만 해결된다면 더 좋은 숙소가 될 것 같아요!! 티비 보며 좋은 시간 보냈습니ㅣ다",4,5개월 전
y_66_007,전주 하운드호텔-덕진점,한산도평상,방은 작다. 하지만 기본 물품은 다 있고. 깔끔하고 깨끗하다. 냉장고 생수 3병. 그리고 기본 물품 제공합니다. 주차는 좀 늦으면 주차가 어려울 수도 있겠네요. 아침 제공이라고 써 있었는데 특가는 안된다네. 밑에 작은 글씨로 미제공이라고...화장실은 무척 깔끔합니다. 슬라이딩 나무 도어이구요. 주변에 별로 없고 밤에는 외출 좀 무서운 듯 하지만 전반적으로 좋아요. 친절도 하시구요. 화장실 휴지도 좋다. 다른 숙소 저질이 아니다. 면도기는 교체가 필요하고. 아침에 물 온도가 조절 안됨. 아마 동시에 여러 사람이 쓰다보니 용량을 초과하나보다.,4,11개월 전
y_66_008,전주 하운드호텔-덕진점,8939497,시설이 정말 깔끔하고 갈 때마다 사장님이 친절하셔서 기분 좋게 이용하는 곳입니다. 시설도 좋고 주차 자리를 제일 중요하게 보는데 주차할 곳이 2곳이나 있어! 마음 편하게 이용하는 것 같습니다. 침구류 너무포근하고 침대도 정말편해요. 무엇보다 진짜진짜 깨끗합니다~~~ 전북대 근처 숙소찾으신다면 무조건추천입니당. 룸업그레이드 해주신 덕분에 힐링하는 시간이었습니당. 앞으로도 번창하세요~~!!,5,2개월 전
y_66_009,전주 하운드호텔-덕진점,찐쎔후야,전주출장차 이용했습니다. 시설은 좋고 깨끗합니다 비흡연자인데 담배냄새가 안나서 만족스러웠습니다 물수압도 좋고 화장실도 깨끗하고 좋았습니다. 침구류도 깨끗하고 침대도 푹신하고 좋았네요 사장님께서 매우친절하시고 매번 업그레이드 해주셔서 좋은방에서 계속 머물수있었네요 난방이 잘되어있어서 따뜻해서 좋았고 침대에 전기장판도 있어서 너무 따뜻하게 잘 잤습니다. 주차는 안에할수있는데 지붕이없어서 눈을 그대로 다 맞았네요 ㅎㅎ 근처에 걸어서 갈만한 밥집이 없어서 조금 아쉬웠네요 (제가 못찾은건지^^) 다음에 전주출장가면 또 이용하겠습니다 잘 쉬다갑니다!,5,4개월 전
y_66_010,전주 하운드호텔-덕진점,생태숲식비,전주 출장와서 숙소 많이 알아보고 예약을 했는데 리뷰보고 예약했는데 기대이상으로 너무 좋습니다. 방이너무 넓고 깨끗해서 들어갔을때 너무 기분이 좋아요.~~~~ 화장실도 너무 깨끗하고 티비도 커서 보기에 좋고 방이 다른 숙소보다 넓어서 쾌적한거 같습니다. 주변에 먹는곳도 많아서 나와서 아무대나 가도 되고 거의 먹을꺼 다있어서 멀리 안가고 됩니다. 특히 조식이 너무 맛있어서 다음에도 무조건 여기로 숙소 잡을려고합니다. 다음에 또 이용할게요~~~~감사합니다 ~~ 감사합니다,5,1개월 전
y_66_011,전주 하운드호텔-덕진점,d*****,"오픈특가로 예약했는데 가장 좋은 방이 당첨되서 너무 기분 좋았어요 ! 새로 오픈해서 청결은 말해뭐해 너무 좋고 욕실이 넓은거 뿐만 아니라 너무 예뻐서 맘에 들어요 ㅎㅎ 침실, 화장대, 욕실까지 넓게 분리되어 있고 너무 쳥결하게 샴푸, 린스, 바디워시도 일회용으로 준비 되어 있어서 맘 편하게 사용할 수 있었습니다! 드라이기와 고데기도 물론 준비 되어 있고 침구도 너무 편해서 잘 쉬다 왔어요~~ 티비 화면도 커서 힐링 타임 제대로 가지고 나올 수 있답니당 저는 일찍 체크아웃하느라 조식은 못먹었는데 조식 포함 가격이라니 가성비 좋고 4~5성급 호텔 못지 않게 너무 좋아요 또 이용할게요 ♥️",5,2개월 전
y_66_012,전주 하운드호텔-덕진점,모험심있고친밀한애니멀카페,전주에서 버스 탈 일이 있으면 자주 이용하는 곳이에요 덕진광장 터미널이랑 가깝기도 하고 인근 모텔호텔 중에서 가격대비 하루 묵기 좋습니다!! 생긴지 얼마 안된지는 모르지만 숙소가 참 깔끔합니다 겨울에는 방도 따뜻해서 아주 편히 숙면할 수 있네여 조식도 맛있어서 식사 이용하기도 좋습니다 숙소는 깨끗하고 직원분들은 친절하셔요~~ 덕진광장 근처에서 요즘 제일 자주 이용할 정도로 추천합니다 방음도 잘되고 암막커튼이 있어서 주무시기 좋을겁니다 담배냄새도 없고 처음 들어갈때 기분도 좋습니다 다음에도 이용할게요 ㅎㅎ,5,5개월 전
y_66_013,전주 하운드호텔-덕진점,운앙운앙,"룸 업그레이드 해주셨어요.너무 너무 너무 너무 좋았어요. 다만 혼자 출장가서 ㅋㅋㅋ 침대가 두개라 나중에 청소하시기 불편하지않게 큰거 하나만 쓰고 쉬었습니다. 예전에 전주출장때 자주 왔던곳이라 망설임없이 예약했고요. 앞으로도 계속 이용할 예정입니다. 조식도 너무너무 맛있어요. 한식 미국식 인데,한식이 정말 잘되어있어서 든든하게 먹기 좋습니다. 주변에 편의점 가깝고 큰 슈퍼도 있어서 다니기 좋습니다. 여기 직원님들도 그때나 지금이나 아주아주 친절합니다^^~~",5,6개월 전
y_66_014,전주 하운드호텔-덕진점,공감하고온화한종이,체크인은 5시였는데 짐을 미리 맡길 수 있어서 좋았어요!! 전화로 짐 맡길 수 있는지 미리 물어봤는데 응대도 친절하게 해주시더라구요. 체크인할 때도 친절하게 대응해주셔서 좋았습니다. 룸도 업그레이드해주셔서 넓은 방에서 편하게 쉴 수 있었어요! 티비랑 욕조도 커서 좋았습니다~~ 조식이 종류가 몇개 안되서 조금 아쉽긴했지만 그래도 맛 있었습니다! 다음에 전주오게 되면 또 들릴게요~ 전체적인 방 청결 컨디션도 좋았습니다! 스타일러는 안써봤는데 업무적으로 오면 편할거 같아요!,4,15일 전
y_66_015,전주 하운드호텔-덕진점,찐쎔후야,"먼저 저렴한 가격에 숙박하여, 주차시설도 만족스러웠습니다.그런데 여기어때로 예약하고 친절하게 안내해주니 좋았습니다. 제가 비흡연자라 담배냄새를 싫어하는데 담배냄새가 그렇게 심하게는 안나서 좋았고 시설도 너무 좋네요.화장실이랑 룸컨디션 상태도 좋고 침구류도 뽀송뽀송하고좋았습니다. 사실 집아닌 다른잠자리는 불편해하고 싫어하는데 덕분에 좋은환경에서 출장왔다가 잘쉬다갑니다. 담에 근처 출장올일 생기면 다시이용해야겠네요, 만족스러웠습니다...",5,2개월 전
y_66_016,전주 하운드호텔-덕진점,계란장조림짱,"저번에 전주올때 이용했는데 좋아서 재방문했습니다. 시설이 전체적으로 깔끔하고 주차장도 여유있게 있어서 좋습니다. 덕진공원과도 가까워서 산책하기 좋구요 전북대와도 가까워서 편합니다. 넷플릭스도 이용가능해서 넷플릭스랑 유튜브 보면서 쉴 수있어서 좋네요 침구류도 쾌적하고 깔끔합니다. 조식도 이용가능한거 같은데 가격에따라 포함된방이 있고, 미포함된 방이 있는데 원하면 비용추가하고 이용할 수 있는거 같습니다. 직원분들도 다 친절하셔서 기분좋게 이용했습니다.",5,6개월 전
y_66_017,전주 하운드호텔-덕진점,플로라영이,늦은 시간 급하게 예약을 했는데 기대 이상에 이상^^ 객실 컨디션도 정말 좋았고요 곳곳 인테리어 느낌도 좋았습니다 피로가 싹~~풀리는 기분 물 수압도 세고 자쿠지 이용 룸컨디션 편리한 공간들 조식 포함(조식도 심플한데 맛있었어요)까지 가격에 포함된 구성들이 알차고 놀라움!! 게다가 친절함까지 감동 다시 방문하고 싶은 곳입니다 :) 많은 분들에게 사랑 받고 번창하세요!!,4,10개월 전
y_66_018,전주 하운드호텔-덕진점,공감하고감동적인착각,출장 겸 엄마와 전주여행 다녀왔는데 흔쾌히 룸 업그레이드 해주셔서 감사했어요 :) 응대해 주신 분들 모두 친절하셨어요☺️ 침구류에 먼지가 다소 묻어있는 것 빼고는ㅠ 전체적으로 깨끗하고 넓었습니다!! 스타일러가 있어서 비즈니스 숙소로는 손색 없구요 무엇보다 조식 제공이 최고입니다..👍 한식류에 간단한 토스트까지! 커피도 맛있었어요!! 2박 3일 연박 기간동안 편하게 묵었습니다. 다음 전주 출장 때도 이용할게요!,5,1개월 전
y_66_019,전주 하운드호텔-덕진점,찐쎔후야,"먼저 저렴한 가격에 숙박하여, 주차시설도 만족스러웠습니다. 친절하게 안내해주니 좋았습니다. 그리고 제가 비흡연자라 담배냄새를 싫어하는데 담배냄새가 안나서 좋았고 시설도 너무 좋네요.화장실이랑 룸컨디션 상태도 좋고 침구류도 뽀송뽀송하고좋았습니다. 사실 집아닌 다른잠자리는 불편해하고 싫어하는데 덕분에 좋은환경에서 출장왔다가 잘쉬다갑니다. 담에 근처 출장올일 생기면 다시이용해야겠네요, 정말적극추천드립니다~^^최고입니다 꼭가보세요 후회없답니다",5,2개월 전
y_66_020,전주 하운드호텔-덕진점,흔쾌한연애,"오랜만의 방문에도 불구하고, 사장님께서 방을 업그레이드 해주셨습니다. 덕분에 저렴한가격에 좋은방에서 잘 수 있었습니다. 항상 깨끗한 숙소 근교에 덕진공원과 대학로가있어 볼거리와 먹거리가 많습니다. 또한 숙소 근처에 편의점도 가까워 필요물품 구매하기에 편리합니다 드라이기&고데기 유닉스 제품이며, 출력이 매우 좋습니다. 두기기 사용관련하여 매우 만족합니다. 고데기는 신식이며 머리가 타지 않고 매우 잘 먹습니다. 방에 비치된 디퓨저(오션브리즈)의 향도 매우 좋았습니다. 각종 어메니티 또한 잘 준비되어있으며, 수건이 두툼하여 매우 좋았습니다. 수건 추가 요청이 필요 없을 정도었습니다. 사장님 또한 매우 친절하십니다.",5,4개월 전
y_66_021,전주 하운드호텔-덕진점,대두알러지,"평소에 출장을 많이 다니는 직업이라서 여러 지역들로 출장을 가게 되는데, 이번에 전주에 방문했을 때는 덕진구에 있는 하운드 호텔을 방문하게 되었습니다. 숙소가 지어진지 얼마 되지 않아서 건물 외관 부터 내부까지 모두 신축이고 아주 쾌적합니다. 건물 일층에 주차장이 있고 주차 공간이 부족하면 외부에 있는 전용 주차장을 이용하면 되어서 주차로 불편했던 점은 없었던 것 같습니다. 일 층에는 언제든지 이용할 수 있는 커피 머신이 있어서 좋았고 제공해 주는 조식에 맛이 아주 좋았습니다.",5,7개월 전
y_66_022,전주 하운드호텔-덕진점,찐쎔후야,"먼저 저렴한 가격에 숙박하여, 주차시설도 만족스러웠습니다. 친절하게 안내해주니 좋았습니다. 전주에 출장오면 항상가는곳이며, 월요일빼고 아침식사도 되니 참고하여 이용하세요. 한번씩 룸 업그레이드 해주시는데 서비스부분도 좋습니다. 그리고 제가 비흡연자라 담배냄새를 싫어하는데 담배냄새가 안나서 좋았고 시설도 너무 좋네요.화장실이랑 룸컨디션 상태도 좋고 침구류도 뽀송뽀송하고좋았습니다. 사실 집아닌 다른잠자리는 불편해하고 싫어하는데 덕분에 좋은환경에서 출장왔다가 잘쉬다갑니다. 담에 근처 출장올일 생기면 다시이용해야겠네요, 정말적극추천드립니다~^^최고입니다 꼭가보세요 후회없답니다",5,3개월 전
y_66_023,전주 하운드호텔-덕진점,찐쎔후야,"먼저 저렴한 가격에 숙박하여, 주차시설도 만족스러웠습니다. 친절하게 안내해주니 좋았습니다. 전주에 출장오면 항상가는곳이며, 월요일빼고 아침식사도 되니 참고하여 이용하세요. 한번씩 룸 업그레이드 해주시는데 서비스부분도 좋습니다. 그리고 제가 비흡연자라 담배냄새를 싫어하는데 담배냄새가 안나서 좋았고 시설도 너무 좋네요.화장실이랑 룸컨디션 상태도 좋고 침구류도 뽀송뽀송하고좋았습니다. 사실 집아닌 다른잠자리는 불편해하고 싫어하는데 덕분에 좋은환경에서 출장왔다가 잘쉬다갑니다. 담에 근처 출장올일 생기면 다시이용해야겠네요, 정말적극추천드립니다~^^최고입니다 꼭가보세요 후회없답니다",5,3개월 전
y_66_024,전주 하운드호텔-덕진점,찐쎔후야,"먼저 저렴한 가격에 숙박하여, 주차시설도 만족스러웠습니다. 친절하게 안내해주니 좋았습니다. 전주에 출장오면 항상가는곳이며, 월요일빼고 아침식사도 되니 참고하여 이용하세요. 한번씩 룸 업그레이드 해주시는데 서비스부분도 좋습니다. 그리고 제가 비흡연자라 담배냄새를 싫어하는데 담배냄새가 안나서 좋았고 시설도 너무 좋네요.화장실이랑 룸컨디션 상태도 좋고 침구류도 뽀송뽀송하고좋았습니다. 사실 집아닌 다른잠자리는 불편해하고 싫어하는데 덕분에 좋은환경에서 출장왔다가 잘쉬다갑니다. 담에 근처 출장올일 생기면 다시이용해야겠네요, 정말적극추천드립니다~^^최고입니다 꼭가보세요 후회없답니다",5,3개월 전
y_66_025,전주 하운드호텔-덕진점,찐쎔후야,"먼저 저렴한 가격에 숙박하여, 주차시설도 만족스러웠습니다. 친절하게 안내해주니 좋았습니다. 전주에 출장오면 항상가는곳이며, 월요일빼고 아침식사도 되니 참고하여 이용하세요. 한번씩 룸 업그레이드 해주시는데 서비스부분도 좋습니다. 그리고 제가 비흡연자라 담배냄새를 싫어하는데 담배냄새가 안나서 좋았고 시설도 너무 좋네요.화장실이랑 룸컨디션 상태도 좋고 침구류도 뽀송뽀송하고좋았습니다. 사실 집아닌 다른잠자리는 불편해하고 싫어하는데 덕분에 좋은환경에서 출장왔다가 잘쉬다갑니다. 담에 근처 출장올일 생기면 다시이용해야겠네요, 정말적극추천드립니다~^^최고입니다 꼭가보세요 후회없답니다",5,3개월 전
y_66_026,전주 하운드호텔-덕진점,찐쎔후야,"먼저 저렴한 가격에 숙박하여, 주차시설도 만족스러웠습니다. 친절하게 안내해주니 좋았습니다. 전주에 출장오면 항상가는곳이며, 월요일빼고 아침식사도 되니 참고하여 이용하세요. 한번씩 룸 업그레이드 해주시는데 서비스부분도 좋습니다. 그리고 제가 비흡연자라 담배냄새를 싫어하는데 담배냄새가 안나서 좋았고 시설도 너무 좋네요.화장실이랑 룸컨디션 상태도 좋고 침구류도 뽀송뽀송하고좋았습니다. 사실 집아닌 다른잠자리는 불편해하고 싫어하는데 덕분에 좋은환경에서 출장왔다가 잘쉬다갑니다. 담에 근처 출장올일 생기면 다시이용해야겠네요, 정말적극추천드립니다~^^최고입니다 꼭가보세요 후회없답니다",5,3개월 전
y_66_027,전주 하운드호텔-덕진점,조이쭌,북대 한운드 새로 생겨서 그런지 깨끗하고 아주 맘에들어요!! 다만 외부 소음이..청소하는 시간이 새벽이신지 너무 시끄러워서 제대로못잣구... 저녁인지 새벽인지 남자분이랑 여자직원분이... 들을때 제가 뭐 잘못햇나싶게 기분안좋으신듯한 응대가 좀잇어서 기분이 살짝상했지만 방이 깨끗해서 기분좋게 자고나왓어요!!,4,2개월 전
y_66_028,전주 하운드호텔-덕진점,쥬욘쓰,"왠일로 평일 늦은시간에 좋은방이 올라와서 다음날 출근전까지 가성비좋게 머물렀습니다! 이번에도 넓은방으로 주셔서 편하게 있을 수 있었네요 서울에서 막바로 내려와서 들리느라 짐이 좀 많았었거든요~~ 여느때처럼 하운드는 아늑했고 정겨웠고 편안한 느낌을 주었습니다~! 역쪽에도 하운드가 하나 있던데 그곳은 이용해보진 못했지만, 덕진점의 친절한 직원분들 때문에 오는거라 특별한 일이 없다면 역쪽은 딱히 구미가 당기진 않을거같네요^^ 비록 출근때문에 두어시간 일찍나오더라도 앞으로 이렇게 이따금씩 이용하면 기분전환도 되고 힐링도되고 좋을것 같다는 생각이 드네요! p.s. 이번에 아쉬웠던 점은 세면대쪽이 뜨거운물이 거의 잘 안나오더라구요~ 세수하는데 좀 애먹긴 했습니다!! 그외에는 전무 최고였습니다~!",4,6개월 전
y_66_029,전주 하운드호텔-덕진점,쥬욘쓰,"이번에 휴가를내서 또 오랜만에 전주 데이트 겸 여행으로 하운드를 들렸습니다~! 오랜만에 찾아뵈어도 늘 처음과 같이 환대해주시는 직원분들 덕에 매번 방문이 즐겁고 기쁜게 하운드의 매력포인트겠죠!? 어메니티도 정갈하게 잘 구비되어 있고, 비품들도 하나하나 다 퀄리티가 좋은데다 숙소내부 깔끔하고 로비와 복도 등 인테리어가 포근함을 주어서 참 외관부터해서 인테리어를 잘 해두셨다는 생각이 항상 들어요~~ 그래도 고객한테는 뭐니뭐니해도 객실컨디션보다도 우선하는게 서비스가 제일 으뜸이기때문에 단연코 하운드가 1st입니다~! 재방문은 말해뭐하나요!! 머무르기 너무 좋지만 또 퇴실시간이 조금 일러서 늘 아쉬운 면이 있어서, 대실추가도 항상 기본으로 생각한다는건 안비밀이랍니다!!",5,7개월 전
y_66_030,전주 하운드호텔-덕진점,다람쥐다람쥐,진짜 엄청깨끗하고 따뜻하고 좋아요 나중에는 너무 더워서 에어컨 키고 싶엇는데 겨울애는 에어컨이 안나온다고 하네요 ㅎ.. 근데 욕실 온수가 고장난거같아요 찬물나왓다 뜨거운물 나왔다해요 ... 주차장도 엄청넓고 재2주차장도 있어요 ! 주변에 덕진공원도 있고 24시간운영하는 백반집도 있고 위치도 좋고 근처에 바로 편의점도 있어서 필요한물건있으면 바로 나가서 사올수있어요 ! 냇플릭스도 나오고 좋습니다. 중문이 없어서 복도소리가 좀 크개 나긴해요 .. 욕조도 엄청좋고 넓은데 이용은 안했어요 ~~,5,6개월 전
y_66_031,전주 하운드호텔-덕진점,운앙운앙,전주올때마다 자주 가는 호텔 입니다~음식도 맛있고 컨디션도 좋아요.방을 업그레이드 시켜주셔서 아주아주 큰방과 큰 침대를 얻었습니다 ㅎㅎㅎ 든든하게 아침먹고 출근하기도 너무 좋구요. 힘을 충전해주는 호텔이예요~ 퇴실시 가방 맡겨도 되는지 물어봤는데 흔쾌히 수락 해주셔서 기뻤습니다. 아름다움 마음덕분에 무겁게 끌지않고도 일터에 가서 일하고 마무리 잘 할수있었어요. 언제나 제일 먼저 찾을수 밖에 없는것 같아요..!!주변에 큰 전주마트도 있어서 이용하기 너무 편합니다~,5,4개월 전
y_66_032,전주 하운드호텔-덕진점,운앙운앙,"예전에 전주출장때 자주 왔던곳이라 망설임없이 예약했고요. 앞으로도 계속 이용할 예정입니다. 조식도 너무너무 맛있어요. 한식 미국식 인데,한식이 정말 잘되어있어서 든든하게 먹기 좋습니다. 주변에 편의점 가깝고 큰 슈퍼도 있어서 다니기 좋습니다. 그리고 빨래를 무료로 이용할수있어요!!근데 하운드가아니라 다른 호텔로 이동해서 빨래감 들고가서 빨래랑 건조기 써야해요. 전부 쓸건 다있고요~ 긴 출장시 빨래거리 생기면 사용하기 너무 좋습니다~ 감사해요. 섬세함에 감동하고 갑니다.",5,6개월 전
y_66_033,전주 하운드호텔-덕진점,열*****,객실 컨디션이 너무 좋은 숙소에 방문하게 되어 좋았습니다. 욕조가 있어서 피로 풀기에도 너무 좋아요. 고기먹고 옷에 냄새가 너무 많이 났는데 스타일러가 있어서 옷 냄새 다 뺄 수 있었어요. 아침에 조식도 먹고 좋았어요. 조식에 빵이랑 한식도 있어서 골라서 먹었습니다. 전북대 술집 밥집 상권이랑 걸어서 10분정도 거리이므로 밥 먹고 산책겸 걸어가니 금방 도착해서 좋았습니다. 소음도 없고 주차장도 매우 넓고 객실이 깨끗했습니다. 다음에 기회가 된다면 또 방문하겠습니다. 추천추천추천,5,3개월 전
y_66_034,전주 하운드호텔-덕진점,찐쎔후야,전주출장차 이용했습니다. 시설은 좋고 깨끗합니다 비흡연자인데 담배냄새가 안나서 만족스러웠습니다 물수압도 좋고 화장실도 깨끗하고 좋았습니다. 침구류도 깨끗하고 침대도 푹신하고 좋았네요 사장님께서 매우친절하시고 매번 업그레이드 해주셔서 좋은방에서 계속 머물수있었네요 난방이 잘되어있어서 따뜻해서 좋았고 침대에 전기장판도 있어서 너무 따뜻하게 잘 잤습니다. 주차는 안에할수있는데 지붕이없어서 눈을 그대로 다 맞았네요 ㅎㅎ 근처에 걸어서 갈만한 밥집이 없어서 조금 아쉬웠네요 (제가 못찾은건지^^) 다음에 전주출장가면 또 이용하겠습니다 잘 쉬다갑니다!,5,4개월 전
y_66_035,전주 하운드호텔-덕진점,찐쎔후야,전주출장차 이용했습니다. 시설은 좋고 깨끗합니다 비흡연자인데 담배냄새가 안나서 만족스러웠습니다 물수압도 좋고 화장실도 깨끗하고 좋았습니다. 침구류도 깨끗하고 침대도 푹신하고 좋았네요 사장님께서 매우친절하시고 매번 업그레이드 해주셔서 좋은방에서 계속 머물수있었네요 난방이 잘되어있어서 따뜻해서 좋았고 침대에 전기장판도 있어서 너무 따뜻하게 잘 잤습니다. 주차는 안에할수있는데 지붕이없어서 눈을 그대로 다 맞았네요 ㅎㅎ 근처에 걸어서 갈만한 밥집이 없어서 조금 아쉬웠네요 (제가 못찾은건지^^) 다음에 전주출장가면 또 이용하겠습니다 잘 쉬다갑니다!,5,4개월 전
y_66_036,전주 하운드호텔-덕진점,찐쎔후야,전주출장차 이용했습니다. 시설은 좋고 깨끗합니다 비흡연자인데 담배냄새가 안나서 만족스러웠습니다 물수압도 좋고 화장실도 깨끗하고 좋았습니다. 침구류도 깨끗하고 침대도 푹신하고 좋았네요 사장님께서 매우친절하시고 매번 업그레이드 해주셔서 좋은방에서 계속 머물수있었네요 난방이 잘되어있어서 따뜻해서 좋았고 침대에 전기장판도 있어서 너무 따뜻하게 잘 잤습니다. 주차는 안에할수있는데 지붕이없어서 눈을 그대로 다 맞았네요 ㅎㅎ 근처에 걸어서 갈만한 밥집이 없어서 조금 아쉬웠네요 (제가 못찾은건지^^) 다음에 전주출장가면 또 이용하겠습니다 잘 쉬다갑니다!,5,4개월 전
y_66_037,전주 하운드호텔-덕진점,861978,매번 전주 출장시에 머무르는 곳입니다. 1년동안 이용하던 곳에서 최근들어 이용하기 시작하고 있습니다. 4~5번 이용하는 동안 불편했던거는 온수 온돌조절이 쓰는동안 변해서 좀 그랬는데 이번에는 괜찮았습니다. 영업용 탑차를 자주 끌고다녀서 주차등도 편해야 하는데 이곳은 이용하기 아주 좋습니다.제2주장도 있기에 주차공간등은 걱정할듯 없어보입니다.다음번 출장에도 이용할 예정입니다.조식은이용해 보지 않아서 아직 모르겠습니다.매번 이용해보자 하다가 놓치고 말았다는..,5,1개월 전
y_66_038,전주 하운드호텔-덕진점,준스니,"숙박하면서 정말 만족스러운 시간을 보냈습니다. 먼저 숙소가 매우 청결하고 정돈이 잘 되어 있어 머무는 내내 아주 편안했습니다. 또한 위치가 좋아 주변 관광지와 맛집을 쉽게 찾아갈 수 있었던 점이 큰 장점이었어요. 그리고 숙소의 분위기도 아늑하고 따뜻하게 꾸며져 있어 휴식하기에 좋았습니다. 사장님께서도 친절하게 안내해 주셔서 필요할때 도움을 받을 수 있었고, 주차도 편했고 모든 서비스가 기대 이상이었습니다. 다음에도 기회가 된다면 다시 방문하고 싶습니다. 감사합니다.",4,3개월 전
y_66_039,전주 하운드호텔-덕진점,준스니,"숙박하면서 정말 만족스러운 시간을 보냈습니다. 먼저 숙소가 매우 청결하고 정돈이 잘 되어 있어 머무는 내내 아주 편안했습니다. 또한 위치가 좋아 주변 관광지와 맛집을 쉽게 찾아갈 수 있었던 점이 큰 장점이었어요. 그리고 숙소의 분위기도 아늑하고 따뜻하게 꾸며져 있어 휴식하기에 좋았습니다. 사장님께서도 친절하게 안내해 주셔서 필요할때 도움을 받을 수 있었고, 주차도 편했고 모든 서비스가 기대 이상이었습니다. 다음에도 기회가 된다면 다시 방문하고 싶습니다. 감사합니다.",4,3개월 전
y_66_040,전주 하운드호텔-덕진점,롤롤찡찡,방이 너무 깨끗하고 좋아요 최고에요!!! 시설도 좋아요! 직원분들도 친절해요 침대도 푹신하고 좋고 침구도 깨끗했어요. 에어드레서가 있어서 장기출장이고 더워서 땀 많이 흘렸는데 옷을 바로바로 깨끗하게 입을수 있었어요. 제일 좋았던건 욕실인데요!! 무슨 목욕탕 욕조가 있어서 사우나 했더니 온몸에 피로가 다풀렸어요. 바로 앞에 덕진공원 있어서 한시간 산책하고 목욕하니까 하루 마무리가 완벽하고 좋았습니다!!! 위치도 좋고 시설도 좋아서 3일 연속 이용했네요 추천해요,5,8개월 전
y_66_041,전주 하운드호텔-덕진점,은비쓰,"호텔 방문하자마자 사장님께서 스텐다드에서 프리미엄으로 바꿔주신다고 해주셔서 너무 감사했어용 욕조는 생각을 못했는데 다이소가서 욕조밤 사가지고와서 반신욕 했습니당 굿굿👍👍 조식 먹으려고 내려갔는데 조식마저 감동시키다니... 너무 행복했습니당 로비에 토스트기가 있길래 참지 못하고 또 식빵 구워서 먹어버렸어여...존맛❤️ 그리고 방에 옷 스타일링도 할 수 있어서 너무 좋았고,침대도 푹신하니 잠이 너무 잘 왔어용 하운드호텔 진짜 다시 방문할거 같아용 너무 잘 쉬고 갑니당 감사합니당",5,1개월 전
y_66_042,전주 하운드호텔-덕진점,꾸준한기름사탕,청결도 숙소 고를때 가장 중요하게 생각하는 부분인데 신축이고 침구나 어메니티 상태 청소상태 아주 좋아요 공기청정기 구비되어있어 좋았어요 서비스 비즈니스킹 조식포함 선택했는데 업그레이드 해주셨어요 뷰 창이 일반작은창이고 건물끼리 밀착되어있어 청문을 열수없어 조금 답답한감은 있지만 공청기되어있어 딱히 불편하지않았습니다 친절도 야간 주간 모든분들 친절하시고 좋았어요 아쉬운점 변기수압이 조금 약했고 샤워기물온도 조절이 아쉬웠지만 큰불편은없었고 샤워물수압은 아주좋아요,4,9개월 전
y_66_043,전주 하운드호텔-덕진점,쥬욘쓰,"이번에 휴가를내서 또 오랜만에 전주 데이트 겸 여행으로 하운드를 들렸습니다~! 오랜만에 찾아뵈어도 늘 처음과 같이 환대해주시는 직원분들 덕에 매번 방문이 즐겁고 기쁜게 하운드의 매력포인트겠죠!? 어메니티도 정갈하게 잘 구비되어 있고, 비품들도 하나하나 다 퀄리티가 좋은데다 숙소내부 깔끔하고 로비와 복도 등 인테리어가 포근함을 주어서 참 외관부터해서 인테리어를 잘 해두셨다는 생각이 항상 들어요~~ 그래도 고객한테는 뭐니뭐니해도 객실컨디션보다도 우선하는게 서비스가 제일 으뜸이기때문에 단연코 하운드가 1st입니다~! 재방문은 말해뭐하나요!!",5,7개월 전
y_66_044,전주 하운드호텔-덕진점,Bongsu,"커튼에 먼지, 냉온수 조절 두가지 빼고 시설과 서비스는 만족 했습니다",4,5개월 전
y_66_045,전주 하운드호텔-덕진점,지니주원,아빠 절친의 부고를 받고 발인까지 보고오고싶으시다는 부모님을 위해 최대한 깨끗해보이는 비즈니스호텔을 찾아 예약했어요. 엄마가 잠만잘건데 절대 비싼방하지말라고 신신당부하셔서 오픈특가로 예약했는데... 저녁늦게 체크인하러가신 부모님께 어버이날이라며 스위트룸으로 객실업글해주셨어요. 엄빠가 얼마나 감동을 받고 좋아하셨는지..저대신 효도해주신 호텔측에 정말 감사의 인사를 드립니다.,5,1년 전
y_66_046,전주 하운드호텔-덕진점,에에에엥0,위치: 전북대 옆 덕진공원 근처(덕진공원에서 도보 2-3분) 신축이라 그런지 많이 깨끗했습니다! 전체적으로 인테리어도 고급스럽고 깔끔했고 청결 상태도 아주 좋았어요! 다만 생각보다 방 사이즈는 많이 작았습니다..!! 출장 오시거나 잠만 주무시는 분들이 좋을 거 같아요! 배달음식 시켜먹었는데 의자가 하나밖에 없더라구용 ㅠㅠ 친절하시고 전반적으로 다 만족했으나 아쉬운 건 편의점 가려면 밤에는 혼자다니기 조금 무서운 곳을 지나가야 해용 ㅠㅠ 그것만 괜찮으시다면 너무 좋을 거 같아요!ㅎㅎ,5,6개월 전
y_66_047,전주 하운드호텔-덕진점,유라이언의라이언,"항상 친절하시구 시설도 넘 좋아서 자주 이용하는데 중문이 없어서 그런지 복도에서 나는 소리가 다 들려요ㅜ 특히 오늘 아침에 청소하시는 소리에 깼는데 지속적으로 소음이 너무 나서 잠을 못잤습니다 ,, 청결이나 시설은 이 주변에서 제일 좋은 것 같아여",5,24일 전
y_66_048,전주 하운드호텔-덕진점,미국보단유럽,"밝고, 깨끗하고, 스타일러 덕분에 옷도 잘 건조해서 입을 수 있었고, 직원분도 친절하고 조식도 훌륭했는데 딱 한가지, 창문 소음이 너무 심했습니다. 숙박일이 폭우가 내리는 밤이었는데 빗소리를 포함한 외부 소음이 차단이 안되는 옛날식 창문이어서 잠을 잘 못잤어요. 그 외에는 매우 만족입니다.",4,12일 전
y_66_049,전주 하운드호텔-덕진점,밖에서는그만자자,저번 숙박때 너무 좋았어서 다른곳 안가고 출장중 연박으로 다시 예약했습니다. 청결과 룸컨디션은 말할필요없이 최상이고 역시나 늦은시간 체크인이였는데 따듯하게 맞아주시고 세탁이 밀려있었는데 무료셀프세탁 서비스도 대만족입니다^^ 다음 전주출장도 하운드호텔입니다~,5,11일 전
y_66_050,전주 하운드호텔-덕진점,야자수자수자수,직업특성상 출장이 많습니다. 특히 전주를 자주오는데요 그만큼 전주에 있는 여러가지 숙소들을 많이 다녔습니다. 일단 이곳은 겉모습부터 신축느낌이 강하게 났구요 내부로 들어왔을때도 깔끔하다는 생각이 많이 났습니다. 객실상태는 괜찮았구요 침대는 푹신하니 좋더군요 청소상태도 괜찮았고 내부에 스타일러와 공기청정기가 있어 쾌쾌한 냄새는 나지 않아 좋았습니다. 작은 창문이 있는데 시내가 보입니다. 블라인드로 가릴수 있습니다. 가격대비 신식 시설에 호텔급 침구류와 가구 티비 모든게 좋습니다. 오전에 월욜 제외하고 조식을 제공하네요ㅎㅎ 맛도 괜찮고 무료로 제공해 주시니 감사할 따름 입니다. 이용객이 괜히 많은 이유가 아닌것 같습니다. 숙소주변이 시내라 주변에 음식점이 많습니다. 체크인할때 저랑 이름이 비슷한분이 있어 방을 잘못 배정받을뻔 했네요ㅎㅎ 덕분에 직원분과 저도 같이 당황해서 재미있었네요 푹 잘쉬다갑니다~~,5,11개월 전
y_66_051,전주 하운드호텔-덕진점,신뢰가고편한옥수수빵,전주에 일이 있어서 급하게 숙소 잡고 갔었는데 룸을 업그레이드 해 주셨던 건지 방이 엄청 넓고 쾌적했습니다 일 때문에 아침에 일찍 나가야 했는데 방에 머무르는 시간이 길지 않아서 아쉬울 정도로 룸이 청결하고 쾌적하고 넓었어요 테이블이랑 소파도 있어서 저녁에 간단하게 야식 먹기도 아주 좋았습니다 전주 자주 가게 될 것 같은데 너무 만족해서 여기로 또 예약하고 올 생각이에요 감사합니다 전주에 일이 있어서 급하게 숙소 잡고 갔었는데 룸을 업그레이드 해 주셨던 건지 방이 엄청 넓고 쾌적했습니다 일 때문에 아침에 일찍 나가야 했는데 방에 머무르는 시간이 길지 않아서 아쉬울 정도로 룸이 청결하고 쾌적하고 넓었어요 테이블이랑 소파도 있어서 저녁에 간단하게 야식 먹기도 아주 좋았습니다 전주 자주 가게 될 것 같은데 너무 만족해서 여기로 또 예약하고 올 생각이에요 감사합니다!,5,6개월 전
y_66_052,전주 하운드호텔-덕진점,쥬욘쓰,"항상 남자직원분께서 맞이해주시면 너무 친절하게 대해주시고 환영받고 대접받는 느낌이라 너무 좋아요! 여태까지 모든곳을 통틀어서 이렇게 기분좋게 이용하는 숙소는 없었다고 생각할 정도로 베스트오브베스트 입니다!! 이번엔 추석연휴 전 휴가까지 붙여썼더니 여유있게 여자친구랑 여행다운 여행데이트가 된 것처럼 참 좋았습니다 하운드는 외관부터해서 객실내부까지 참 깔끔하고 좋아요 대신 복도에는 에어컨이없어서 좀 더운거랑 객실내부 천장에어컨도 어느순간부터 터보로 해두어도 좀 덥더라구요 날이 폭염이라 더 그랬을지도 모르겠어요~ 그리고 마지막 객실은 잔털들이 변기랑 욕실세면대 그리고 드라이기쪽 탁상이랑 침대옆 전화기쪽에 좀 널브러져 있어서 아쉬운 포인트가 있었습니다~~ 여자친구가 직업병상 청결에 많이 신경쓰는 편인데, 다행히 일이생겨 제가혼자 먼저 입실해서 치워놓을 수 있어 다행이었다는.. 그래도 재방문의사 2000%이구요 앞으로도 하운드만 이용할 생각입니다 편하고좋아서 마지막 대실연장한건 안비밀이랍니다~!",4,9개월 전
y_66_053,전주 하운드호텔-덕진점,쥬욘쓰,"항상 남자직원분께서 맞이해주시면 너무 친절하게 대해주시고 환영받고 대접받는 느낌이라 너무 좋아요! 여태까지 모든곳을 통틀어서 이렇게 기분좋게 이용하는 숙소는 없었다고 생각할 정도로 베스트오브베스트 입니다!! 이번엔 추석연휴 전 휴가까지 붙여썼더니 여유있게 여자친구랑 여행다운 여행데이트가 된 것처럼 참 좋았습니다 하운드는 외관부터해서 객실내부까지 참 깔끔하고 좋아요 대신 복도에는 에어컨이없어서 좀 더운거랑 객실내부 천장에어컨도 어느순간부터 터보로 해두어도 좀 덥더라구요 날이 폭염이라 더 그랬을지도 모르겠어요~ 그리고 마지막 객실은 잔털들이 변기랑 욕실세면대 그리고 드라이기쪽 탁상이랑 침대옆 전화기쪽에 좀 널브러져 있어서 아쉬운 포인트가 있었습니다~~ 여자친구가 직업병상 청결에 많이 신경쓰는 편인데, 다행히 일이생겨 제가혼자 먼저 입실해서 치워놓을 수 있어 다행이었다는.. 그래도 재방문의사 2000%이구요 앞으로도 하운드만 이용할 생각입니다",4,9개월 전
y_66_054,전주 하운드호텔-덕진점,쥬욘쓰,항상 깔끔하고 가장 마음에 들어하는 숙소라 자주 이용하는데 이번에 대실추가 후 들어갔던 방은 변기쪽에 털들이 몇가닥 좀 즐비했고 샤워실 물이 잘 내려가지않아 불편한 점이 있었습니다 그나마 부족한 잠을 채우느라 이용빈도가 적어 망정이었습니다~ 점점 이용하는 분들이 늘어 이런점이 보이긴하는데 청결부분에서 조금 더 신경써주셔야 하는 부분이라 생각되구요 그리고 샤워할때 물 온도가 수시로 뜨거웠다 차가웠다 이래서 약간의 불편함이 있었습니다 일정하게 나오면 좋을텐데 샤워하다 깜짝깜짝 놀랐네요,4,10개월 전
y_66_055,전주 하운드호텔-덕진점,산업적인박달나무,자주 이용하는곳입니다 일단은 사장님이 친절하셔서 기분좋게 이용할 수 있었습니다 전북대에서 가깝다보니 먹거리도 주변에 많아서 기분좋게 식사하고 편하게 이용할수있었어요 자주 오지만 올때마다 깔끔해서 너무 좋아요 다음에도 오게 되면 조식도 한번 자주 이용하는곳입니다 일단은 사장님이 친절하셔서 기분좋게 이용할 수 있었습니다 전북대에서 가깝다보니 먹거리도 주변에 많아서 기분좋게 식사하고 편하게 이용할수있었어요 자주 오지만 올때마다 깔끔해서 너무 좋아요 다음에도 오게 되면 조식도 한번 이용해보고싶어요,5,1년 전
y_66_056,전주 하운드호텔-덕진점,생태숲식비,전주에서 회사일로 방문해서 갔는데 너무 좋습니다. 다른곳도 많이 찾아보다가 예약했는데 생각했던거 보다 훨씬 더 좋네요 티비도 크고 욕조도 넓어서 좋고 룸도 깔끔하고 침구류도 깨끗합니다. 주변에 맛집도 많고 주차장도 넓어서 주차하기도 편합니다. 사장님도 친절하셔서 기분이 좋네요 다음에도 전주 출장오면 꼭 오고 싶은곳이네요 아침에 맛있고 식당도 깨끗하고 음식도 맛있습니다. 자주 이용할꺼 같아요. 이번에 전주와서 너무 만족합니다. 다음에도 또 방문할게요 감사합니다,5,2개월 전
y_66_057,전주 하운드호텔-덕진점,침착하고푸른대전,"시설은 깔끔하고 객실 청소상태도 좋았습니다. 단, 객실간 방음은 잘 되지 않은점이 아쉬웠습니다. 외부 소음은 동네 자체가 조용해서 괜찮았습니다.",4,2개월 전
y_66_058,전주 하운드호텔-덕진점,김정팔님,숙소 깔끔하네요 ~ 욕조가 생각했던 것 보다 작았어요~숙소 깔끔하네요 ~ 욕조가 생각했던 것 보다 작았어요~숙소 깔끔하네요 ~ 욕조가 생각했던 것 보다 작았어요~숙소 깔끔하네요 ~ 욕조가 생각했던 것 보다 작았어요~숙소 깔끔하네요 ~ 욕조가 생각했던 것 보다 작았어요~숙소 깔끔하네요 ~ 욕조가 생각했던 것 보다 작았어요~숙소 깔끔하네요 ~ 욕조가 생각했던 것 보다 작았어요~숙소 깔끔하네요 ~ 욕조가 생각했던 것 보다 작았어요~작았어요~숙소 깔끔하네요 ~ 욕조가 생각했던 것 보다 작았어요~숙소 깔끔하네요 ~ 욕조가 생각했던 것 보다 작았어요~,4,2개월 전
y_66_059,전주 하운드호텔-덕진점,유쾌하고푸른이메일,"깔끔하고 깨끗합니다. 완전 강추합니다. 혼자라서 업그레이드 안해주셔도 되는데 해주셔서 넓은방에서 잘쉬었습니다. 침대하나만 사용했습니다. 추운 날씨였는데 적당히 따뜻한공기로 방안이 가득해서 씼고도 춥지않게 잘 있었습니다. 스타일러도 있어 퇴실시 깔끔하게 갈수 있었네요. 충전기 대여서비스도 해주셔서 참 좋습니다. 주차장도 바로 앞에 있어서 자차이용시에도 잘 사용할수 있었습니다. 출장으로 왔고, 추후에도 출장계획이 있는데 다음에도 다시 올 예정입니다.",5,7개월 전
y_66_060,전주 하운드호텔-덕진점,시골쥐입니덩,"스타일러,욕조가 있고 방 인테리어도 예뻐서 너무 만족한 숙소였어요! 조식으로는 빵,씨리얼 ,한식이 나왔고 맛있어서 만족한 조식이었습니다! 다들 너무 친절하셔서 다음에 또 방문하고싶어요!",5,11개월 전
y_66_061,전주 하운드호텔-덕진점,하리마오쭌,좋~~아~~요~~~,4,1개월 전
y_66_062,전주 하운드호텔-덕진점,롤롤찡찡,신축이라 그런지 방이 정말 넓고 깔끔합니다. 침대도 푹신하고 좋고 침구도 깨끗했어요. 에어드레서가 있어서 장기출장이고 더워서 땀 많이 흘렸는데 옷을 바로바로 깨끗하게 입을수 있었어요. 제일 좋았던건 욕실인데요!! 무슨 목욕탕 욕조가 있어서 사우나 했더니 온몸에 피로가 다풀렸어요. 바로 앞에 덕진공원 있어서 한시간 산책하고 목욕하니까 하루 마무리가 완벽하고 좋았습니다!!! 조금 아쉬운점은 근처에 밥집이 많지 않은데 바로 앞에 중국집이 엄청 맛있어서 추천해요!,5,8개월 전
y_66_063,전주 하운드호텔-덕진점,생태숲식비,항상 전주에서 지내는 숙소입니다.~~~전주에서 숙박 찾는 분들은 고민 안하고 여기 호텔에 숙박하는거 추천드립니다~~~~ 위생도 깔끔하고 주변에 이동하거나 먹는곳이 너무 잘 되어 있어서 저는 항상 이용하는 곳입니다~^^ 아침에 조식도 다른곳 비교하면 잘 나오고 깨끗해서 좋습니다~ ~~~~ 항상 이용하는데 사장님도 친절하시고 너무 좋네요~~~~다음에도 올 때 꼭 이용하겠습니다~~~ 저는 너무 추천드립니다. 주차장도 넓어서 걱정없이 주차 가능합니다- ^^ 방 업그레이드 해주셔서 감사합니다,5,2개월 전
y_66_064,전주 하운드호텔-덕진점,오늘도출장이닷,출장시 자주 방문하는 숙소 입니다. 비흡연자라 담배 냄새와 숙소 청결도를 가장 중요시 하는데 방문시 마다 언제나 최상의 컨디션으로 유지 되고 있어 너무나도 좋습니다. 침구류도 항상 청결하고 포근하게 쉴수 있어 너무너도 좋았습니다. 따뜻한물도 잘나오고 화장실도 청결하게 유지되어 이용할때 너무나도 좋습니다. 수건도 지저분하지 않고 깨끗해서 너무 좋습니다. 주차시 불편한 사항도 없고 카운터 직원분도 친절해 너무나 좋습니다. 입실 퇴실 시간도 넉넉해 여유롭게 쉬었다 갈수 있어 너무나도 좋습니다.,5,7개월 전
y_66_065,전주 하운드호텔-덕진점,위드커,회사 출장으로 이용했는데요. 대만족 합니다. 최근 오픈해서 시설 깨끗하고 좋아요. 티비 커서 더욱 좋음. 조식은 한식과 식빵 있음. 제육볶음도 맛있고. 근처에 덕진공원 있어서 야간에 산책하기도 좋아요.,4,10개월 전
y_66_066,전주 하운드호텔-덕진점,롤롤찡찡,신축이라 그런지 방이 정말 넓고 깔끔합니다. 침대도 푹신하고 좋고 침구도 깨끗했어요. 에어드레서가 있어서 장기출장이고 더워서 땀 많이 흘렸는데 옷을 바로바로 깨끗하게 입을수 있었어요. 제일 좋았던건 욕실인데요!! 무슨 목욕탕 욕조가 있어서 사우나 했더니 온몸에 피로가 다풀렸어요. 바로 앞에 덕진공원 있어서 한시간 산책하고 목욕하니까 하루 마무리가 완벽하고 좋았습니다!!! 조금 아쉬운점은 근처에 밥집이 많지 않은데 바로 앞에 중국집이 엄청 맛있어서 추천해요!!,4,8개월 전
y_66_067,전주 하운드호텔-덕진점,밝고밝은107세,정말 깨끗하고 사장님이 친절하세요!,5,4개월 전
y_66_068,전주 하운드호텔-덕진점,행복하고픈,업무상 방문하는 지역의 숙소를 이용하는 경우가 잦은 편입니다 전주 지역은 사업관련 문제로 3주 연속 방문하게 되었습니다. 여기어때를 이용해 예약을 하게 되었습니다. 방문할때마다 깔끔하다는 이미지 있었습니다. 청결함은 기본이고 인테리어의 깔금함 등이 있습니다. 다음에도 고민없이 이용할것 같습니다 간단한 조식도 별도공간에서 지원이되어서 더 좋았습니다. 물론 더 저가 숙소가 있지만 깔끔함과 적당한 각격을 선택해서 방문하는 분들에게 추전드립니다. 모두들 즐거운 하루 되세요,5,2개월 전
y_66_069,전주 하운드호텔-덕진점,막강한올빼미1,"출장이 잦아 여러곳을 다녀봤지만~여기 만큼 너무 깨끗하고 만족스러웠던 곳이 드물었습니다!!!!! 다음에도 재방문 의사가 있으며,주변 지인들과 회사 동료에게도 적극 추천하겠습니다!!!!욕실은 수압이 너무 좋고~따뜻한 물이 너무 잘나와서 좋았구요~침대는 푹신푹신 하니 누우면 계속 잠이 올 만큼 편안했습니다~물도 많이 있어서 너무 좋았습니다~사장님도 너무 친절하셨습니다!하루 편안하게 푹 쉬었다가 갑니다!번창하시구요~늘 응원하겠습니다!!!!!",5,7개월 전
y_66_070,전주 하운드호텔-덕진점,쥬욘쓰,항상 전주 내려가면 이용하는 숙소입니다! 외관부터 해서 객실내부까지 빈틈을 찾기 어려울 정도로 호텔느낌의 숙소이구요~! 물론 가장 중요하게 꼽아야할 부분이 직원분들께서 참 친절하셔서 뭔가 갈때마다 대접받는 느낌이라 참 좋습니다! 모든게 좋았으나 이번엔 퇴실할때 천장에 새끼? 중간치만한 바선생을 봐서 좀 놀랐습니다ㅜ 당연지사 사람이 있는곳엔 어쩔 수 없는 부분이긴 하나 저도 사람인지라 당황한건 어쩔 수 없는 부분이었지요 아무래도 우드톤이 많다보니 그럴 가능성이 컸겠거니 싶은데 다음번엔 그 호실은 안걸리게 피할것 같아요ㅜㅜ,4,9개월 전
y_66_071,전주 하운드호텔-덕진점,에이스침대요,"시설이 너무 깨긋해서 즇았어요. 또한 신축이라서 화장실, 침대 컨디션 모두 좋았답니다 숙소 거리는 전북대와 가까워서 주변 산책하기도 좋았구, 배달 음식점들도 많아서 애용할 것 같아요 사장님도 친절하섰고 주차장도 별도로 마련되어 있어서 모든 부분에서 만족스러웠습니다 전주를 여행하는 관광객이라면 매우 추천드립니다!!!! 굿귯굿굿귯굿굿귯굿굿귯굿큣굿굿규구슉수구수굿굿굿ㅎㅎㅎㅎㅎ굿규수규슈굿구슈구슈규수규슈구슈귯규수귯 사장님 쵝오 담에도 이용할게용 😍😍😍",4,5개월 전
y_66_072,전주 하운드호텔-덕진점,산뜻한곤룡포,오픈한지 얼마 안되서 인지 굉장히 깔끔 ㅇㅇ 글구 주차 공간도 넓어서 더더더 만족!!! 전북대 근처라 밥 카페 술집 다 가깝고 편의점도 가깝구 최공 ㅇㅇ 그리고 방이 너무 깔끔함 진짜 새 건물 냄새??? 굿 수건이랑 어매니티도 굿 꿀잠 잤슴다 전주 오면 여기로 ㄱㄱ 하세여오픈한지 얼마 안되서 인지 굉장히 깔끔 ㅇㅇ 글구 주차 공간도 넓어서 더더더 만족!!! 전북대 근처라 밥 카페 술집 다 가깝고 편의점도 가깝구 최공 ㅇㅇ 그리고 방이 너무 깔끔함 진짜 새 건물 냄새??? 굿 수건이랑 어매니티도 굿 꿀잠 잤슴다 전주 오면 여기로 ㄱㄱ 하세여,5,12개월 전
y_66_073,전주 하운드호텔-덕진점,선비촌피자,침구 욕실 화장실 깨끗하고 편안하네요. 조식식당이 작긴 해도 햇빛이 편안하게 들어오고 간편식에 가깝지만 적당히 다 갖추고 있어요. 근처 대학가가 있어서 외출하기도 나쁘지 않아요. 주차도 편하고.,5,2개월 전
y_66_074,전주 하운드호텔-덕진점,롤롤찡찡,신축이라 그런지 방이 정말 넓고 깔끔합니다. 침대도 푹신하고 좋고 침구도 깨끗했어요. 에어드레서가 있어서 장기출장이고 더워서 땀 많이 흘렸는데 옷을 바로바로 깨끗하게 입을수 있었어요. 제일 좋았던건 욕실인데요!! 무슨 목욕탕 욕조가 있어서 사우나 했더니 온몸에 피로가 다풀렸어요. 바로 앞에 덕진공원 있어서 한시간 산책하고 목욕하니까 하루 마무리가 완벽하고 좋았습니다!!! 조금 아쉬운점은 근처에 밥집이 많지 않은데 바로 앞에 중국집이 엄청 맛있어서 추천해요!!,5,8개월 전
y_66_075,전주 하운드호텔-덕진점,블번장미,"급히 예약했는데 굉장히 깔끔하고 좋았음. -전체적으로 신축이라 깨끗, 모던, 음침하지 않음 -로비 사장님이 친절하심 -청결이외에도 조용히 관리하는게 느껴짐 -침대에 전기장판있고 히터 가동 -스타일러 있어서 옷 관리 좋고, 방도 짐 두기 좋음 -화장실도 깨끗, 다만 샤워부스 처음에 헷갈려서 해바라기 수전이 자꾸 나옴 -뜨거운물 빨리 나와서 좋음 ㅠ이거 중요함 -나름 단점, 별도 신발 벗는 곳이 있지 않고 일체형이라 그게 좀 어색. 그외엔 위치도 너무 모텔촌 아니라 좋고 편의점도 가까움, 대학로 멀지 않고",5,5개월 전
y_66_076,전주 하운드호텔-덕진점,자서전적인점쟁이,깨끗해서 만족스러운 숙소였어요 매트리스도 탄탄하고 스타일러 고데기 유용하게썼어요 조식도 필요한것만갖추어서 실속있게 잘이용했습니다,5,10개월 전
y_66_077,전주 하운드호텔-덕진점,밝고편한허파,룸컨디션상태는 최상이였습니다. 다만 화장실 물이 잘 안빠지는거말고는 최고입니다.,4,19일 전
y_66_078,전주 하운드호텔-덕진점,밖에서는그만자자,정말깔끔하고 카운터 직원분과 하우스키퍼분들 너무 친절하시구요 일때문에 새벽에 체크인했지만 정성스럽게 응대해주셔서 기분좋게 묵다 갑니다^^,5,11일 전
y_66_079,전주 하운드호텔-덕진점,iwantobewoo,"방음이 살짝 아쉽기는 하지만 조식도 매우 만족스럽고, 시설이 깔끔해서 좋았습니다!",5,4개월 전
y_66_080,전주 하운드호텔-덕진점,프리우느,가격대비 최상의 효율을 제공합니다. 가까이에 덕진공원이 있어 산책하기도 좋구요. 주변에 가게들도 많아서 즐기실 거리가 많습니다. 호텔의 경우 신축이고 금연객실이라 시설 및 환경면에서 쾌적합니다. 비즈니스 출장오시는 분들이나 여행차 방문하셨다면 한번쯤은 방문해보시는걸 강력하게 추천드립니다. 추가적으로 조식제공도 되기 때문에 든든하게 하루를 보내실 수 있을겁니다. 직원분들 서비스 또한 최상이라서 굉장히 만족 하실수 있을겁니다. 짧은글 읽어주셔 감사합니다.,5,11개월 전
y_66_081,전주 하운드호텔-덕진점,11럭키11,입구부터 깔끔합니다. 오픈특가로 예약했는데~~ 아주 좋은 방으로 주셔서 편하게 잘 쉬었다가 왔습니다.ㅎㅎㅎㅎㅎ 주차공간도 넉넉하고 조금만 걸어나가면 전북대여서 먹거리가 많아서 좋습니다. 다만 골목이 음지여서 길이 얼어있어서 넘어질수도 있습니다. 큰길을 이용하세요~~ㅎㅎㅎ 직원분들 다 친절하신거 같고요~~ 단점은 물 온도가 왔다갔다 쪼금 하더라고요~~ 그것만 빼면 다 만족합니다^^ 전주에 온다면 재방문 할듯합니다 ㅎㅎ 전주에 온다면 재방문 할듯합니다 ㅎㅎㅎ,5,5개월 전
y_66_082,전주 하운드호텔-덕진점,생태숲식비,전주에 출장오면 꼭 들리는 숙소입니다. 주차장도 넓고 다른거보다 숙소가 청소가 잘되어 있고 깨끗해서 좋아요~~~사장님도 친절하셔서 잘 해주세요~~~ 조금만 걸어가면 전북대학교 있어서 먹을곳도 많이 있어서 항상 전주에서 자주가는 숙소 입니다.~~~~ 욕조도 넓고 침대도 넓어서 출장오시거나 전주에 여행 오신분들에게 무조건 추천드려요~~~ 아침도 나오는대 너무 맛있어서 꼭 드셔보세요.~~ 이번에도 잘 숙박하고 가네요~~ 다음에 또 이용할게요 감사합니다 ^^,5,27일 전
y_66_083,전주 하운드호텔-덕진점,열정적이고창의적인무더기,친절하고 숙소에 담배냄새없이 깔끔합니다! 방도 업그레이드 해주시고 감사합니다😀 휴지통에 뭐가있어서.. 좀 그랬습니다,4,9개월 전
y_66_084,전주 하운드호텔-덕진점,쥬욘쓰,"하운드는 뭐 흠잡을데가 하나도 없습니다. 늘 이용하고 찾는데는 이유가 있지요~ 직원분들이 모두 하나같이 너무 친절하시고, 객실도 깔끔하고 인테리어도 모던하게 너무 잘 해놨고 좋은 방으로 안내해주시려고 매번 신경써주시고 게다가 이 날은 날이추워져서 좀 숙소안에 냉기가 돌아서 전기장판을 틀까했는데 없어서 카운터에 말씀드렸더니 즉각 보일러를 틀어주시겠다고 해주셔서 얼마 안있다가 자고일어나니 방에 온기가돌아 아주 잘 쉬었다가 갔습니다! 전날 다른 숙소에서 잠을 잘 못잔터라 오랜만에 고향같은 정겨운 하운드로 와서 대실하니 기절하듯 꿀잠을 잘 잤네요!! 항상 기분좋게 이용하는 곳입니다 저만 알고싶은 그런 숙소에요~^^",5,7개월 전
y_66_085,전주 하운드호텔-덕진점,1235,조금 가격대가 있긴한데 깔끔해서 좋고 무엇보다 주변에 공원도 있고 대학가 근처라 먹을게 많아서 좋았어요. 주변 호수 카페도 있고 터미널 이랑 가까워서 좋습니다. 한옥마을 들렸다가 저녁에 놀기 괜찮구요 잘 쉬다 갑니다 또 방문할게요 조금 가격대가 있긴한데 깔끔해서 좋고 무엇보다 주변에 공원도 있고 대학가 근처라 먹을게 많아서 좋았어요. 주변 호수 카페도 있고 터미널 이랑 가까워서 좋습니다. 한옥마을 들렸다가 저녁에 놀기 괜찮구요 잘 쉬다 갑니다 또 방문할게요 번창하세요~,5,1년 전
y_66_086,전주 하운드호텔-덕진점,861978,일주일전에 출장으로 이용하고 다시 출장으로 인해 다시 방문하였습니다.여전히 깨끗하고 시설도 좋고 어매니티 도 변함없이 잘 구비되어 있었으며 객실. 청소상태 및 서비스도 좋았습니다.연박을 했으면 셀프세탁 한번 이용하려 했는데 1박2일로 간것이라 셀프세탁 방문은 다음기회로 넘겨야 했습니다.이번엔 회사 상무님과 방문이었는데 상무님께서도 깨끗함과 스타일러 공기청정기등 잘 갖추어져 있어서 좋다고 하셨지만 저도 상무님도 옥의티로 지적한건 샤워시 온수 온도 맞추었는데 샤워중 갑자기 뜨겁게 나오다가 또 미지근하게 나오다가 하는게 샤워도중 계속 일어난다는 것입니다.이거 고쳐치지 않는다면 다음방문후 다시 예전에 다니던 숙소로 가야할듯 싶기도 합니다.이거 꼭 고쳐주었음 좋겠습니다.,5,4개월 전
y_66_087,전주 하운드호텔-덕진점,861978,일주일전에 출장으로 이용하고 다시 출장으로 인해 다시 방문하였습니다.여전히 깨끗하고 시설도 좋고 어매니티 도 변함없이 잘 구비되어 있었으며 객실. 청소상태 및 서비스도 좋았습니다.연박을 했으면 셀프세탁 한번 이용하려 했는데 1박2일로 간것이라 셀프세탁 방문은 다음기회로 넘겨야 했습니다.이번엔 회사 상무님과 방문이었는데 상무님께서도 깨끗함과 스타일러 공기청정기등 잘 갖추어져 있어서 좋다고 하셨지만 저도 상무님도 옥의티로 지적한건 샤워시 온수 온도 맞추었는데 샤워중 갑자기 뜨겁게 나오다가 또 미지근하게 나오다가 하는게 샤워도중 계속 일어난다는 것입니다.이거 고쳐치지 않는다면 다음방문후 다시 예전에 다니던 숙소로 가야할듯 싶기도 합니다.이거 꼭 고쳐주었음 좋겠습니다.,5,4개월 전
y_66_088,전주 하운드호텔-덕진점,울긋불긋한고추장,혼자 혼캉스하려구 방문했어요! 체크인시 사장님이 룸 업그레이드 해주셔서 혼자지만 침대 두게인 스위트룸으로ㅎㅎ 덕분에 편하게 잘 쉬다가 갑니다! 방도 깨끗하고 입실전부터 시원하게 에어컨이 켜져 있어서 너무좋더라구요! 다음에 또 예약해서 쉬러오겠습니다! 다음날이 월요일이라 조식이 없는게 아쉬웠지만 모든게 완벽한 하루였습니다!감사합니다😍,5,10개월 전
y_66_089,전주 하운드호텔-덕진점,hoya247,모처럼 전주로 여행와서 숙소를 찾던중 너무 깔끔해보이는 곳이 있고 가격도 저렴해서 예약을 하였습니다. 숙박 당일 일찍 도착했는데 체크인을 빨리 해주셨고 룸도 업그레이드 해주셔서 너무 좋았습니다. 그리고 필요여부등을 문의해주시는 것도 친절함이 느껴졌습니다. 방 상태도 너무 깔끔했고 스타일러가 있어서 옷도 따뜻히 관리할 수 있었고 숙소에서 있는 동안 불편함 없이 편안하게 쉴수있었습니다. 향후에 전주 재방문시 가까운 덕진공원 산책도 하기 위해 이 숙소를 꼭 다시 찾을 예정입니다.,5,4개월 전
y_66_090,전주 하운드호텔-덕진점,쥬욘쓰,신경써서 좋은방으로 주셔서 참 좋았던 방이었으나 바닥이 접착제 공사를 하셨는지 군데군데 회색빛깔의 밀랍같은게 새어나와서 몇번 닦다가 끝이 보이질않아 결국엔 티슈를 깔아놓고 여분슬리퍼로 대놓는 선택을 했답니다! 방은 옆이 비어있어서 신경안쓰고 웃고떠들수 있어 참 좋았는데 작은부분이 아쉬웠었네요! 그래도 갈때마다 직원분들께서 웃으면서 환대해주시며 응대해주시니 참 대접받는것 같고 전주 덕진공원 쪽에서는 단연코 탑오브탑이 아닐까 싶습니다~! 그래서 하운드만 이용하게되고 또 찾게되네요!!,4,9개월 전
y_66_091,전주 하운드호텔-덕진점,쥬욘쓰,"터미널에서부터 접근성이 좋아서 일단 첫 방문인데도 오는게 어렵지 않았어요~ 덕진공원 근처라 주변에 가볍게 산책하기도 좋고, 전주대도 인접해 있어 왠만한 맛집들이 즐비해있어 야식이나 저녁먹을때 이동하는데도 힘들이지 않을 수 있어 참 편하고 좋더라구요: ) 일단 외관부터해서 신축느낌이 물씬나고 고급져보여서 마음에 들었는데요 복도뿐만아니라 객실내부까지 화이트와 브라운톤이 어우러져서 따뜻하고 편안함을 자아내서 마음에 쏙 들었습니다~! 일반 고급호텔 못지않게 깔끔하고 구석구석 신경쓴 부분이 보였고, 무엇보다 남녀직원분들께서 모두 너무 친절하셔서 재방문하고 싶어지더라는 부분이죠!! 너무 편하다보니 연장을 안할수가 없겠더라구요~ 그래서 숙박후 대실까지 연장해버렸습니다ㅎㅎ 꼭 머지않아 전주 놀러갈때 또 들리겠습니다~! 하운드 덕분에, 편안하게 쉬다 좋은추억 가지고 갑니다^^",5,11개월 전
y_66_092,전주 하운드호텔-덕진점,피치오민트,정말 오랜만에 맘에 드는 숙소를 찾았어요 남편하고 가끔 쉬려구 숙소찾기 하는데 정말 깔끔하고 깨끗하고 직원분들도 너무 친절하세요!! 가격대도 너무 좋구 아니 그런데 조식까지 주시다뇨~~~ 너무 맛있었어요!!!,5,1년 전
y_66_093,전주 하운드호텔-덕진점,유쾌하고푸른이메일,"전주 출장 왔을 때 거의 이 숙소로 정착했습니다. 늦은시간 입실하여도 항상 친절하게 맞아 주십니다. 스타일러도있어서 잘 사용했습니다. TV로 넷플릭스도 잘볼수있고, 충전기 대여서비스도 별거 아닌거 같지만 아주 유용합니다. 다른데서는 충전속도가 느리기도한데 초고속충전기로 아주 잘 사용했습니다. 침구도 부드럽고 전기장판도 아주 따뜻합니다. 공기도 훈훈하여 다른 모텔 들어갈때와 만족도가 달라요 주차도 바로 앞 주차장은 비나 눈 맞지 않고도 입실 가능하고, 조금 옆쪽에 추가 주차장도 있습니다.",5,5개월 전
y_66_094,전주 하운드호텔-덕진점,처로에요,방음이 너무 안되요 ㅠㅠㅠㅠ 그래도 잘 쉬다 갑니다,4,10개월 전
y_66_095,전주 하운드호텔-덕진점,롤롤찡찡,신축이라 그런지 방이 정말 넓고 깔끔합니다. 침대도 푹신하고 좋고 침구도 깨끗했어요. 에어드레서가 있어서 장기출장이고 더워서 땀 많이 흘렸는데 옷을 바로바로 깨끗하게 입을수 있었어요. 제일 좋았던건 욕실인데요!! 무슨 목욕탕 욕조가 있어서 사우나 했더니 온몸에 피로가 다풀렸어요. 바로 앞에 덕진공원 있어서 한시간 산책하고 목욕하니까 하루 마무리가 완벽하고 좋았습니다!!! 조금 아쉬운점은 근처에 밥집이 많지 않은데 바로 앞에 중국집이 엄청 맛있어서 추천해요!!,5,8개월 전
y_66_096,전주 하운드호텔-덕진점,롤롤찡찡,신축이라 그런지 방이 정말 넓고 깔끔합니다. 침대도 푹신하고 좋고 침구도 깨끗했어요. 에어드레서가 있어서 장기출장이고 더워서 땀 많이 흘렸는데 옷을 바로바로 깨끗하게 입을수 있었어요. 제일 좋았던건 욕실인데요!! 무슨 목욕탕 욕조가 있어서 사우나 했더니 온몸에 피로가 다풀렸어요. 바로 앞에 덕진공원 있어서 한시간 산책하고 목욕하니까 하루 마무리가 완벽하고 좋았습니다!!! 조금 아쉬운점은 근처에 밥집이 많지 않은데 바로 앞에 중국집이 엄청 맛있어서 추천해요!!,5,8개월 전
y_66_097,전주 하운드호텔-덕진점,롤롤찡찡,신축이라 그런지 방이 정말 넓고 깔끔합니다. 침대도 푹신하고 좋고 침구도 깨끗했어요. 에어드레서가 있어서 장기출장이고 더워서 땀 많이 흘렸는데 옷을 바로바로 깨끗하게 입을수 있었어요. 제일 좋았던건 욕실인데요!! 무슨 목욕탕 욕조가 있어서 사우나 했더니 온몸에 피로가 다풀렸어요. 바로 앞에 덕진공원 있어서 한시간 산책하고 목욕하니까 하루 마무리가 완벽하고 좋았습니다!!! 조금 아쉬운점은 근처에 밥집이 많지 않은데 바로 앞에 중국집이 엄청 맛있어서 추천해요!!,5,8개월 전
y_66_098,전주 하운드호텔-덕진점,행복하고픈,업무상 방문하는 지역의 숙소를 이용하는 경우가 잦은 편입니다 전주 지역은 이번에는 사업관련 문제로 다시방문하게 되었습니다. 여기어때를 이용해 예약을 하게 되었습니다. 지난주에도 방문했던적이 있어서 깔끔하다는 이미지 있었습니다. 청결함은 기본이고 인테리어의 깔금함 등이 있습니다. 다음에도 고민없이 이용할것 같습니다 간단한 조식도 지원이되어서 더 좋았습니다. 물론 더 저가 숙소가 있지만 깔끔함과 적당한 각격을 선택해서 방문하는 분들에게 추전드립니다. 모두들 즐거운 하루 되세요,5,3개월 전
y_66_099,전주 하운드호텔-덕진점,여기어때고객님,"객실이 너무 깨끗하고 좋습니다!! 침대도 너무 편하고 수면가운도 길어서 입고있기도 너무 편합니다. 주차장도 많이 넓고 주차공간도 커서 너무 주차하기 편합니다! 최고의 서비스라고 생각합니다. 많은 OTT서비스를 제공해주시는 것도 좋고 티비도 커서 아주 좋습니다👍👍👍아 웨이브랑 넷플, 디즈니 됩니다!! 다음에 방문해서는 더 좋은 사진 많이 찍어서 다른 분들한테 자랑하고 싶어요!!! 좋은 시설과 친절한 서비스에 너무 감사드리고 다음에도 자주 이용하겠습니다!!",5,11개월 전
y_66_100,전주 하운드호텔-덕진점,가득가득한우주보안관,"안녕하세요. 여기 머무른 손님입니다. 호텔에 머물며 느낀점은 다음과 같습니다. 정말 깨끗한 청소 상태, 이 호텔에 여러번 방문했는데 단 한번도 청소상태가 안좋거나 불쾌하다고 느낀 적이 없습니다. 정말 깨끗하게 청소돼있는 것이 느껴졌습니다. 그리고 손님들을 배려한 것이 곳곳에 느껴졌습니다. 또 하나는 신축건물로 들어가는 순간 기분이 좋고 내부 인테리어도 신축 호텔답게 깔끔하고 단아한 느낌이 느껴졌습니다. 앞으로도 자주 애용하겠습니다. 지금처럼 잘 관리 부탁드리겠습니다",5,7개월 전
y_66_101,전주 하운드호텔-덕진점,운앙운앙,"우와~!전주에 이런곳이 있다니 놀라울 따름입니다...!! 예전 전주 출장땐 다른호텔에 묵었는데-조식도없고~방도 쾌적하지않고 화장실도 찝찝하고 그랬는데 ,여긴 천국 그자체네요!! 화장실도 완전 물기 하나도 없고 머리카락 한가닥도 없으며 청결하며 고데기 비치되어있고 샴프,트리트먼트,바디워시까지 위생적이게 일회용 통에 이쁘게 담겨져있으며 수건도 넉넉하게 놓아져있습니다. 평일에 룸 업그레드 해주셔서 스타일러 있는 방을 주셨어요! 너무너무 감사합니다..!! 한가지 청소는 매일 해주시는게아니고 카운터에 얘기해야 청소해 주십니다. 조식 진짜 맛있어요~국까지 밥까지 전부 하나하나 정성이 깃든 호텔이였습니다. 다음 전주 출장때 또 가려고요. 찜찜찜....!!!",5,9개월 전
y_66_102,전주 하운드호텔-덕진점,861978,전주 갈때마다 가는곳이 있어서 그곳에서만 계속 머물렀었는데 이번에 갈땐 우연치 않게 이용하게 되었습니다.일단 신축이라 예약잡았고 골목안쪽에 있어서 처음엔 사진만 잘찍은건가 하였는데 아니었습니다.내외부가 아주 깔끔하였습니다.객실에 신발을 신고들어가서 벗는게 좀 걸리긴했습니다 중문이 없기에 조적욕조도 있고 어메니티도 깜찍하게 구비되어 있었으며 스타일러도 작동이 잘되었고 티비는 안켜봐서 모르겠습니다.살짝 단점은 온수를 틀어서 온도 맞춰놓고 씻다보면 온도가 좀 내려간 물이 나오기도 합니다.그거외엔 크게 단점은 없습니다 조식도 나오는데 내일 방문예정이니 가서 이용해봐야 겠습니다.,5,4개월 전
y_66_103,전주 하운드호텔-덕진점,유쾌하고푸른이메일,"새벽2시 넘어서 늦은시간 입실하여도 항상 친절하게 맞아 주십니다. TV로 넷플릭스도 잘볼수있고, 로그인요청도 바로 잘해주셨습니다. 이번에는 방을 넓은방으로 업그레이드해주셨습니다. 침대가 2개있는방에서 한개만 잘 사용했습니다 욕조도있던데 늦게 와서 이용해보지는 못했네요 변기도따로 있어서 여럿이 왔을때도 화장실사용이 용이할것 같습니다. 충전기 대여서비스도 아주 유용합니다. 다른데서는 충전속도가 느리기도한데 초고속충전기로 아주 잘 사용했습니다.",5,5개월 전
y_66_104,전주 하운드호텔-덕진점,운앙운앙,"여러번 묵기로 결정해 또 왔습니다~ 솔직히 유명해지지않길 바라고있어요.. 나중에 전주왔을때 방없어서 못잡는거아닌가 싶기도 하거든요- 제발 나만 알길 바라면서도ㅋㅋㅋ실제로 체험한 숙박을 알리고도싶고~ 암튼! 가족, 지인에게 추천할정도로 좋았습니다. 옆에 공사하시는지 오전 11시쯤에 소음이 있긴한데 예민한편이 아니라서 무시하며 나갔어요~주변에 공원도 있어서 딱 좋아서 산책하기도 좋습니다. 진짜 멋있게 꾸며놓은 포토존이 주변에 가득해서 숙박하기 딱이지않나 싶네요.금액도 가성비 짱짱",5,9개월 전
y_66_105,전주 하운드호텔-덕진점,신흥로29가길,친절한 안내와 저렴하고 쾌적한 시설 모두 다 좋았어요,5,7일 전
y_66_106,전주 하운드호텔-덕진점,생태숲사찰,전주에 출장차 들렀는데 너무 좋은 호텔입니다. 화장실을 비롯한 방이 청소가 잘 되어 있고 깨끗합니다 . 에어컨 빵빵하고 침구류 편하게 꿀잠잤습니다. 전주 가시 오면 방문할게요 가성비갑이에요 가성비갑 가성비갑이에요 가성비갑 가성비갑이에요 가성비갑 가성비갑이에요 가성비갑 가성비갑이에요 가성비갑 가성비갑이에요 가성비갑 가성비갑이에요 가성비갑 가성비갑이에요 가성비갑 가성비갑이에요 가성비갑 가성비갑이에요 가성비갑 가성비갑이에요 가성비갑 가성비갑이에요 가성비갑,5,1년 전
y_66_107,전주 하운드호텔-덕진점,휘슬휘파람,근처 대학교에 실기 시험 보러 다녀왔습니다! 근방에 모텔이 많아 여기저기 고민하다가 결정했는데 방이 아주 깔끔하구 침구도 푹신푹신하니 추천할만큼 방 컨디션 최고였습니다! 주차장도 넓고 편하게 이용가능했습니다!!! 근방에서 여기저기 많이 고민하다가 선택한 숙소인데 다행히 후회없습니다! 시설은 말할것도 없이 좋구요 침대도 푹신하니 푹쉬고 자다왔습니다. 덕분에 시험도 잘 보고왔습니다 다들 여기로 오세요 추천!!!! 또한 주차공간도 넓고 직원분들도 굉장히 친절해서 좋았습니다! 추천!!,5,5개월 전
y_66_108,전주 하운드호텔-덕진점,운앙운앙,"옆에 귀여운글귀 있어서 찰칵~! 호텔에 도착하자마자 보여서 기분이 좋더라고요.요것도 노리신건지 모르겠지만 마음이 따뜻해졌어요~! 건물 외관 찍어봤는데 연박숙박하면서 밖의 모습을 제대로 못봤는데,시간이 되는날 한바퀴 둘러보면서 사진으로 최대한 이쁘게 남기려 정성다해 찍었답니다! 주차는 안해봐서 모르겠지만 이또한 서비스 부분도 최고실거라 생각이 들어요. 숙박한 내내 즐겁게 인사 해주시고 도와주시는 프론트 직원님들 항상 고마웠습니다~담 출장때 또 봴게요!! 또 숙박할 의사 10000프로~~!!!",5,9개월 전
y_66_109,전주 하운드호텔-덕진점,쥬욘쓰,항상 꾸준히 잘 이용하고있는 숙소입니다! 이번엔 여자친구가 먼저 도착해서 방을 배정받았는데 담배냄새가 났다고해서 놀라긴 했습니다~ 프론트에도 당당히 고지돼있다싶이 금연숙소이기 때문이죠 다른 사람들도 같이 이용하는 공간인데다 몇번 이용하다보니 아이들도 함께 가족단위로 오는 분들도 계셔서 기본매너는 좀 지켜야하지 않을까 하는 생각이 들었구요~ (아이들은 우리의 미래입니다!) 그래도 현명한 제 여자친구 덕분에 방을 새로 배정받고 전 깔끔하게 입실할 수 있었네요,4,10개월 전
y_66_110,전주 하운드호텔-덕진점,프리우느,현지인분들도 자주 이용하는 숙소로 알려져 있습니다. 출장오시는분들도 자주 이용하시는것 같구요. 조식제공되는 곳으로 맛도 괜찮습니다. 숙소의 경우 신축이고 침구나 기기들도 깨끗하고 좋습니다. 편안하게 휴식을 취하시기에는 매우 만족하실겁니다. 추가적으로 덕진공원이 근처에있어 산책을 하신다거나 주변이 대학로여서 인프라는 훌륭한 편입니다. 다만 찾아오시기에는 길목이 좀 협소할 수는 있지만 기린대로 큰길로 오시면 바로 찾으실 수 있습니다. 짧은글 읽어주셔서 감사합니다.,5,11개월 전
y_66_111,전주 하운드호텔-덕진점,고메압지,"가격대비 가성비가 좋아요. 직원들도 친절하고, 아침식사도 좋아요",4,2개월 전
y_66_112,전주 하운드호텔-덕진점,2km,하운드호텔은 출장인들에게 최고의 선택지 입니다. 브라운닷 호텔과 비교해서 저는 하운드 호텔이 훨씬 마음에 들고 편리하고 편합니다. 전주는 하운드 호텔 중에 가장 저렴 하지만 가장 편안하고 가장 좋은 숙소 같습니다. 깨끗한 외관과 내부의 숙박 업소에 침구류의 특유의 냄새가 안나며 큰 TV 와 좋은 전기장판 그리고 깨끗한 욕실이 있었습니다. 조식 으로도 다양하진 않지만 하나하나 맛있는 반찬들이 준비에서 왜 전주인지 왜 전라도인지 알 수 있었습니다. 단점으로는 냉장고에 물이 3개 중에 하나는 개봉이 되어 있었던 점이 단점이며 방음이 살짝 되지 않았습니다. 하지만 10시 이후에는 조용한컨디션이 유지 되어 괜찮았습니다 전주 출장이 있다면 다시 1번 방문 하겠습니다. 근처에 너무 예쁜 곳들이 많아 연인과도 가족과도 방문 하기 좋은 숙소 같습니다.,5,7개월 전
y_66_113,전주 하운드호텔-덕진점,topyoung823,"오픈특가로 이용하면 가격도 저렴하고 숙소도 깔끔하니 좋아요!! 다만 오픈특가로 방을 이용할땐 복불복이 조금 있는거 같아요 조금 더 큰 방은 테이블 있어서 음식 먹을 수 있는 공간도 있고, 조금 더 작은 방은 테이블이 없어서 조금 불편한 방도 있네요 조금 더 큰방을 이용했을땐 중앙 난방인지 온도 조절이 안 돼 더웠고 조금 더 작은 방은 전기장판 온도조절이 돼 그부분은 더 나았습니다! 각각 장단점이 있었어요 그래도 인근 숙소 중에선 최근에 지어진 편이라 아주 깔끔하고 좋습니다 재이용할 의사 있습니다😊",4,5개월 전
y_66_114,전주 하운드호텔-덕진점,행복하고픈,업무상 방문하는 지역의 숙소를 이용하는 경우가 잦은 편입니다 전주지역은 이번에는 사업관련 문제로 방문하게 되었습니다. 여기어때를 이용해 예약을 하게 되었습니다. 예전에도 방문했던적이 있어서 깔끔하다는 이미지 있었습니다. 청결함은 기본이고 인테리어의 깔금함 등이 있습니다. 다음에도 고민없이 이용할것 같습니다 1층에서 간단한 조식도 지원이되어서 더 좋았습니다. 물론 더 저가 숙소가 있지만 깔끔함과 적당한 각격을 선택해서 방문하는 분들에게 추전드립니다. 모두들 즐거운 하루 되세요,5,3개월 전
y_66_115,전주 하운드호텔-덕진점,구조적인비빔밥,깔끔하고 깨끗하고 모던해요,5,4개월 전
y_66_116,전주 하운드호텔-덕진점,출장잦은김차장,"전주 전주 출장와서 예약 했습니다. 하운드는 메이커라 비싼데 서비스와 컨디션이 훌륭 하지요 하지만 전주는 4만원대에 예약 했습니다. 하운드는 전국어디에서나 참 좋네요! 주차장 진출입 편하고 공간도 여유 있고 주변에 공원도 있으며 대학가 근처라 먹을곳도 많습니다. 로비 친절하시고요 객실 냄새 당연 없고, 기본기가 매우 충실 합니다. 창도 도로로 나있어 쾌적 합니다 침대도 깨끗하고 쿠션감 좋습니다. 조식은 제외 했으나 다음엔 꼭 먹어봐야겠네요. 다음에도 이용하고 싶은 전주 하운드호텔 입니다",5,10개월 전
y_66_117,전주 하운드호텔-덕진점,행복하고픈,업무상 방문하는 지역의 숙소를 이용하는 경우가 잦은 편입니다 익산 지역은 이번에는 사업관련 문제로 방문하게 되었습니다. 여기어때를 이용해 예약을 하게 되었습니다. 깔끔하다는 이미지 그대로인 숙소여서 만족 스러웠습니다. 여기서 만족감은 청결함 인테리어의 깔금함 등이 있습니다. 냄새나 기타 다른 걱정없이 선택할수 있는 것같습니다 다음에 오더라도 이용할것 같습니다 한식 등 간단한 조식도 지원이되어서 더 좋았습니다. 물론 더 저가 숙소가 있지만 깔끔함과 적당한 각격을 선택해서 방문하는 분들에게 추전드립니다. 모두들 즐거운 하루 되세요,5,4개월 전
y_66_118,전주 하운드호텔-덕진점,유쾌하고푸른이메일,"전주로 다시 출장 와서 재재재재방문입니다. 이 숙소로 정착햇습니다. TV로 넷플릭스도 잘볼수있습니다. 로그인이 풀려있었는데 바로 오셔서 해결해주었습니다. 따뜻한물이 너무 잘나와어 오히려 뜨거워서 줄여야합니다. 씻으며 피로풀기좋습니다. 침구도 부드럽고 전기장판도 아주 따뜻합니다. 공기도 훈훈하여 다른 모텔 들어갈때와 만족도가 달라요 주차도 바로 앞 주차장에 해서 좋습니다. 비나 눈 맞지 않고도 입실 가능하고,만차라면 조금 옆쪽에 추가 주차장도 있습니다.",5,5개월 전
y_66_119,전주 하운드호텔-덕진점,GC14978574646,출장차 전주를방문했는데 근처숙소를알아보다 방문하게되었습니다 숙소가 일단 너무 깔끔했습니다 숙박업소특유의 찌든내가전혀없었고 침대이불화장실 모든게 깔끔해서좋았어요 그리고 조식이이렇게까지 잘구성된숙소를못본거같아요 사장님도너무친절하시고 기분좋게묵고갑니다.. 자주방문할거같아요ㅎㅎㅎ ~!~!~!~~~!!~~!~!~~!~~!~!~!~~!~!~!~~!~~!~!~~~!!!!^^!^!^!^!~!~~!~~~!~~,5,8개월 전
y_66_120,전주 하운드호텔-덕진점,쥬욘쓰,항상 애용하고 있는 숙소입니다. 전주에 여행 겸 약속이 잦아 자주 들리게 되는데 이제는 이정도면 단골고객이 된 것 같은데요~ 하운드는 무엇보다 최고라고 꼽을 수 있는 메리트가 직원분들의 친절도이지 않을까 합니다! 항상 환대해주시는 덕분에 숙소를 이용하는 고객들로 하여금 기분을 좋게 만들어 주세요~~ 그리고 실외 로비 복도 객실내부 인테리어들이 뭐 하나 빠짐없이 정갈하고 모던해서 따뜻한 느낌을 주어 자주 방문하게 되는 것 같아요! 아마 이 모든걸 종합해보면 전북대근처 숙소중에선 단연코 best이지않을까 싶습니다!,5,7개월 전
y_66_121,전주 하운드호텔-덕진점,쥬욘쓰,항상 전주에 여행 겸 놀러내려가면 이용하는 숙소입니다^^ 외관부터해서 프론트 복도 객실내부까지 순차적으로 마음에 드는 공간이에요 거기다 우드와 화이트톤이 어우러져 편안한 느낌마저 들게 합니다 하지만 인기가 있다보니 사람들이 많이 몰려서인지 이제 슬슬 빈틈은 보이는 것 같더라구요 이번에 대실해서 들어간 곳도 그렇고 그전날 숙박으로 입실한 곳도 그렇고 털들과 사건사고가.. 게다가 화재경보기도 엄청 울려서 불난줄알고 황급히 옷입고 중요물품도 다 못챙긴채 복도에 나왔다가 멈췄길래 다시 들어갔는데 다행히 별 일 없어서 마음은 놓였구요 긍정적으로 생각해보자면 화재경보기가 잘 작동한다는거니까 한편으론 좋은게 아닐까~ 하네요 그래도 유난히 어수선한 주말이었던건 사실인 것 같네요ㅜ,4,9개월 전
y_66_122,전주 하운드호텔-덕진점,악착스러운하모니,방도 널찍하고 화장실도 넓었어요. 트렌드인 조적식 욕조도 좋았어요. 단 관리하기가 어려워서인지 욕조 청결이 조금 아쉬웠지만 큰 문제는 아닙니다. 그리고 조식에 밥과 고기가 나와 깜짝 놀랬어요. 전주 출장시 종종 애용하려고요.,4,8개월 전
y_66_123,전주 하운드호텔-덕진점,우루과이짤방제작자,새벽 1시까지 문앞에서 유리병 치우고 비닐 바스락거리면서 청소해가지고 잠을 못잤어요 방음이 고시원 수준이에요,4,2개월 전
y_66_124,전주 하운드호텔-덕진점,otsep,"항상 궁금했던 곳이었는데, 기회가 닿아 머무를 수 있게 되었어요. 호텔 외관도 세련되어서 내부 인테리어도 그럴 것이라고 생각했었는데, 정말 괜찮았습니다. 체크인하는 과정에서도 친절하게 응대해 주시고, 좋은 방으로 안내해 주셔서 감사했습니다. 쾌적하고 깔끔한 룸 컨디션은 말할 것도 없고요. 침구 정돈 상태도, 어메니티 구성도, 스타일러 구비도 아주 만족스러웠답니다. OTT도 다양하게 이용할 수 있어서 즐거운 시간을 보냈어요. 좀 더 길게 머무르면서 조식도 즐기고 싶었는데 아쉽지만 다음을 기약해 봅니다.",5,10개월 전
y_66_125,전주 하운드호텔-덕진점,고메압지,"가격대비 가성비가 좋아요. 청결하고, 직원들도 친절합니다. 조식도 괜찮습니다",4,10개월 전
y_66_126,전주 하운드호텔-덕진점,쥬욘쓰,"하운드는 일단 외관에서부터 깔끔함이 뭍어나옵니다! 모텔이라기보단 깔끔한 호텔이 더 어울리는 그런 곳이구요~ 전주 내려와서 처음 이용했던곳이 하운드였는데 직원분들도 친절하시고 내부인테리어도 모던하고 깔끔한데다 1층로비에 복도까지 뭐하나 빠지는부분이 없었어서 첫 느낌으로 참 좋았던 기억이 있어 다시 재방문하게 되었네요~! 이번에도 역시나 점원분께서는 친절 그 자체셨고 다음날 아침부터 보일러실이 문제가 있었는지 찬물밖에 나오지않아 참고쓰다 퇴실2시간전쯤 도저히안되겠어서 말씀드렸는데 조치를 해주셨는지 따순물이 그다음부턴 잘 나와서 서비스 측에서 고객들에게 참 잘 대응하시는구나 라는 생각이 들었고, 동시에 고객의 입장에선 대우받는 느낌이 물씬들어 성수기라 가격만 미쳐날뛰지않으면 앞으로는 계속 하운드를 이용할거같아요 너무 좋은 숙소라 다음날 퇴실시간이 조금 이른감이 있어 주말답게 잠도 푹 잘겸 대실도 미리 예약잡아둔건 안비밀이었습니다!!",5,10개월 전
y_66_127,전주 하운드호텔-덕진점,흔쾌한연애,"항상 깨끗한 숙소 근교에 덕진공원과 대학로가있어 볼거리와 먹거리가 많습니다. 또한 숙소 근처에 편의점도 가까워 필요물품 구매하기에 편리합니다 드라이기&고데기 유닉스 제품이며, 출력이 매우 좋습니다. 두기기 사용관련하여 매우 만족합니다. 고데기는 신식이며 머리가 타지 않고 매우 잘 먹습니다. 방에 비치된 디퓨저(오션브리즈)의 향도 매우 좋았습니다. 각종 어메니티 또한 잘 준비되어있으며, 수건이 두툼하여 매우 좋았습니다. 수건 추가 요청이 필요 없을 정도었습니다. 사장님또한 매우 친절하십니다",5,10개월 전
y_66_128,전주 하운드호텔-덕진점,쥬욘쓰,"하운드는 일단 외관에서부터 깔끔함이 뭍어나옵니다! 모텔이라기보단 깔끔한 호텔이 더 어울리는 그런 곳이구요~ 전주 내려와서 처음 이용했던곳이 하운드였는데 직원분들도 친절하시고 내부인테리어도 모던하고 깔끔한데다 1층로비에 복도까지 뭐하나 빠지는부분이 없었어서 첫 느낌으로 참 좋았던 기억이 있어 다시 재방문하게 되었네요~! 이번에도 역시나 점원분께서는 친절 그 자체셨고 다음날 아침부터 보일러실이 문제가 있었는지 찬물밖에 나오지않아 참고쓰다 퇴실2시간전쯤 도저히안되겠어서 말씀드렸는데 조치를 해주셨는지 따순물이 그다음부턴 잘 나와서 서비스 측에서 고객들에게 참 잘 대응하시는구나 라는 생각이 들었고, 동시에 고객의 입장에선 대우받는 느낌이 물씬들어 성수기라 가격만 미쳐날뛰지않으면 앞으로는 계속 하운드를 이용할거같아요 p.s. 그리고 세상에서 제일예쁜 제 여자친구가 조식이 최고였대요",5,10개월 전
y_66_129,전주 하운드호텔-덕진점,부산노름꾼,담배냄새1도 안나요. 프론트직원분 여성분도 계셔서 뭔가 더 안전해보여요. 그리고 침구.. 베개며 이불이며 잠이 솔솔 와요.. 진짜 꿀잠 잤어요.. 스타일러며 고데기며 없는게 없어서 너무 편해여. 잘 쉬다 가요.,5,1년 전
y_66_130,전주 하운드호텔-덕진점,불안정한아이,"조식까지 제공해주는 곳입니다! 너무 깔끔하고 서비스가 좋아서 다음에 전주에 방문한다면 또 이용하고 싶어요 위치도 전북대, 터미널, 역 모두 가까워 여행시 딱좋아요",5,1개월 전
y_66_131,전주 하운드호텔-덕진점,늘보고,저녁 늦게 체크인했는데도 항상 직원분이 프론트에 계셔서 빠르게 체크인할 수 있었습니다! 가격도 다른 숙소에 비해 훨씬 저렴해서 방 컨디션이 나쁘지 않을까 걱정했는데 방도 굉장히 깨끗하고 전체적으로 신축건물이라 그런지 되게 깔끔했습니다! 방은 겨울이어도 따뜻해서 전혀 춥지 않게 푹 잘 수 있었습니다. 넷플릭스 로그인 문제로 밤늦게 문의드렸는데도 바로 오셔서 해결해주신 덕분에 편안하게 즐길 수 있었습니다. 무료로 룸 업그레이드까지 해주셔서 좋은 방에서 푹 쉬다 갑니다. 또 기회가 되면 방문하겠습니다!,5,5개월 전
y_66_132,전주 하운드호텔-덕진점,쥬욘쓰,"마침 신정이라 쉬는날인데 날이 많이 추워져서 어김없이 하운드를 들리게 됐습니다! 역시나 늘 친절히 대해주시는 남자직원분께서 맞아주셨고, 저번에 보다만 넷플 오징어게임을 보면서 푹 쉬었습니다! 객실도 항상 더 좋은곳으로 주시려고 신경써주시고 언제나처럼 깨끗한 컨디션의 객실과 아늑한 인테리어가 이용객으로 하여금 기분좋게 만들어주는 부분이 하운드에는 있어요~ 날이 추운 겨울날에는 더더욱 생각나는 것 같습니다! 이모저모 여럿 메리트를 가지고있다보니, 하운드는 이제 평일에도 투숙객들이 많더군요~! 흡족합니다!!",5,6개월 전
y_66_133,전주 하운드호텔-덕진점,백넷요리사,"출장 갈 때마다 이용하는 숙소입니다... 출장을 전국적으로 돌아다니며 여러 곳의 숙소를 다니고 있는데 그 중에서도 괜찮은 축에 속하는 숙소였습니다... 조금만 나가면 식당도 어느정도 있어서 저녁 먹기도 좋았습니다... 주차장 자리도 넓고, 주위에 댈 수 있는 공간은 많아서 걱정하지 않았습니다... 숙소 컨디션 아주 좋고 깨끗했습니다... 전체적으로 깔끔하고 조용하고 인상깊었던 숙소였습니다~~ 다음에도 출장오거나 지인들이 주변 온다고하면 추천할것같아요~",5,4개월 전
y_66_134,전주 하운드호텔-덕진점,프라하멍,굉장히 깨끗하고 깔끔한 디자인에 몸도 마음도 편안해지더라구요. 청결이나 위생에 예민하고 민감한 편인데 먼지한톨없는 깔끔함에 감동했습니다. 전주에 올 때 마다 방문하려고 합니다. 😀 욕실에 자크지욕조가 있어서 따뜻한 물에 피로도 싹 녹였네요.,5,1년 전
y_66_135,전주 하운드호텔-덕진점,muessom,전주에서 항상 이용하는 숙소입니다. 일단 청결하고 담배냄새가 없어 좋습니다. 주변에 뭐가 많지는 않지만 쉬기 적절하고 깔끔해서 자주 이용해요,4,8개월 전
y_66_136,전주 하운드호텔-덕진점,유머러스하고희망찬동맹,잘 쉬다 왔습니다~~~,4,6개월 전
y_66_137,전주 하운드호텔-덕진점,muessom,프리미엄킹 숙박 이후 스탠다드 방을 이용해봤어요! 일단 방에서 배달시키고 드시거나 화장실이 분리된게 좋으면 프리미엄 이상 방으로 추천드려요! 스탠다드 까진 테이블이 작고 불편해서 뭘 먹긴 힘들 것 같아요! 혼자 묵으실거면 비즈니스나 스탠다드도 충분히 협소하지 않게 잘 것 같습니다! 프리미엄 방 때는 사람이 꽤나 있었어도 방음이 좀 됐는데 스탠다드 쪽은 소리가 다 들리는 편 이에요 밖에 소리도 옆방인지 윗방인지 어느방의 소리도 들리는 편이니 참고하세요! 그 날 따라 시끄러웠던 걸지도.? 직원분들 친절하십니당 전주 호텔로 추천드려욥,4,11개월 전
y_66_138,전주 하운드호텔-덕진점,흔쾌한연애,"근교에 덕진공원과 대학로가있어 볼거리와 먹거리가 매우 많습니다. 또한 숙소 근처에 편의점도 가까워 필요물품 구매하기에 편리합니다. 드라이기&고데기 유닉스 제품이며, 출력이 좋습니다. 두기기 사용관련하여 매우 만족합니다. 고데기는 신식이며 머리가 타지않고 잘 먹습니다. 방에 비치된 디퓨저(오션브리즈)의 향도 좋았습니다. 각종 어메니티 또한 잘 준비되어있으며, 수건이 두툼하여 매우 좋았습니다. 수건 추가 요청이 필요 없을 정도였습니다. 사장님또한 매우 친절하시며, 충전기 필요여부를 물어봐주십니다. 사장님께서 방을 업그레이드 해주셔서 좋은방 잘 사용했습니다. 다음에 재방문하고싶습니다.",5,1년 전
y_66_139,전주 하운드호텔-덕진점,쥬욘쓰,"눈이 많이 오는날인데다 강추위가 찾아왔을때라 하운드를 안갈수가 없었어요^^ 어쩌면 하운드를 갈 이유를 찾은걸지도 모르겠네요~ 매번 환대해주시는 직원분 덕분에 이번에도 기분좋게 이용한 것 같아요! 아마 하운드 덕진공원점의 최대 장점은 친절함이 아닐까 싶습니다~~ 인테리어도 우드톤의 따뜻함을 가지고 있어서 여러모로 잘 걸맞는 느낌인 것도 한 몫 하구요 자주 찾는데는 이유가 있고, 평일인데도 이용객들이 많아(예전보다 점점 더 많아지는 것 같아요) 나만 알고싶었던 곳인데!! 하고 아쉬운건 안비밀이에요~!",5,5개월 전
y_66_140,전주 하운드호텔-덕진점,큰뱃사람,아침식사 메뉴가 좋아요 한식 양식 모두 푸짐합니다 한식은 호텔급입니다,5,27일 전
y_66_141,전주 하운드호텔-덕진점,흔쾌한연애,"근교에 덕진공원과 대학로가있어 볼거리와 먹거리가 매우 많습니다. 또한 숙소 근처에 편의점도 가까워 필요물품 구매하기에 편리합니다. 드라이기&고데기 유닉스 제품이며, 출력이 매우 좋습니다. 두기기 사용관련하여 매우 만족합니다. 고데기는 신식이며 머리가 타지ㅜ않고 매우 잘 먹습니다. 방에 비치된 디퓨저(오션브리즈)의 향도 매우 좋았습니다. 각종 어메니티 또한 잘 준비되어있으며, 수건이 두툼하여 매우 좋았습니다. 수건 추가 요청이 필요 없을 정도였습니다. 사장님또한 매우 친절하시며, 충전기 필요여부를 물어봐주십니다. 사장님께서 방을 업그레이드 해주셔서 스타일러와 공기청정기가 있는 좋은방 잘 사용했습니다. 다음에 재방문하고싶습니다.",5,1년 전
y_66_142,전주 하운드호텔-덕진점,호호불어먹어,전주 덕진공원 전북대 주변에 괜찮은 호텔이 있는지 확인해봤는데 여기가 제일 좋아서 예약했어요 객실 컨디션은 물론이고 들어갈 때부터 고급져서 기분이 좋았어요 방이 작을줄 알았는데 거울도 예쁘고 물도 줘서 너무 좋았습니다 접근성 또한 너무 좋아서 자주 이용할 것 같아요,4,11개월 전
y_66_143,전주 하운드호텔-덕진점,쥬욘쓰,"하운드는 늘 고객으로 하여금 편안함과 친밀감을 주는 그런 숙소인 것 같습니다~~ 매번 찾는데는 이유가 있고, 평일에도 가득가득 차는걸 보면 그만큼 응대도 너무 잘해주시고 건물의 인테리어 또한 한 몫을 한다고 생각합니다~! 북대근처라 주변에 놀 곳도 가깝게많아 메리트가 있고 무엇보다 우드톤의 내부 인테리어가 투숙객들로 하여금 안락한 느낌을 주는데 큰 기여를 하는게 아닐까 하는 생각이 듭니다! 이번에도 신경써주신 덕분에 편하게 쉬다가 간 것 같습니다 정말 너무 편하고 정겨워요!!",5,5개월 전
y_66_144,전주 하운드호텔-덕진점,감동적이고소박한마후라,깨끗하고 좋아요 조식도 라면이 아닌 밥이 나와요,5,1개월 전
y_66_145,전주 하운드호텔-덕진점,강렬하고새로운평상,"전체적으로 깨끗하긴 합니다 근데 씻을 때 물이,,, 갑자기 뜨거워져서 화상입을뻔,,,,, 그리고 방음이 하나도 안되는 거 같더라고요 자려고 누웠는데 밖에서 움직이고 방 문 열고 하는거 소리 다 들리고 잠을 잠 못잤어요,,, 그 외에 서비스랑 청결은 좋습니다.",4,3개월 전
y_66_146,전주 하운드호텔-덕진점,지루한담쟁이덩굴,여기서 저는 항상 사용 할거예요 너무 깨끗해요 진짜,4,5개월 전
y_66_147,전주 하운드호텔-덕진점,쥬욘쓰,"항상 정겹게 이용해서 이제는 어느덧 단골이 되어버린 곳입니다~! 이번엔 더더욱 항상 반갑게 맞이해주시는 남자직원분께서 더 좋은 방으로 안내를 해주셔서, 짐들도 많았는데 편하게 넓직하게 이용할 수 있어서 너무 좋았습니다!! 덕분이었어요~ 여자친구도 감사하다고 프론트에서 뵈면 꼭 말씀전해달라셔서 전달해드렸는데, 찾아주시는게 감사한거라면서 오히려 되려 선의를 베풀어주셨는데도 더 겸손하게 응대해주셔서 여러모로 기분좋은 날이었습니다^^ 다음에 뵐 때가 또 기대되고 기다려지는, 그런 곳입니다 하운드는!",5,7개월 전
y_66_148,전주 하운드호텔-덕진점,방구석펭귄,전주에서 일이 생겨 오게 되었는데 생각보다 시설도 깨끗하고 괜찮고 직원분들이 친절하셔서 좋았습니다:) 그리고!! 주변에 덕진공원이 있어서 둘러보고 산책하기에도 좋았어요! 다른 숙소에서는 못 본 고데기도 있어서 다행히 헤어정리까지 편히 할 수 있었습니다!!,5,12개월 전
y_66_149,전주 하운드호텔-덕진점,chlrh1207,일단 위치가 너무 좋습니다!! 근처에 식당도 많아 먹을 게 다양해서 좋습니다 전북대와 가까워서 걸어서 이동 가능하여 술 한잔 마시고 오기 딱 좋더라구요! 아 글구 배달도 전주 여기저기 동네에서 가능해서 배달 시켜먹기도 좋았어요 숙소 외관이랑 입구부터 주변 숙소랑 차이가 있어 좋았고 객실도 깔끔합니다 스타일러도 있었어요 갔다온 후 시간이 좀 지나고 나서 작성하는거라 기억이 잘 나지는 않지만 방음도 잘 됐던 거 같아요! 다음에 또 전북대 근처에 숙소를 잡게 된다면 재방문 할 것 같아요~,5,4개월 전
y_66_150,전주 하운드호텔-덕진점,zziisuu,프론트 응대도 친절하게 해주셨구 베개가 높지않아 편했습니다. 숙소 상태도 깨끗했구요-!,4,5개월 전
y_66_151,전주 하운드호텔-덕진점,쥬욘쓰,"이번엔 여행데이트가 아닌 출장때문에 오랜만에 하운드에 들렀는데요~! 역시나 여느때처럼 남자직원분께서 친절히 환대해주셔서 참 좋았습니다^^ 같이 출장내려간 회사동료도 객실컨디션이 너무 좋아서 놀랐다고 하더라구요~ 서로 편하게 각자 침대를 쓰자고 스위트 트윈으로 숙소를 잡았었는데, 둘 다 편해야하지 않겠냐며 신경써서 룸 업그레이드를 해주신 덕분에 서로가 맘편히 꿀잠을 잘 수 있었던 것 같습니다! 너무 감사했어요!! 전 너무 피곤해서 조식을 패쓰하고 그대신 잠을 채웠지만 동료는 조식도 잘 챙겨먹고 왔더랍니다~~ 늘 따뜻한 하운드 너무 좋습니다",5,8개월 전
y_66_152,전주 하운드호텔-덕진점,Bongsu,방 청결 상태 만족 했습니다. 화장실 냉*온수가 조절이 안되는 부분 상당히 불편했습니다.,4,6개월 전
y_66_153,전주 하운드호텔-덕진점,고메압지,"가격대비 가성비가 좋아요. 직원들도 친절하고, 객실청결상태도 좋아요",4,2개월 전
y_66_154,전주 하운드호텔-덕진점,쥬욘쓰,항상 남자직원분께서 맞이해주시면 너무 친절하게 대해주시고 환영받고 대접받는 느낌이라 너무 좋아요! 여태까지 모든곳을 통틀어서 이렇게 기분좋게 이용하는 숙소는 없었다고 생각할 정도로 베스트오브베스트 입니다!! 이번엔 추석연휴 전 휴가까지 붙여썼더니 여유있게 여자친구랑 여행다운 여행데이트가 된 것처럼 참 좋았습니다 하운드는 외관부터해서 객실내부까지 참 깔끔하고 좋아요 대신 복도에는 에어컨이없어서 좀 더운거랑 객실내부 천장에어컨도 어느순간부터 터보로 해두어도 좀 덥더라구요 날이 폭염이라 더 그랬을지도 모르겠어요~ 재방문의사 2000%이구요 앞으로도 하운드만 이용할 생각입니다,5,9개월 전
y_66_155,전주 하운드호텔-덕진점,쥬욘쓰,항상 남자직원분께서 맞이해주시면 너무 친절하게 대해주시고 환영받고 대접받는 느낌이라 너무 좋아요! 여태까지 모든곳을 통틀어서 이렇게 기분좋게 이용하는 숙소는 없었다고 생각할 정도로 베스트오브베스트 입니다!! 이번엔 추석연휴 전 휴가까지 붙여썼더니 여유있게 여자친구랑 여행다운 여행데이트가 된 것처럼 참 좋았습니다 하운드는 외관부터해서 객실내부까지 참 깔끔하고 좋아요 대신 복도에는 에어컨이없어서 좀 더운거랑 객실내부 천장에어컨도 어느순간부터 터보로 해두어도 좀 덥더라구요 날이 폭염이라 더 그랬을지도 모르겠어요~ 재방문의사 2000%이구요 앞으로도 하운드만 이용할 생각입니다,5,9개월 전
y_66_156,전주 하운드호텔-덕진점,뀨무무,깨끗하고 넓고 위치도 좋고 편의점도 가깝고 친절하고 너무 좋았어요~~~~~!!~~깨끗하고 넓고 위치도 좋고 편의점도 가깝고 친절하고 너무 좋았어요~~~~~!!~~깨끗하고 넓고 위치도 좋고친절하고 너무 좋았어요~~~~~!!~~위치도 좋고 편의점도 가깝고 친절하고 너무 좋았어요~~~~~!!~~깨끗하고 넓고 위치도 좋고 편의점도 가깝고 친절하고 너무 좋았어요c깨끗하고 넓고 위치도 좋고 편의점도 가깝고 친절하고 너무 좋았어요~~~~~!!~~깨끗하고 넓고 위치도 좋고 편의점도 가깝고 친절하고 너무 좋았어요~~~~~!!~~깨끗하고 넓고 위치도 좋고친절하고 너무 좋았어요~~~~~!!~~위치도 좋고 편의점도 가깝고 친절하고 너무 좋았어요~~~~~!!~~깨끗하고 넓고 위치도 좋고 편의점도 가깝고 친절하고 너무 좋았어요,5,3개월 전
y_66_157,전주 하운드호텔-덕진점,뜨카잉,업그레이드 해주셔서 넓고 편하게 이용했습니다 :) 들어갔을때 신발장이 없어서 신발을 신고 들어가는건가..? 하고 생각이 들었어여 ㅋㅋㅋ 전주 여행와서 잘 쉬었다갑니다아 업그레이드 해주셔서 넓고 편하게 이용했습니다 :) 들어갔을때 신발장이 없어서 신발을 신고 들어가는건가..? 하고 생각이 들었어여 ㅋㅋㅋ 전주 여행와서 잘 쉬었다갑니다아 업그레이드 해주셔서 넓고 편하게 이용했습니다 :) 들어갔을때 신발장이 없어서 신발을 신고 들어가는건가..? 하고 생각이 들었어여 ㅋㅋㅋ 전주 여행와서 잘 쉬었다갑니다아,5,11개월 전
y_66_158,전주 하운드호텔-덕진점,벽돌색매니아,"편히 잘쉬다가 온것같아요 . 안내도 잘해주시고 친절하셨어요 객실 엘리베이터부터 복도 객실까지 깔끔하고 불쾌한 냄새도 없었어요, 객실 내에서는 아무런 문제 없이 사진과 동일하게 깔끔했습니다 :) 넷플릭스는 동시 접속자가 많으면 잠깐씩 튕기는 것뿐 별다를 문제없이 이용했습니다. ----- I think I had a good rest. They guided us and they were kind From the elevator to the hallway room, it was clean and there was no unpleasant smell. There was no problem in the room and it was just as clean as the picture :) Netflix used it without any problems, just bouncing for a while if there were many concurrent users.",5,9개월 전
y_66_159,전주 하운드호텔-덕진점,빛나고예술적인지리산,깨끗청결 고급스럽고 넘조음,5,1개월 전
y_66_160,전주 하운드호텔-덕진점,배돌이74,시설 매우 깨끗하고 직원분들도 친절하셨습니다 ^^,5,10개월 전
y_66_161,전주 하운드호텔-덕진점,세상은언제나,매우 친절하시네요 / 청결하구요/ 오픈특가로 입실/ 그런데 많이 좁고 답답하네요 : 주차장은 충분해요,4,5개월 전
y_66_162,전주 하운드호텔-덕진점,고메압지,"조용하고 깨끗합니다. 직원들도 친절하고, 조식도 가성비가 좋아요",4,10개월 전
y_66_163,전주 하운드호텔-덕진점,찐쎔후야,"먼저 저렴한 가격에 숙박하여, 주차시설도 만족스러웠습니다. 친절하게 안내해주니 좋았습니다. 제가 비흡연자라 담배냄새를 싫어하는데 담배냄새가 안나서 좋았고 시설도 너무 좋네요.화장실이랑 룸컨디션 상태도 좋고 침구류도 뽀송뽀송하고좋았습니다. 사실 집아닌 다른잠자리는 불편해하고 싫어하는데 덕분에 좋은환경에서 출장왔다가 잘쉬다갑니다. 담에 근처 출장올일 생기면 다시이용해야겠네요, 정말적극추천드립니다~^^최고입니다 꼭가보세요 후회없답니다",5,4개월 전
y_66_164,전주 하운드호텔-덕진점,공감하고온화한게자리,친절하고 좋았어요 근데 신발장이 좀 그랬어요 ㅠ,4,1년 전
y_66_165,전주 하운드호텔-덕진점,쥬욘쓰,"일단 외관부터 시작해서 내부까지 너무 깨끗하고 모던함까지 느껴져서 왠만한 호텔 부럽지 않았어요! 톤 자체가 브라운과 화이트컬러가 어우러져 부드럽고 깔끔함이라 마음에 들었습니다: ) 터미널에서부터 접근성도 너무 좋았고, 전북대 근처다보니 이곳저곳 맛집탐방에도 불편함이 없어 메리트가 가득했습니다~! 게다가 직원분들께서 친절함이 200%시라 너무 감사하고 또 오고싶게 만드는거 같아요~~ 덕분에 첫방문인데도 불구하고 전주여행에서의 좋은추억을 많이 담아가는거 같아요!! 머지않은 시기에 꼭 재방문 할게요!",5,11개월 전
y_66_166,전주 하운드호텔-덕진점,GC14978574646,숙소가너무깔끔해서좋았습니다 금연실에 관리를 철저히하셔서그런지 숙소특유에 쿰쿰한냄새가 전혀없었어요 그리고 일회용물품도 깔끔하게구성되어있어서 만족했습니다 요기는 조식이대박입니다 두번째방문인데 한식뷔페스타일로 잘나와요 조식이용무조건추천드려요 다음에도 또방문할게요 잘묵다갑니다 !~!~~~!~!~!~~!!!~!!~!~~!~!!~!!~!~!~~!!~!!!!~!~~~!~!!~!!~!~!~~^~!~!~!~~!~,5,7개월 전
y_66_167,전주 하운드호텔-덕진점,3347243,"전주에서 제일 깔끔한 숙소 중 하나입니다. 가격 대비 완벽하네요. 리모델링하여 건물 외관과 내부 모두 깔끔하고 예쁩니다. 제가 객실 청결 상태와 관리 여부를 가장 중요시 하는데, 이곳은 두 가지 모두 완벽합니다. 객실에서 담배 냄새나 기타 불쾌한 냄새를 맡아본 적이 없네요. 사장님도 정말 친절하시고 숙박 동의서? 작성도 하는데 워낙 객실 엉망으로 쓰는 사람이 많은데 이런 것도 관리하는 것 같아서 정말 좋습니다. 아무튼 자주 이용하는 곳이고 앞으로도 자주 이용하겠습니다! 지금처럼만 쭉 유지되면 너무 좋겠습니다 ^^ 숙박 시 조식도 제공되는데 퀄리티 좋아 보이네요. 다음에 이용해 보겠습니다! 수고하세요~",5,4개월 전
y_66_168,전주 하운드호텔-덕진점,861978,매번 전주 출장시에 머무르는 곳입니다. 1년동안 이용하던 곳에서 최근들어 이용하기 시작하고 있습니다. 2번 이용하는 동안 불편했던거는 온수 온돌조절이 쓰는동안 변해서 좀 그랬는데 이번에도 살짝 있었습니다 이전보단 좀 괜찮긴 했지만 왜 변하는지 모르겠습니다.영업샘플 때문에 탑차를 자주 끌고다녀서 주차등도 편해야 하는데 이곳은 이용하기 아주 좋습니다.제2주장도 있기에 주차공간등은 걱정할듯 없어보입니다.다음번 출장에도 이용할 예정입니다.조식은이용해 보지 않아서 아직 모르겠습니다.,5,3개월 전
y_66_169,전주 하운드호텔-덕진점,심미적인소대장,정망 청결하고 좋았어요,5,9개월 전
y_66_170,전주 하운드호텔-덕진점,샘골다리황소개구리,"오픈특가로 체크인 했는데 상당히 만족스러웠습니다. 방이 크진 않았지만 있을건 다 있고 청결하였습니다. 특히 담배냄새가 하나도 안 나서 좋았습니다. 위생용품은 객실내 구비되어있었고 냉장고에 물도 3개나 있었어요. 화장실은 비대가 설치되어있어서 좋았습니다. 층간소음은 거의 없었고 아침에 조금 소란스럽긴 했는데 푹 자고 일찍 일어났기 때문에 크게 문제 없었습니다. 프론트에 만원 내고 조식을 먹으러 갔는데 입구에 토스트기, 식빵, 버터, 딸기잼, 커피 머신이 있었고 안쪽에 시리얼 2종류 및 우유, 오렌지쥬스, 밥, 소고기무국, 숙주나물, 생채, 돼지갈비찜 등이 있었습니다. 조식 든든하게 먹고 아메리카노 마시면서 샤워하고 체크아웃 했습니다. 첫 방문이었지만 만족도가 커서 재방문 의사도 있습니다. 다음은 특가 말고 일반객실을 이용해보려고 합니다.",5,5개월 전
y_66_171,전주 하운드호텔-덕진점,lilac67,친절하고 깨끗하고 이용에 만족합니다,5,6개월 전
y_66_172,전주 하운드호텔-덕진점,빛나고지혜로운시멘트,객실 너무 깨끗하고 인테리어 깔끔해요,5,10개월 전
y_66_173,전주 하운드호텔-덕진점,otsep,"룸 컨디션이 우수하고 내부에 갖춰져 있는 시설과 어메니티도 이용하기 좋아서 머무르는 내내 큰 만족감을 느꼈어요. 특히 어느 객실에서나 스타일러를 사용할 수 있다는 게 무척 인상적입니다. 내부 시설이 잘 마련되어 있다는 점, OTT도 편리하게 이용 가능하다는 점, 무엇보다도 청결하고 보기 좋은 룸 컨디션이 항시 갖추어져 있다는 점이 하운드호텔의 큰 매력인 것 같아요. 다만 화재 경보 관련해서 오류가 있었는지 문제가 있으니 대피해야 한다든지 안내하는 등의 안전 관리는 보다 신경을 써주셨으면 좋겠습니다. 결국 오류 경보였지만 투숙하는 손님들께서 연신 문을 열고 돌아다니며 무슨 상황인지 살펴야 했습니다. 거의 일어나지 않는 일이어도 정말 중요한 거니까요.",5,9개월 전
y_66_174,전주 하운드호텔-덕진점,조잡한무당개구리,오픈한지 얼마안되서 그런지 깨끗하고 청결하고 좋아요 심지어 전기장판도 있어서 한번 더 감동포인트 ! 최고 야식을 먹기에는 따로 상이 없어서 불편하긴 한데 그 외에는 진짜 만족했던 숙소! 티비도 엄청큽니다 유투브 넷플릭스 가능해요 만족했던 숙소여서 다음에 전주여행 가면 또 숙박하려고 리뷰 작성해요 ㅎㅎ 지금까지 어플많이 사용했는데 첫 리뷰에요 전주여행 하루 동안 잘 쉬고 갑니다 😊다음에 또 뵈요,5,5개월 전
y_66_175,전주 하운드호텔-덕진점,윤호졍,엄청 깔끔하고 넓어요!,4,5개월 전
y_66_176,전주 하운드호텔-덕진점,BOBLEE86,하운드는 어딜가나 평타는 함,5,1개월 전
y_66_177,전주 하운드호텔-덕진점,매콤삼계탕,606호 이용했습니다 따뜻한 물을 틀면 중간중간 너무 뜨거운 물이 나와서 씻기 힘들었습니다 다른건 다 좋아요,4,4개월 전
y_66_178,전주 하운드호텔-덕진점,쥬욘쓰,항상 하운드를 떠올리면 친절함과 친근함이 떠오르는거 같아요~ 그래서 전주 여행데이트를 가면 늘 이용하게 되는 것 같습니다! 전 거리가 좀 되서 고속버스를 이용하지만 전주와 멀지않은 곳에 사시면서 전주여행 오시는분들에게는 넓직한 주차장이 기다리고있어 차를 이용하셔도 전혀 불편함이 없으실 것 같더라구요~~ 외관도 깔끔하고 객실내부도 쾌적한 편이라 언제나처럼 편하게 이용하게 되는 이제는 단골숙소가 되어버린 저랍니다~! 그리고 하운드의 가장 큰 메리트는 직원분들 모두가 참 친절하시다는 점입니다!!,5,8개월 전
y_66_179,전주 하운드호텔-덕진점,후훗27,"숙소는 가성비 최고였어요 식빵에 간단한 한식도 있으니 무료 조식 만족스럽고, 조적욕조도 잘 이용했어요 1박이 넘어가면 빨래 가능한 숙소가 좋던데 여기도 무료 빨래 가능합니다 무엇보다 바로 앞 덕진공원을 꼭 이용하세요 전주한옥마을은 복작복작 먹거리 천지였는데 여기는 분위기 진짜 좋은 한옥정원 느낌이었어요 숲놀이터도 있어서 아이들 만족도도 높고 인생사진 포토존도 있어요!",5,9개월 전
y_66_180,전주 하운드호텔-덕진점,감동적이고소박한마후라,깨끗해서 연박 끝나고 추가로 1박 했어요,5,1개월 전
y_66_181,전주 하운드호텔-덕진점,쥬욘쓰,이날은 근무를하고 내려가느라 늦어져서 여자친구가 저를 기다렸네요 많이 미안하고 걱정했는데도 불구하고 신경써주셨는지 방도 좋은방으로 주셨던거 같더라구요~ 그래서 대실도 추가해서 더 푹 쉬었던거 같아요 항상 친절하게 반겨주시고 환대해주셔서 하운드는 언제든 이용객으로 하여금 머물고싶게하는 공간인 것 같아요 관광의도시 전주에 이렇게 좋은 숙박업소가 있다는건 전주의 자랑이지 않을까 싶을정도로 앞으로도 꾸준히 하운드만 이용할 생각입니다~! 덕분에 이렇게 또 저희는 좋은 추억들을 쌓아가겠지요! 감사합니다 다음 방문때 또 찾아뵐게요!!,5,9개월 전
y_66_182,전주 하운드호텔-덕진점,Gmin,스위트로 룸 업그레이드 해주시고 친절한 응대 깨끗한 인테리어에 청결한 실내여서 편안하고 푹 잘 쉬고왔습니다.,5,11개월 전
y_66_183,전주 하운드호텔-덕진점,54나그네,숙소가 너무 깔끔해서 좋았어요. 다음에 또 이용할게요.,5,6개월 전
y_66_184,전주 하운드호텔-덕진점,찐쎔후야,"먼저 저렴한 가격에 숙박하여,주차시설도 만족스러웠습니다. 친절하게 안내해주니 좋았습니다. 전주에 출장오면 항상가는곳이며, 월요일빼고 아침식사도 되니 참고하여 이용하세요. 한번씩 룸 업그레이드 해주시는데 서비스부분도 좋습니다. 그리고 제가 비흡연자라 담배냄새를 싫어하는데 담배냄새가 안나서 좋았고 시설도 너무 좋네요.화장실이랑 룸컨디션 상태도 좋고 침구류도 뽀송뽀송하고좋았습니다. 사실 집아닌 다른잠자리는 불편해하고 싫어하는데 덕분에 좋은환경에서 출장왔다가 잘쉬다갑니다. 담에 근처 출장올일 생기면 다시이용해야겠네요, 정말적극추천드립니다~^^최고입니다 꼭가보세요 후회없답니다",5,3개월 전
y_66_185,전주 하운드호텔-덕진점,신뢰가고창의적인바지선,컨시어지에 계신 남자 매니저분 항상 친절하십니다. 감사합니다. 방도 업그레이드 해주시고 좋아요,5,2개월 전
y_66_186,전주 하운드호텔-덕진점,안동마을녹차,엄청고민하다가예약한숙소인데 와...이렇게깔끔하고친절한숙소는첨이예요! 남자사장님께서 응대도잘해주시고 관광지안내도잘해주시고 무엇보다 침구류 화장실샤워실까지 관리가너무잘되어있어서 1박편안하게보내고왔어요!다음번에전주가면 또 이용하고싶을정도로만족했습니다. 앞으로도깨끗하게관리해주십쇼!!,5,8개월 전
y_66_187,전주 하운드호텔-덕진점,세상은언제나,호텔급 인테리어와 소품/ 정말청결하고 침구도 후륭합니다/ 주차장도 매우 좋아요 / 후회하지 않는 숙소/ 사장님도 너무 친절하세요 / 추천 드려요,4,10개월 전
y_66_188,전주 하운드호텔-덕진점,깔끔하고오손도순한도쿄공항,숙소 깨끗 해서 좋았어요~ 물살도 아주 시원시원하게 잘 나와서 좋았어요~ 조식은 솔직히 별 기대 안했는데요 간귀님이 계신것 같아요 한식 국과 기본 반찬이 아주 맛있었어요~ 같이가신분은 토스트를 먹고 싶어 하셨는데 딸기잼과버터 뿐이어서 조금 아쉬우셨다고 해요 슬라이스햄이나 계란후라이 셀프로 해서 패티를 만들어 먹을수 있었으면 좋을것 같아요~,5,6개월 전
y_66_189,전주 하운드호텔-덕진점,이상겸입니다,객실 업그레이드도 해주시고 너무 친절하고 객실은 너무 깨끗하고 좋아요 늦잠자서 조식을 못먹은게 아쉽네요..,4,5개월 전
y_66_190,전주 하운드호텔-덕진점,불멸의복실이,두번이나 가봤지만 역시나 깨끗하거 너무좋아요,4,2개월 전
y_66_191,전주 하운드호텔-덕진점,현영파,전주 출장와서 이용했는데 방도 깔끔하고 조식도 맛있었습니다,5,2개월 전
y_66_192,전주 하운드호텔-덕진점,5651857,아이와 함께 하는 여행인데 금연 객실이여서 너무 좋아요. 침구 깨끗하고 단정합니다.,4,9개월 전
y_66_193,전주 하운드호텔-덕진점,oneout,"많은 곳을 다녀봤지만 전주에서 여기만한 숙소 찾기 힘들거 같아요! 분위기 시설 청결 친절 만족합니다^^ 아! 근데 어메니티는 칫솔과 면도기만 썼는데 다소 아쉽더군요! 칫솔은 모가 빠지고, 면도기는 살이 베일거 같았어요!! 편하겐 잘 쉬다 갑니다~~",5,3개월 전
y_66_194,전주 하운드호텔-덕진점,즐겁고독특한적색,전주 갈때마다 들리는곳이예요 신축이라 깨끗하구요 사장님 친절하시고 너무좋아요!,5,10개월 전
y_66_195,전주 하운드호텔-덕진점,gudel1,깨끗하고 친절하고 아침식사도 맛있습니다.매우 만족합니다,5,2개월 전
y_66_196,전주 하운드호텔-덕진점,쥬욘쓰,"이번주는 비가 많이와서 더더욱 숙소의 메리트가 커지네요! 항상 방문할때마다 환대해주시는 직원분들 덕에 올때마다 하운드는 기분이 좋아집니다! 좋은 객실로 주려고 애써주시는것도 그렇고 항상 외관부터 복도 그리고 객실내부까지, 화이트와 우드톤으로 따뜻한 느낌을 자아내는 것 같아요 이번엔 다른 느낌의 비즈니스룸을 이용해봤는데 객실내부는 좀 좁은 느낌이었으나 오히려 좁은만큼 에어컨이 시원하게 돌아서 맘에 들었습니다~! 내부느낌도 색다른 기분이었어서 이런저런 객실을 경험해보는 것 같아 좋았습니다^^",5,9개월 전
y_66_197,전주 하운드호텔-덕진점,뚠빵뚜뚜,고급진 느낌이긴합니다. 인테리어도 예쁘구요. 주차 방문으로 예약했는데 만차여서 어떻게하면 되는지 여쭤봤는데 약간 귀찮아하시는게 좀 그랬어요. 옷은 블라인드쪽에 걸게되어있는데 블라인드에 먼지가 잔뜩 쌓여있어서 옷에 먼지가 묻었어요. 샤워부스 위쪽도 먼지가.. 연장도 어플보다 현장 비용이 더 비싸서 어플에서 대실 결제하면 안되냐니까 안된다고..ㅎㅎ 남자분도 여자분도 약간 진상 보듯이 하는게 기분나빳네요.. 근처 사는거 아니라 다신 갈일 없을것 같아요ㅜㅎ,3,5개월 전
y_66_198,전주 하운드호텔-덕진점,남다르고푸른기저귀,여행와서 편하게 쉬다가 갑니다.,4,7개월 전
y_66_199,전주 하운드호텔-덕진점,막강한올빼미1,"출장이 잦아 여러곳을 다녀봤지만~여기 만큼 너무 깨끗하고 만족스러웠던 곳이 드물었습니다!!!!! 다음에도 재방문 의사가 있으며,주변 지인들과 회사 동료에게도 적극 추천하겠습니다!!!!욕실은 수압이 너무 좋고~따뜻한 물이 너무 잘나와서 좋았구요~침대는 푹신푹신 하니 누우면 계속 잠이 올 만큼 편안했습니다~물도 많이 있어서 너무 좋았습니다~사장님도 너무 친절하셨습니다!하루 편안하게 푹 쉬었다가 갑니다!번창하시구요~늘 응원하겠습니다!!!!!",5,5개월 전
y_66_200,전주 하운드호텔-덕진점,조용한금연방,시설 깨끗하고 조식주시고 조용하고 화장실이특히 깨끗해서 좋았습니다 다음 출장시 또 들러겠습니다.,4,5개월 전
y_66_201,전주 하운드호텔-덕진점,ekdnd5274,시설도 깔끔하고 내부에서 냄새도 없고 너무 만족해서 자주 이용하는 곳입니다. 주차공간도 2곳이나 있어 부담없이 이용할 수 있어 너무 좋습니다. 앞으로도 자주 이용할게요!,5,3개월 전
y_66_202,전주 하운드호텔-덕진점,대세2,잘쉬다 갑니다 좋네요~~,4,8개월 전
y_66_203,전주 하운드호텔-덕진점,우스꽝스러운역술가,생긴지 얼마 안돼서 그런지 엄청 깨끗해요 객실 무료 업그레이드도 해주시고 욕실도 넓어서 좋았어용,4,3개월 전
y_66_204,전주 하운드호텔-덕진점,등황색군복,건물 깔끔하고 다 새거같아요 방이 조금 좁긴하지만 하루자는데 전혀 불편함없구 화장실이랑 침구 깨끗해요! 굳이 아쉬운점을 꼽자면 수건 한개에 머리카락들이 있었어요 나머지 수건은 깨끗했네용,4,12개월 전
y_66_205,전주 하운드호텔-덕진점,ekdnd5274,시설도 깔끔하고 가격도 괜찮고 주차 시설도 잘 되어있어서 좋았습니다!,4,4개월 전
y_66_206,전주 하운드호텔-덕진점,유라이언의라이언,북대 쪽에서는 진짜 여기만 가요 .. 젤 깔끔해요 가끔 머리카락 한두가닥 떨어져있는거만 빼면 좋아요 이주변에선 젤 깔끔!!,5,2개월 전
y_66_207,전주 하운드호텔-덕진점,까*****,덕진 공원 근처라서 좋아요 대실 가격도 저렴,5,6개월 전
y_66_208,전주 하운드호텔-덕진점,세상은언제나,호텔급 맞습니다/ 모두 친절하시고 / 조식 가능/ 실내 너무 쾌적 / 강추강추/ 사장님이 호텔급으로 운영중 / 최소 4성급 이상입니다 ~~주차장도 커요~~^^ 사장남 이런 컨디션 계속 유지 해주세요,5,8개월 전
y_66_209,전주 하운드호텔-덕진점,푸긴,맘에들어요 깨끗하고 좋습니다,5,2개월 전
y_66_210,전주 하운드호텔-덕진점,서른아홉스님,시설 깨끗하고 조적욕조 너무 좋아요~ 잘 쉬었다가 갑니다. 그리고 친절하세요~,5,2개월 전
y_66_211,전주 하운드호텔-덕진점,몽키서퍼,깔끔하고 아주 좋습니다,5,2개월 전
y_66_212,전주 하운드호텔-덕진점,gojiberry,뷰가 좀 아쉬웠어요 리모델링이 좀…,3,2개월 전
y_66_213,전주 하운드호텔-덕진점,강렬하고강렬한희갈색,"주차장부터 로비, 객실 모두 너무 깨끗합니다. 덕진구에서 가장 깨끗한 호텔인 것 같습니다. 침구도 너무 편하고 무조건 재방문 할 예정입니다!",5,11개월 전
y_66_214,전주 하운드호텔-덕진점,다이제쵸코,객실이 넓진않지만 필요한건 다 있고 가성비 아주 좋았어요,4,4개월 전
y_66_215,전주 하운드호텔-덕진점,막강한올빼미1,"출장이 잦아 여러곳을 다녀봤지만~여기 만큼 너무 깨끗하고 만족스러웠던 곳이 드물었습니다!!!!! 다음에도 재방문 의사가 있으며,주변 지인들과 회사 동료에게도 적극 추천하겠습니다!!!!욕실은 수압이 너무 좋고~따뜻한 물이 너무 잘나와서 좋았구요~침대는 푹신푹신 하니 누우면 계속 잠이 올 만큼 편안했습니다~물도 많이 있어서 너무 좋았습니다~사장님도 너무 친절하셨습니다!하루 편안하게 푹 쉬었다가 갑니다!번창하시구요~늘 응원하겠습니다!!!!!",5,9개월 전
y_66_216,전주 하운드호텔-덕진점,동진23,깨끗해요 너무 좋아요!,5,6개월 전
y_66_217,전주 하운드호텔-덕진점,시쿰한고뿔,깨끗하고 좋아요 굿!!,5,10개월 전
y_66_218,전주 하운드호텔-덕진점,장동주6,새 시설이라 깨끗하고 친절하고 아침 조식까지 맛있었습니다. 추천합니다.,5,10개월 전
y_66_219,전주 하운드호텔-덕진점,현대연예인,가성비 좋은 숙소입니다.,4,7개월 전
y_66_220,전주 하운드호텔-덕진점,불멸의복실이,깨끗하고 편해서 너무좋아요,5,2개월 전
y_66_221,전주 하운드호텔-덕진점,91세수갑,새로 지어서 깨끗하고 인테리어는 좋은데 커튼이 암막이 아니라 아쉽고 많이 좁은 편입니다 그리고 방음이 안돼요 물소리 바닥에 뭐 두는소리나 에어컨에서 뭐가 덜컹거리는 소리가 나요,4,5개월 전
y_66_222,전주 하운드호텔-덕진점,지몽s,숙소 크기가 좀 작은 편입니다 작은 방에 딱 필요한 것만 오밀 조밀 구성해놓았네요 ㅋ 방음은 좀 안되는 편이라 아쉽네요 잘 쉬었습니다,4,10개월 전
y_66_223,전주 하운드호텔-덕진점,유쾌하고푸른이메일,좋았습니다 다음에 또 오겠습니다,5,6개월 전
y_66_224,전주 하운드호텔-덕진점,콩아알,너무 깔끔하고 좋았어여!,5,6개월 전
y_66_225,전주 하운드호텔-덕진점,탕탕후후루루,침구 이불에 붉은 얼룩이 남아 있더라구요 그외엔 다 좋았습니더,4,9개월 전
y_66_226,전주 하운드호텔-덕진점,용소폭포예복,근방에서. 제일 좋은것 같아요,5,6개월 전
y_66_227,전주 하운드호텔-덕진점,황제폥수,아침 조식 식사까지 정말 완벽했어요ㅎ,5,6개월 전
y_66_228,전주 하운드호텔-덕진점,이하앗,객실 컨디션도 너무 좋고 직원분들도 너무 친절하십니다! 침대 너무 편하고 너무 좋아요~ 다만 아쉬운게 있다면 복도쪽 방음이 잘 안돼서 그건 조금 아쉬웠습니다 ㅜㅜ,5,1년 전
y_66_229,전주 하운드호텔-덕진점,욕실환경중요,직원 태도 좋고 건물도 새건물이였습니다. 아쉬운 점 2가지 객실간 방음이 거의 안되요. 소리 다들립니다 냉온 샤워기 조절이 극단적이에요. 조금만 돌리면 뜨겁고 조금만 돌리면 차갑고...,4,8개월 전
y_66_230,전주 하운드호텔-덕진점,어때여깅깅,잘쉬다갑니다 수고하세여 ㅎ,4,3개월 전
y_66_231,전주 하운드호텔-덕진점,익명77777,너무좋아요 너무친절하세요,5,1개월 전
y_66_232,전주 하운드호텔-덕진점,농약맛희우유,세번째이용입니다 옆방소음이과 엘베앞이라 사람들소리가 꽤 잘들렷습니다,5,10개월 전
y_66_233,전주 하운드호텔-덕진점,잇꾸,깨끗하고 조용하고 쾌적함! 저렴하게 잘 쉬었다 가요,3,2개월 전
y_66_234,전주 하운드호텔-덕진점,용맹하고확실한체육복,추천할만합니다 좋습니다,5,1개월 전
y_66_235,전주 하운드호텔-덕진점,자립적이고깔끔한폭스테리어,"전주에 놀러와서 푹 쉬다가 가네요~ 호텔 너무 좋고요~ 다만 아쉬운건 물의 온도가 맞춰놔도 자꾸 바뀌었다 말았다 하는 점이 조금 아쉽지만 호텔가면 한층 업그레이드해주셔서 너무 감사했네요~ 월요일은 조식이 없지만 조식이 있는 날에는 정말 너무 너무 맛있는 조식이 나와요~ 다른 숙소와 달리 토스트, 라면에서 끝나는게 아닌 밥과 반찬들이 나와서 너무 잘 먹고 든든하게 먹고 가네요~ 침대도 너무 푹신하고 좋고 무엇보다도 드라이기 바람 쎄기가 엄청 강해서 너무 좋네요~~~~~!",5,7개월 전
y_66_236,전주 하운드호텔-덕진점,자립적이고깔끔한폭스테리어,너무 좋았습니다!!!,5,6개월 전
y_66_237,전주 하운드호텔-덕진점,어때여깅깅,잘쉬다갑니다 수고하세료,5,10개월 전
y_66_238,전주 하운드호텔-덕진점,흔쾌한연애,"항상 깨끗한 숙소 근교에 덕진공원과 대학로가있어 볼거리와 먹거리가 많습니다. 또한 숙소 근처에 편의점도 가까워 필요물품 구매하기에 편리합니다 드라이기&고데기 유닉스 제품이며, 출력이 매우 좋습니다. 두기기 사용관련하여 매우 만족합니다. 고데기는 신식이며 머리가 타지 않고 매우 잘 먹습니다. 방에 비치된 디퓨저(오션브리즈)의 향도 매우 좋았습니다. 각종 어메니티 또한 잘 준비되어있으며, 수건이 두툼하여 매우 좋았습니다. 수건 추가 요청이 필요 없을 정도었습니다. 사장님또한 매우 친절하십니다. 사장님께서 방을 업그레이드 해주셔서 스타일러와 공기청정기가 있는 좋은방 잘 사용했습니다. 다음에 재방문하고싶습니다",5,1년 전
y_66_239,전주 하운드호텔-덕진점,고메압지,"깨끗하고, 청결하고 아침식사 가성비도 좋은데 금주는 조용하지 않아 숙면에 방해가 되었습니다",4,8개월 전
y_66_240,전주 하운드호텔-덕진점,농약맛희우유,두번째 이용입니다. 화장실깨끗하고 침구깨끗하고 마음에 듭니다. 다음에도 이용하고싶습니다,5,11개월 전
y_66_241,전주 하운드호텔-덕진점,jsyou7458,사장님께서 너무 친절하시게 응대해주셨고 덕분에 아가와 편하게 쉬고 갑니다.,5,6개월 전
y_66_242,전주 하운드호텔-덕진점,유머러스하고독특한북,저희부모님이 묵으셨는데 너무 좋아하셨어요. 특히 침구가 정말 쾌적하다며 그 자체로 힐링이셨다네요. 보통은 조식 드시면 바로 짐싸서 나오시는데 이 곳은 다시 들어가셔서 체크아웃시간까지 꽉채워오셨다합니다 ㅋㅋ 주인분께서도 정말 친절하시다며 최고의 숙소였다고 하셨어요.,5,9개월 전
y_66_243,전주 하운드호텔-덕진점,유쾌하고푸른이메일,여러번 방문하고 항상 깨끗하고 좋습니다. 주차도 하기 편하고 침구 및 다른 모든것이 깨끗해서 편안합니다. tv도 넷플릭스도 잘볼수있고 간단한 요기하기 좋은 테이블과 의자도 있습니다 전주출장이 많아서 자주 오게 되네요 다음에도 다시 오려고합니다. 충전기 대여서비스도 별거 아닌거 같지만 아주 유용합니다. 다른데서는 충전속도가 느리기도한데 초고속충전기로 아주 잘 사용했습니다. 침구도 부드럽고 전기장판도 아주따뜻합니다. 공기도 훈훈하여 다른 모텔 들어갈때와 만족도가 달라요,5,6개월 전
y_66_244,전주 하운드호텔-덕진점,소소하고엄청난올블랙고양이,쾌적하고 친절하고 좋아여 스타일러가 있어서 티셔츠 넣고 소독했어요 ㅎㅎ,4,12개월 전
y_66_245,전주 하운드호텔-덕진점,광적인폭력,오늘은 샤워실(화장실)공간이 너무 작아서 불편 합니다,3,5개월 전
y_66_246,전주 하운드호텔-덕진점,남다르고신나는모카색,새 집 냄새 같은게 처음엔 좀 났어요. 환기시키니까 많이 나아졌어요. 침구 청소 상태 만족스러웠습니다.,5,12개월 전
y_66_247,전주 하운드호텔-덕진점,쿵순마미,"숙소 깨끗하고 밤에 따뜻하고 조식도 한식도 있고 토스트,커피,쥬스,우유,시리얼까지 ....대만족입니다... 단. ..샤워시...갑자기 뜨근물 나와서 놀났네요",5,7개월 전
y_66_248,전주 하운드호텔-덕진점,애매모호한제임스,객실은 깨끗합니다 다만 에어컨에서 잡소리 엄청크게 나서 잠을 제대로 못 잤습니다 겨울이라 에어컨도 안 켰는데 왜 소리가 크게 나는지 알수가 없네요,3,5개월 전
y_66_249,전주 하운드호텔-덕진점,깔끔하고우호적인익산,숙소가너무깨끗하고 욕조랑스타일러까지있어서 잘자고나왔습니다 ~~ 감사해요😍💗,5,12개월 전
y_66_250,전주 하운드호텔-덕진점,야망넘치는나,기업 행사가 있어서 왔는데 직원분들 엄청 친절하고 편의도 봐주시고 좋았습니다~! 감사합니다!,4,8개월 전
y_66_251,전주 하운드호텔-덕진점,꼼꼼하고유쾌한올블랙고양이,깔끔하고 아침밥 좋아요,5,1개월 전
y_66_252,전주 하운드호텔-덕진점,아흔살네크로맨서,신축이라 깨끗하고 서비스도 좋아요. 다만 온수가 오락가락 하네요. 뜨거웠다 차가웠다 온도변화가 너무 심해요,4,1년 전
y_66_253,전주 하운드호텔-덕진점,초*****,생긴지 얼마 안된 곳이라서 너무 깔끔하고 사진과 똑같았어요! 직원분들도 정말 친절하시고 조식도 있고 가성비도 좋아 만족스러웠습니다. 덕진공원도 걸어가기 좋아요~ 헤어드라이어뿐만 아니라 고데기도 있어서 사장님의 센스에 감탄했습니다!,5,5개월 전
y_66_254,전주 하운드호텔-덕진점,인*****,좋아요 좃아요좋아요 좃,3,4개월 전
y_66_255,전주 하운드호텔-덕진점,이강소,주변 모텔들과는 확실히 다른 느낌이에요 훨씬 깔끔하고 직원분도 친절해요! 주차공간도 넉넉해서 차 가지고 가기도 좋아요ㅎㅎ,5,8개월 전
y_66_256,전주 하운드호텔-덕진점,쭈뼛한산드레,깔끔하고 친절하시고 조식 이용까지 완벽했습니다- 킹갓성비 인정입니다!,5,7개월 전
y_66_257,전주 하운드호텔-덕진점,조물주,두번째 방문입니다. 전주에 오면 여기 호텔만 픽할꺼같아여. 일단 너무 깔끔하구 시설두 좋아여 호텔 근처에 맛집두 많이있구 덕진공원두 넘 이뻐여~ 완전 강츄 입니다~~~ 👍🏻,5,3개월 전
y_66_258,전주 하운드호텔-덕진점,놀려고기역,깨끗하게 이용했습니다,5,7개월 전
y_66_259,전주 하운드호텔-덕진점,otsep,깔끔하고 세련된 인테리어와 룸 컨디션이 마음에 드는 숙소예요. 어느 룸에나 구비되어 있는 스타일러가 마음에 듭니다. 침구 상태도 가지런하고 깨끗했어요. 어메니티도 잘 갖춰져 있고 OTT 이용하기도 편리해서 좋아요. 다만 리모컨 사용은 다소 불편합니다. 모쪼록 편안히 잘 묵었습니다.,5,9개월 전
y_66_260,전주 하운드호텔-덕진점,한씨여행가,"출장으로 방문한 숙소중에 최고 인거 같습니다. 직원분들도 친절하시고 객실도 깔끔, 청결 그자체!!! 그리고 조식까지….최고…..!!!! 다음에도 또 방문하겠습니다 : )",5,3개월 전
y_66_261,전주 하운드호텔-덕진점,dndksp,시설 깔끔하고 공기청정기에 스타일러까지 있으니 연인이랑 “와 이런것도 있네?”하면서 감탄했어요ㅋㅋ 그리고 조식 서비스도 있었는데 못 먹고 잠을 자벌렸어요.. 그게 아쉽네요. 또 직원분이 친절하게 응대해주셔서 너무 기분 좋았어요.,5,5개월 전
y_66_262,전주 하운드호텔-덕진점,영이229,"프론트 여자직원분 너무 친절하시고, 급하게 간 여행이라 충전기도 못챙겼는데 먼저 물어봐주시고, 충전기대여까지! 룸상태는 진짜 너무 깨끗했어요 이불이 너무 맘에들어ㅠㅠㅠㅠ 푹자다가 나왔어요! 다음에 또 방문할게요!",5,10개월 전
y_66_263,전주 하운드호텔-덕진점,잭1234,너무 너무 좋습니다 적극 추천합니다,4,4개월 전
y_66_264,전주 하운드호텔-덕진점,침착하고우호적인시멘트,편안하게 쉬었어요//,5,2개월 전
y_66_265,전주 하운드호텔-덕진점,매콤삼계탕,따뜻한 물이 너무 오락가락해서 힘들었습니다 다른 건 깔끔하고 좋아요,4,4개월 전
y_66_266,전주 하운드호텔-덕진점,조용한금연방,사장님 친절하시고 간단조식이 빵종류가 엄청 많아서 좋았습니다,4,6개월 전
y_66_267,전주 하운드호텔-덕진점,LyNNa248,여기만큼 좋은뎈 없는것 같아요,5,2개월 전
y_66_268,전주 하운드호텔-덕진점,먕고빛,숙소 깨끗하고 정돈 잘 되어있고 욕실도 너무 깨끗해서 전주갈 때 다시 가고싶을 정도에요,5,7개월 전
y_66_269,전주 하운드호텔-덕진점,54나그네,자주 이용하고 있습니다. 전북대 근처에서 편하게 이용할 수 있고 청소 상태 좋습니다.,5,3개월 전
y_66_270,전주 하운드호텔-덕진점,머레이27,"오래 사용안한듯 인터폰에는 먼저가 가득해서 인상이 찌푸려졌고, 바닥은 청소를 제대로 한건지 머리카락이 군데군데... 아이랑 반신욕하려고 욕조에 물떼를 보고 포기했고..샤워기 물은 뜨거웠다가 차가웠다가...한숨이 나왔습니다. 평소 좋은게 좋은거라고 잘 넘어가는 편인데 늦은시간 체크인했고 남은 방이 없어 컴플레인 하려다가 못한게 너무 후회되네요.. 전주 여행가면 다신 안갈것 같고 사용하지 않는 객실이라도 주기적으로 청소하시면 좋겠네요.. 욕실 샤워기 물 점검은 꼭 받으시는게..",1,8개월 전
y_66_271,전주 하운드호텔-덕진점,시커먼인생,주차공간도 넓어서 주차하기 편했고 숙소도 깔끔해서 하루 자기 딱 좋아요!,4,5개월 전
y_66_272,전주 하운드호텔-덕진점,54나그네,항상 잘 이용하고 있습니다. 깔끔하고 편안해요.,5,3개월 전
y_66_273,전주 하운드호텔-덕진점,복숭아여우,엄마랑 갔는데 직원분도 친절하시고 무료로 한단계 업그레이드도 시켜주셔서 편히 쉬었다 왔어요~ 조식도 맛있게 먹고 가요~ 감사합니다,4,8개월 전
y_66_274,전주 하운드호텔-덕진점,어리숙한운동복,깨끗하고넓고 좋아요 방업그레이드 해주셔서 잘있다갑니다,4,3개월 전
y_66_275,전주 하운드호텔-덕진점,닉넴므하지,엄청 친절 하시고 객실이 진짜 깨끗해요!!아늑하고 침대도 편하고 티비도 엄청 커서 잠 잘옴ㅎㅎ다음에 또 방문할게용🫶🏻,5,7개월 전
y_66_276,전주 하운드호텔-덕진점,이강소,샤워기에서 한번씩 엄청 뜨거운 물이 나오는 거랑 방 사이즈 작은 것 빼고는 너무 만족스러웠습니당 침구 푹신하고 전기장판 있구 티비도 엄청 커요ㅎㅎ,5,6개월 전
y_66_277,전주 하운드호텔-덕진점,세상은언제나,깨끗하고 따스하고 / 프런트도 너무 친절하세요/ 다음 출장에 다시 숙박~~^^,5,7개월 전
y_66_278,전주 하운드호텔-덕진점,이뜨당,우왕 깔끔하고 예뻐요 다만 주차자리가 아쉬울분 ㅠㅠ 다음에 또 올거에요,4,3개월 전
y_66_279,전주 하운드호텔-덕진점,아안아,최고에요 지금까지 이용해본 숙소중에 모든면이 아주 마음에 들었습니다 전주 갈때마다 애용 할 것 같습니다최고에요 지금까지 이용해본 숙소중에 모든면이 아주 마음에 들었습니다 전주 갈때마다 애용 할 것 같습니다최고에요 지금까지 이용해본 숙소중에 모든면이 아주 마음에 들었습니다 전주 갈때마다 애용 할 것 같습니다최고에요 지금까지 이용해본 숙소중에 모든면이 아주 마음에 들었습니다 전주 갈때마다 애용 할 것 같습니다최고에요 지금까지 이용해본 숙소중에 모든면이 아주 마음에 들었습니다 전주 갈때마다 애용 할 것 같습니다최고에요 지금까지 이용해본 숙소중에 모든면이 아주 마음에 들었습니다 전주 갈때마다 애용 할 것 같습니다,4,4개월 전
y_66_280,전주 하운드호텔-덕진점,고메압지,"깨끗하고, 조용합니다. 아침식사도 가성비가 좋아요",4,8개월 전
y_66_281,전주 하운드호텔-덕진점,코코지z,방음이 잘 안됐어요 방은 아기자기하니 귀여워요,3,3개월 전
y_66_282,전주 하운드호텔-덕진점,아무렇지않은폭스하운드,깔끔하고친절하시고너무좋아요,4,9개월 전
y_66_283,전주 하운드호텔-덕진점,프리우느,전반적으로 숙소가 깔끔하며 신축으로 지어진지 오래되지 않아 쾌적합니다. 비즈니스 출장 목적 숙박하시는분이나 여행 차원에서 숙박하시는분들 모두 만족하실 겁니다. 추가적으로 조식이 제공되니 아침에 든든하게 하루를 시작하실 수 있습니다. 다만 월요일 조식은 제공되지 않는점은 알고가시면 좋을것 같습니다. 근처에 덕진공원 걸어서 5분거리이며 역 터미널 차로이동 하면 멀지 않습니다. 또한 주변에 전북대 상권이 형성되어 있어 음식이나 장보시는것도 편리하실 겁니다. 짧은 후기 공유드리니 참고하시면 됩니다.,5,11개월 전
y_66_284,전주 하운드호텔-덕진점,냉정한철도,시설이나 청결함은 최고,5,1년 전
y_66_285,전주 하운드호텔-덕진점,다차원적인제이콥,오픈한지 얼마 되지 않아 깔끔해서 좋아요,5,1년 전
y_66_286,전주 하운드호텔-덕진점,Parachutist,"진짜.. 전국 방방곳곳 돌며 이렇게 깨끗하고 아늑한 호텔 못봤어요. 스타일러도있고 공기청정기도 있고,넷플릭스까지 되는데 가격은 혜자입니다. 체인점으로 전국에 다 있었으면 좋겠어요 굿",5,10개월 전
y_66_287,전주 하운드호텔-덕진점,오호라면,깔끔하고편히쉬었다갑니다,5,10개월 전
y_66_288,전주 하운드호텔-덕진점,소금강아이콘,항상 친절하게 응대해주시고 자주 쉬러가는데 룸 업그레드도 해주셔서 정말 편하게 쉬다갑니다 . 전주에서는 하운드말고는 딴곳은 안갈정도로 최고중에 최고입니다 !,5,11개월 전
y_66_289,전주 하운드호텔-덕진점,필*****,깔끔하고 직원분들도 친절해요,5,11개월 전
y_66_290,전주 하운드호텔-덕진점,스티브킴2017,즐겁게 하루 쉬어갑니다.,4,1년 전
y_66_291,전주 하운드호텔-덕진점,6524865,객실 깨끗하고 직원분들도 친절합니다. 조식도 맛있네요.,5,11개월 전
y_66_292,전주 하운드호텔-덕진점,엑스포타워변화,침대도좋고 깨끗하고 좋아요,4,1년 전
y_66_293,전주 하운드호텔-덕진점,이강소,너무너무 좋아요 넓고 포근하고 깨끗하고 주차 편하고 직원분도 친절해용,5,3개월 전
y_66_294,전주 하운드호텔-덕진점,성산일출봉낚시꾼,이근방에서 여기가 제일 좋은것 같습니다 몇번이용해봤지만 아직 이만한곳을찾지못했어요,5,7개월 전
y_66_295,전주 하운드호텔-덕진점,plum12345,근처 숙소에 비해 새로생긴 곳이라서 월등하게 좋았음. 조식무료제공인 점도 좋아요! 번창하세요!,5,11개월 전
y_66_296,전주 하운드호텔-덕진점,울릉도잔당,직원분들 너무 친절하셔서 좋았구요 룸컨디션은 최근 다녀본 숙소중 최고였어요 욕실까지 완벽히 청결했습니다!!,5,9개월 전
y_66_297,전주 하운드호텔-덕진점,iwantobewoo,룸 업그레이드 해주셔서 너무 감사했고 주차도 만차 시 다른 곳으로 안내해주셔서 감사했습니다 청결했고 너무 만족해서 다음에도 방문하고싶어요,4,11개월 전
y_66_298,전주 하운드호텔-덕진점,빛깔견과,사진에서 보는것보다 좁아여 침대 하나만 겨우 있는데 너무 깔끔하고 깨끗해서 좋았고 조식이 너무 맛있었어요 ㅋㅋㅋㅋ 가성비 최고였어요!,5,10개월 전
y_66_299,전주 하운드호텔-덕진점,쉰여섯서버,깨끗하고 침구도 좋았습니다. 무엇보다 제입에는 조식이 제일 좋았습니다.,4,3개월 전
y_66_300,전주 하운드호텔-덕진점,조용한금연방,시설 깨끗하고 조식주시고 조용하고 화장실이특히 깨끗해서 좋았습니다 다음 출장시 또 들러겠습니다.,5,5개월 전
y_66_301,전주 하운드호텔-덕진점,리뷰절대안씀,사장님이 너무 친절하시고 시설이 너무 좋아요,5,11개월 전
y_66_302,전주 하운드호텔-덕진점,어디갔때,출장와서 지내고갔는데 깔끔하고 너무 좋았네용ㅎㅎㅎㅎ 조식도 맛있고 재반문의사 100000% 입니닿ㅎㅎㅎㅎ,5,3개월 전
y_66_303,전주 하운드호텔-덕진점,조물주,요기 엄청 친절하시고 방도 넘넘 깨끗해여 담에 전주오게되면 무조건 픽입니다.,5,3개월 전
y_66_304,전주 하운드호텔-덕진점,공쥬2223,주차장 공간 넓고 좋음 직원분 착하심 방상태 매우 깨끗 특히 이불 👍👍,5,7개월 전
y_66_305,전주 하운드호텔-덕진점,20세기사회초년생,진짜 완전 깔끔하고 화장실이 최고에요. 여태 방문한 숙소 중에서 인테리어가 가장 세련되고 멋있었어요👍 기회가 된다면 다음에도 방문할게요!,5,9개월 전
y_66_306,전주 하운드호텔-덕진점,음지의마왕,일단 사장님이 친절해요 전날에가고 다음날 갔는데 기억해주시더라고요 신경을 써준다는 이야기죠 그리고 방도 업그레이드 아끼지 않고 해주십니다 모텔 장사 할 줄 아시는분 그리고 여기 진짜 방 좋습니다 믿고 가보세요,5,5개월 전
y_66_307,전주 하운드호텔-덕진점,bhu1120,출장 으로 방문 했는데 방도 너무 깨끗하고 직원분들도 친절 하셨어요~ 맛있는 조심 까지 넘 만족 했습니다 다음에도 꼭 다시 이용 하겠습니다 ㅎㅎ,4,8개월 전
y_66_308,전주 하운드호텔-덕진점,곤우넨네,깨끗하고 신축이에요 좋아요,4,3개월 전
y_66_309,전주 하운드호텔-덕진점,Bongsu,모든게 만족스러우나 한가지. 물의 온도가 너무 차가웠다 뜨거웠다. 맞춰지지가 않아서 불편 했습니다. 나머지는 다 좋습니다!,4,8개월 전
y_66_310,전주 하운드호텔-덕진점,유쾌하고푸른이메일,충전기대여도 편리 깨끗하고 친절합니다,5,8개월 전
y_66_311,전주 하운드호텔-덕진점,mnmmmmm,출장와서 방문했는데 깔끔하고 친절하시고 조식도 나쁘지 않았습니다. 방음 안되는거야 다른곳들도 비슷한거 같고 아쉬운건 물 온도가 왔다갔다 하고 술한잔 하면서 티비 시청 할만한 테이블이 없었습니다. 그래도 만족!,5,11개월 전
y_66_312,전주 하운드호텔-덕진점,놀러가자이앙,인테리어도 좋고 편안했습니다,5,4개월 전
y_66_313,전주 하운드호텔-덕진점,원스파덜,잰주에서 제일 깨끗하고 조식도 맛있어요,4,5개월 전
y_66_314,전주 하운드호텔-덕진점,혁신적인운동화,쾌적하고 직원분들도 엄청 친절하십니다 다음에 또 이용하려고합니다😊,5,10개월 전
y_66_315,전주 하운드호텔-덕진점,요즘어때욯,매우 깨끗 매우 친절 연박일때는 꼭 청소를 별도로 요청하세요!,5,11개월 전
y_66_316,전주 하운드호텔-덕진점,아무렇지않은폭스하운드,사장님친절하시구업그레이드까지해주셔서너무좋았습니다,5,9개월 전
y_66_317,전주 하운드호텔-덕진점,기름벌레,조식 및 숙소 상태 훌륭하였습니다.,4,8개월 전
y_66_318,전주 하운드호텔-덕진점,밍밍2,엄청 친절하고 방 내부도 신축이라 깨끗합니당,5,11개월 전
y_66_319,전주 하운드호텔-덕진점,가련하고가냘픈우주계,진짜 깨끗하고 사장님도 친절하세요. 가격도 굉장히 합리적이에요 너무 만족하고 갑니다!!,5,8개월 전
y_66_320,전주 하운드호텔-덕진점,피묻은컴퍼스,그냥 모텔 1만원 짜 리 딱 대실 모텔임,0,4개월 전
y_66_321,전주 하운드호텔-덕진점,성산일출봉낚시꾼,여기는 너무 좋아요 이번출장도 여깁니다,5,7개월 전
y_66_322,전주 하운드호텔-덕진점,엑스포타워변화,출장가면 항상 여기서 자요,5,7개월 전
y_66_323,전주 하운드호텔-덕진점,웅토리,매뉴얼이 진짜 호텔처럼 해주시더라구요 방도 깨끗하고 좋았는데 샤워할때 물 온도가 차가워졌다가 뜨거워졌다가 계속 이러는거 말곤 다 좋았어요,5,12개월 전
y_66_324,전주 하운드호텔-덕진점,독특하고푸른보조개,오픈 첫날 갓다가 오랜만에 방문했는데 여전히 깔끔하구 직원분들도 넘나 친절스 하셔서 좋았습니다:),5,1년 전
y_66_325,전주 하운드호텔-덕진점,창창한사시나무,주차장도 넓고 객실도 깨끗하고 좋았어요 다시 방문하고 싶을정도로요 ㅎㅎㅎㅎ,5,10개월 전
y_66_326,전주 하운드호텔-덕진점,붕붕777,좋아요 굿입니다 다음에도 이용할게요,5,4개월 전
y_66_327,전주 하운드호텔-덕진점,소금강아이콘,룸 업그레이드도 해주시고 감사합니다,5,11개월 전
y_66_328,전주 하운드호텔-덕진점,소금강아이콘,굿굿굿 사장님이 정말 친절하세요,5,11개월 전
y_66_329,전주 하운드호텔-덕진점,소금강아이콘,자주 이용할게요~~ 정말 굿,5,11개월 전
y_66_330,전주 하운드호텔-덕진점,뭐딩,깨끗하고 친절하고 좋았습니다,5,11개월 전
y_66_331,전주 하운드호텔-덕진점,위독한혼연,객실이 깔끔하고 쾌적하니 좋았어요. 사장님도 친절하시고요 완전 만족.,4,9개월 전
y_66_332,전주 하운드호텔-덕진점,펑티모냥냥냥,너무친절하고좋았습니다,5,4개월 전
y_66_333,전주 하운드호텔-덕진점,일하러가용,최근가본곳중에 가장깔끔했습니다. 조식도 너무좋았구요! 재방문100프로입니다 가족끼리좋은숙소입니다,5,5개월 전
y_66_334,전주 하운드호텔-덕진점,과제충2,또 가고 싶을만큼 좋아요~~,4,5개월 전
y_66_335,전주 하운드호텔-덕진점,람세스84,시설 깨끗하고 좋았습니다.,5,7개월 전
y_66_336,전주 하운드호텔-덕진점,남다르고신나는휴업,"친절하고, 굉장히 좋았습니다",5,3개월 전
y_66_337,전주 하운드호텔-덕진점,베비벱바,편하게 잘 쉬다가 갑니다!! 조식도 너무 맛있었습니다 사장님!!,5,12개월 전
y_66_338,전주 하운드호텔-덕진점,GC14999970715,주차공간도 넓고 깨끗해서 좋았어요 ㅎㅎ,5,8개월 전
y_66_339,전주 하운드호텔-덕진점,ThomasPartey,"전주 덕진구 최고의 숙소, 조식도 맛나요.",5,3개월 전
y_66_340,전주 하운드호텔-덕진점,오예우예,건물 전체가 금연 건물 같았습니다.(무언가를 작성함) 되게 깨끗한 방이었어요! 편하게 쉬다 갑니다,5,11개월 전
y_66_341,전주 하운드호텔-덕진점,브라보J,깔끔하고 조용하고 조식도 적당히 괜찮았어요,5,8개월 전
y_66_342,전주 하운드호텔-덕진점,소원권주세여,출장갈때마다 하운드 가는데 항상 친절하고 깨끗해요,5,12개월 전
y_66_343,전주 하운드호텔-덕진점,아무렇지않은폭스하운드,깔끔하고다좋은데 온수나왔다가찬물나왔다가 엄청뜨거워졌다가 물조절이잘안되네요,5,3개월 전
y_66_344,전주 하운드호텔-덕진점,callhead4,숙소가 깔끔하고 사장님도 친절하고 좋았어요 잘쉬다갑니다,5,5개월 전
y_66_345,전주 하운드호텔-덕진점,아무렇지않은폭스하운드,호캉스지대로즐겼네요,5,9개월 전
y_66_346,전주 하운드호텔-덕진점,정직하고완고한면발,잘 놀고 잘 쉬고 갑니다.,4,8개월 전
y_66_347,전주 하운드호텔-덕진점,여기오땧원,새로 리모델링?해서그런지 완전 깔끔합니다 또 방문할게요,5,1년 전
y_66_348,전주 하운드호텔-덕진점,숙소맛집내가앎,"젊은 남자사장님 너무 친절 그 잡채,,♥ 쏘스윗,,, 차량 안내도 해주시는데 뛰어서 막 해주시고 왕자님 재질임.. 친절끝판왕",5,5개월 전
y_66_349,전주 하운드호텔-덕진점,웅파르타쿠스,깔끔하고 좋습니다. 추천!,5,8개월 전
y_66_350,전주 하운드호텔-덕진점,근사한박쥐나무,너무 깨끗하고 시설도 좋아요,5,11개월 전
y_66_351,전주 하운드호텔-덕진점,예진진자,깔끔허고 좋었어요 화장실이랑 샤워실 분리 되어 있어 좋아요,5,4개월 전
y_66_352,전주 하운드호텔-덕진점,98호,숙소 나쁘지 않습니다 ㅎㅎㅎ,5,11개월 전
y_66_353,전주 하운드호텔-덕진점,숙소맛집내가앎,"친절한 분들이 반겨주시는곳은 덕진점입니다아아 하운드 덕진점은 최구야,,, 사장님 사랑해요",5,5개월 전
y_66_354,전주 하운드호텔-덕진점,소금강아이콘,항상 정말 편히쉬다가 갑니다,5,11개월 전
y_66_355,전주 하운드호텔-덕진점,가칠가칠하고가냘픈까까,프론트 직원분 친절하시고 깨끗하고 좋아요,5,10개월 전
y_66_356,전주 하운드호텔-덕진점,곤우넨네,깔끔하고 좋아요 방음이잘안되요 근데,5,4개월 전
y_66_357,전주 하운드호텔-덕진점,망밍몽밍,하필이면 무지 더운 날 방 에어컨이 잘 안돼서 말씀 드렸는데 친절히 해결해주셔서 감사했습니다,5,12개월 전
y_66_358,전주 하운드호텔-덕진점,아쿠아75,전체적으로 상태는 괜찮으나 방음이 너무 안좋습니다 그냥 옆에서 이야기 하는 수준이랄까? 방음은 완전 쓰레기 수준입니다,2,5개월 전
y_66_359,전주 하운드호텔-덕진점,소금강아이콘,항상 친절하시고 잘 해주셔서 매주 갑니다 !! 진짜 정말로 전주에서 젤루 좋아요 👍,5,10개월 전
y_66_360,전주 하운드호텔-덕진점,재2히,덕진공원 근처 숙소 중 최고입니다!,5,11개월 전
y_66_361,전주 하운드호텔-덕진점,영이229,직원분들 친절하시고 숙소도 깨끗한편이에요!!,4,10개월 전
y_66_362,전주 하운드호텔-덕진점,높직한무적함대,깔끔하고 친절하고 푹신하고 좋습니다.,5,12개월 전
y_66_363,전주 하운드호텔-덕진점,소소하고친밀한테레시,엄청깨끗하고 친절하세요 기회가된다면 또 이용할게요,5,10개월 전
y_66_364,전주 하운드호텔-덕진점,자립적이고깔끔한폭스테리어,조식이 너무 너무 맛있습니다! 시몬스 침대에..! 잘 지내다 갑니다,5,8개월 전
y_66_365,전주 하운드호텔-덕진점,선배님어디세요,진짜 여러가지로 너무 최악의 숙소였어요!!!! 첫번째 샤워하다가 진짜 화상입을뻔 했습니다...갑자기 엄청나게 데일정도로 뜨거운물이 확 나오더니 또 찬물이 확 나오고 30여분동안 10번이 넘는 횟수로 뜨거운물 차가운물 번갈아서 나와서 제대로 씻지도 못했습니다 심지어 다음날까지도 마찬가지였구요!!!!어린아이가 씻었으면 무조건 화상입습니다!!! 이러한 후기가 몇개 있던데 제발 개선좀 하세요!!!! 두번째 신축이라서 묵었더니 침구에 얼룩이 묻어있어요!!! 심지어 블라인드 커튼에도 먼지가 아주 가득가득하구요!!! 너무찝찝했어요!! 세번째 여느 숙소를 묵어도 수건을 더 달라는말에 재차 수건이 더 필요하신게 맞냐고 물어보는 경우는 처음봤습니다!! 필요하니까 달라했겠지요....머리가 길어 수건이 좀더 필요하여 체크인 했을때부터 요청했으나 방에 있으니까 써보시고 필요하면 더 드리겠다가 웬말인가요.....결국에 나중에 수건을 요청하니 또 필요하시냐고 물어보셨죠!!! 왜그러시는건가요!!! 전주 첫 방문이였는데 정말 기분만 망치는 하루였습니다!!!,1,7개월 전
y_66_366,전주 하운드호텔-덕진점,탕탕후후루루,정말 좋았어요. 또 이용할 생각있어요,4,9개월 전
y_66_367,전주 하운드호텔-덕진점,여기어때이용고객,잘 쉬다가 갑니다! 출장할때는 역시 하운드호텔❣️,5,3개월 전
y_66_368,전주 하운드호텔-덕진점,백스피디,깨끗하고 친절하고 좋아요,4,10개월 전
y_66_369,전주 하운드호텔-덕진점,연어이다,너무 깨끗하고 친절하시구 좋았어요!! 전주갈때마다 이용할거 같네요 ㅎㅎ,5,3개월 전
y_66_370,전주 하운드호텔-덕진점,메리02,깨끗하고 정말 좋았어여!,5,4개월 전
y_66_371,전주 하운드호텔-덕진점,침착하고우호적인시멘트,깨끗합니다~~^^^,5,5개월 전
y_66_372,전주 하운드호텔-덕진점,크큭킄킇,편안하게 잘 쉬다갑니다,5,5개월 전
y_66_373,전주 하운드호텔-덕진점,정직하고완고한면발,친절한 서비스 감사해요,5,9개월 전
y_66_374,전주 하운드호텔-덕진점,Money사랑,전반적으로 별로 였던 것 같습니다.. 재방문 의사는 없습니다.,2,4개월 전
y_66_375,전주 하운드호텔-덕진점,여기어때 이용 고객,숙소 깨끗하고 편하게 쉬기 좋습니다!,5,10개월 전
y_66_376,전주 하운드호텔-덕진점,맹구9,"너무 좋았어요~~ 청결하고, 룸도 업그레이드 시켜줬어옴!!! 전주오면 항상 여기 올 것 같아요",5,9개월 전
y_66_377,전주 하운드호텔-덕진점,145421,방도 넓고 깨끗하고 친절하고 조식도 맛있었습니다 tv가 꽤 커서 좋았어요,5,11개월 전
y_66_378,전주 하운드호텔-덕진점,국제시장무적함대,방이 깨끗하고 조식이 좋아요,5,11개월 전
y_66_379,전주 하운드호텔-덕진점,치킨시켜먹자,요구사항도 잘 들어주시고 업글도 해주셔서 감사합키다,5,4개월 전
y_66_380,전주 하운드호텔-덕진점,다정하고꼼꼼한안경,깔끔하고 좋은 숙소에서 잘 쉬다갑니다 ~😀,5,11개월 전
y_66_381,전주 하운드호텔-덕진점,근사한박쥐나무,너무 좋아서 깜짝 놀랐네요,5,11개월 전
y_66_382,전주 하운드호텔-덕진점,소금강아이콘,굿굿굿굿굿입니다~~,5,9개월 전
y_66_383,전주 하운드호텔-덕진점,saybolt,너무 깨끗하고 조용하고 좋아요! 아침 조식도 맛나요,5,8개월 전
y_66_384,전주 하운드호텔-덕진점,나너어때,원래 리뷰를 잘 안쓰는데.. 우선은 갈때마다 항상 사장님께서 친절하게 맞이해주셔서 너무 감사합니다. 항상 만족 대 만족입니다.,5,9개월 전
y_66_385,전주 하운드호텔-덕진점,달려봉이,조용히 깨끗한데서 잘잤어요,5,8개월 전
y_66_386,전주 하운드호텔-덕진점,무례한새우,너무 깨끗하고 깔끔했어요,5,8개월 전
y_66_387,전주 하운드호텔-덕진점,침착하고우호적인시멘트,깨끗해요__~~~~,5,5개월 전
y_66_388,전주 하운드호텔-덕진점,여기오땧원,새롭게 단장해서 너무 깔끔해요 매주 방문 예정임,5,1년 전
y_66_389,전주 하운드호텔-덕진점,재미있고자신감있는텀블러,전주 재방문 시에도 이용할 것 같습니다,5,4개월 전
y_66_390,전주 하운드호텔-덕진점,곤우넨네,항상굿!!!!!좋아요,5,4개월 전
y_66_391,전주 하운드호텔-덕진점,독립문짱동,숙소도 깔끔하고 무엇보다 조식이 너무 맛있어요,5,11개월 전
y_66_392,전주 하운드호텔-덕진점,현쮸야야,너무 깨끗하고 친절하게 알려주셔서 좋았당 ㅎ 담에 또 오고싶을정도로 좋았다! 푹쉬다 갑니당~,5,9개월 전
y_66_393,전주 하운드호텔-덕진점,르완다수초,숙소가 되게 좋았어요 ㅋㅋ,5,11개월 전
y_66_394,전주 하운드호텔-덕진점,구조적인비빔밥,청결하고 딸끔해서 좋아요,5,5개월 전
y_66_395,전주 하운드호텔-덕진점,음지의마왕,전주 텔 1티어입니다 꼭 가보세용,5,5개월 전
y_66_396,전주 하운드호텔-덕진점,아쉬운중령,좋아요 👍최고 숙소많이 가는데 제가 가본숙소 탑3안에들어요 우리집이였으면 좋겠다 생각했네요,5,5개월 전
y_66_397,전주 하운드호텔-덕진점,빛나고친숙해진잭,생각보다 숙소가 깨끗하고 좋았습니다,4,11개월 전
y_66_398,전주 하운드호텔-덕진점,Bongsu,근방에서 제일 시설이 좋은것 같습니다. 깔끔하게 잘 쉬다 갑니다!~~,5,10개월 전
y_66_399,전주 하운드호텔-덕진점,아무렇지않은폭스하운드,여기는언제나깔끔하고좋아요,5,8개월 전
y_66_400,전주 하운드호텔-덕진점,억압적인미니,친절해용 다음에 또가고싶어요,5,3개월 전
y_66_401,전주 하운드호텔-덕진점,오우주형아,숙소 깔끔하고 스타일러도 구비 되 있네요!!,5,3개월 전
y_66_402,전주 하운드호텔-덕진점,감동적이고소박한마후라,가격도 적당하고 좋아요,5,3개월 전
y_66_403,전주 하운드호텔-덕진점,계곡의수문장,전주 여행와서 너무 잘 묵다가 갑니다!,5,8개월 전
y_66_404,전주 하운드호텔-덕진점,어때여깅깅,항상 잘 쉬다갑니다 수고하세요 ㅎ,4,1년 전
y_66_405,전주 하운드호텔-덕진점,철이쩌리,깨끗한 시설 편히 쉬다 갑니다,5,5개월 전
y_66_406,전주 하운드호텔-덕진점,행복하고픈,업무상 방문하는 지역의 숙소를 이용하는 경우가 잦은 편입니다 전주 지역은 이번에는 사업관련 문제로 다시방문하게 되었습니다. 여기어때를 이용해 예약을 하게 되었습니다. 지난주에도 방문했던적이 있어서 깔끔하다는 이미지 있었습니다. 청결함은 기본이고 인테리어의 깔금함 등이 있습니다. 다음에도 고민없이 이용할것 같습니다 간단한 조식도 지원이되어서 더 좋았습니다. 물론 더 저가 숙소가 있지만 깔끔함과 적당한 각격을 선택해서 방문하는 분들에게 추전드립니다. 모두들 즐거운 하루 되세요,5,3개월 전
y_66_407,전주 하운드호텔-덕진점,양파를송송,잘 쉬다 갑니다! 항상 좋아요,5,10개월 전
y_66_408,전주 하운드호텔-덕진점,산뜻한곤룡포,조아용 ㅎㅎㅎㅎㅎ 담에 또 갈거요,5,10개월 전
y_66_409,전주 하운드호텔-덕진점,도하십이지장충,엄청 깔끔하고 편한 곳이에요,5,11개월 전
y_66_410,전주 하운드호텔-덕진점,후끈한마빈,아침도 주고 좋아요!!,5,10개월 전
y_66_411,전주 하운드호텔-덕진점,제주올레길버새,출장가서 잘 쉬다 갑니다,5,10개월 전
y_66_412,전주 하운드호텔-덕진점,분명한늑대,깨끗합니다 조용합니다,5,4개월 전
y_66_413,전주 하운드호텔-덕진점,강렬하고탁월한케이블카,아늑하고 좋습니다 자주 올게여 여기 정말 좋음,5,9개월 전
y_66_414,전주 하운드호텔-덕진점,행복하고픈,업무상 방문하는 지역의 숙소를 이용하는 경우가 잦은 편입니다 전주 지역은 사업관련 문제로 3주 연속 방문하게 되었습니다. 여기어때를 이용해 예약을 하게 되었습니다. 방문할때마다 깔끔하다는 이미지 있었습니다. 청결함은 기본이고 인테리어의 깔금함 등이 있습니다. 다음에도 고민없이 이용할것 같습니다 간단한 조식도 별도공간에서 지원이되어서 더 좋았습니다. 물론 더 저가 숙소가 있지만 깔끔함과 적당한 각격을 선택해서 방문하는 분들에게 추전드립니다. 모두들 즐거운 하루 되세요,5,2개월 전
y_66_415,전주 하운드호텔-덕진점,소소하고친밀한테레시,깔끔하고 엄청깨끗해서 좋아요,5,10개월 전
y_66_416,전주 하운드호텔-덕진점,열아홉수상식물,만족합니다. 재방문의사가 있습니다,5,11개월 전
y_66_417,전주 하운드호텔-덕진점,행복하고픈,업무상 방문하는 지역의 숙소를 이용하는 경우가 잦은 편입니다 전주지역은 이번에는 사업관련 문제로 방문하게 되었습니다. 여기어때를 이용해 예약을 하게 되었습니다. 예전에도 방문했던적이 있어서 깔끔하다는 이미지 있었습니다. 청결함은 기본이고 인테리어의 깔금함 등이 있습니다. 다음에도 고민없이 이용할것 같습니다 1층에서 간단한 조식도 지원이되어서 더 좋았습니다. 물론 더 저가 숙소가 있지만 깔끔함과 적당한 각격을 선택해서 방문하는 분들에게 추전드립니다. 모두들 즐거운 하루 되세요,5,3개월 전
y_66_418,전주 하운드호텔-덕진점,안성아나콘다,너무 깨끗하고 좋았어요,5,5개월 전
y_66_419,전주 하운드호텔-덕진점,알쏭달쏭하고긍정적인주소,이용한 숙소 중 가장 좋았어요,5,10개월 전
y_66_420,전주 하운드호텔-덕진점,재미있고진솔된호박색,방음이 하나도 안되어요 특히 복도 소음이 다 들립니다.,2,10개월 전
y_66_421,전주 하운드호텔-덕진점,쥬욘쓰,"항상 정겹게 이용해서 이제는 어느덧 단골이 되어버린 곳입니다~! 이번엔 더더욱 항상 반갑게 맞이해주시는 남자직원분께서 더 좋은 방으로 안내를 해주셔서, 짐들도 많았는데 편하게 넓직하게 이용할 수 있어서 너무 좋았습니다!! 덕분이었어요~ 여자친구도 감사하다고 프론트에서 뵈면 꼭 말씀전해달라셔서 전달해드렸는데, 찾아주시는게 감사한거라면서 오히려 되려 선의를 베풀어주셨는데도 더 겸손하게 응대해주셔서 여러모로 기분좋은 날이었습니다^^ 너무 편하게 쉬었어서 좀 더 머물고 싶은 마음에 늘 대실을 추가하는데, 이번에도 이변은 없었습니다~! 대실추가때 또한 늘 뵙던 사글사글하게 대해주시는 여자직원분께서 신경써주신 부분도 있었어서 더불어 너무 감사드렸구요! 다음에 뵐 때가 또 기대되고 기다려지는, 그런 곳입니다 하운드는!",5,7개월 전
y_66_422,전주 하운드호텔-덕진점,쥬욘쓰,항상 남자직원분께서 맞이해주시면 너무 친절하게 대해주시고 환영받고 대접받는 느낌이라 너무 좋아요! 여태까지 모든곳을 통틀어서 이렇게 기분좋게 이용하는 숙소는 없었다고 생각할 정도로 베스트오브베스트 입니다!! 이번엔 추석연휴 전 휴가까지 붙여썼더니 여유있게 여자친구랑 여행다운 여행데이트가 된 것처럼 참 좋았습니다 하운드는 외관부터해서 객실내부까지 참 깔끔하고 좋아요 대신 복도에는 에어컨이없어서 좀 더운거랑 객실내부 천장에어컨도 어느순간부터 터보로 해두어도 좀 덥더라구요 날이 폭염이라 더 그랬을지도 모르겠어요~ 재방문의사 2000%이구요 앞으로도 하운드만 이용할 생각입니다 너무편하고좋아서 대실연장한건 안비밀이요~!,5,9개월 전
y_66_423,전주 하운드호텔-덕진점,쥬욘쓰,항상 남자직원분께서 맞이해주시면 너무 친절하게 대해주시고 환영받고 대접받는 느낌이라 너무 좋아요! 여태까지 모든곳을 통틀어서 이렇게 기분좋게 이용하는 숙소는 없었다고 생각할 정도로 베스트오브베스트 입니다!! 이번엔 추석연휴 전 휴가까지 붙여썼더니 여유있게 여자친구랑 여행다운 여행데이트가 된 것처럼 참 좋았습니다 하운드는 외관부터해서 객실내부까지 참 깔끔하고 좋아요 대신 복도에는 에어컨이없어서 좀 더운거랑 객실내부 천장에어컨도 어느순간부터 터보로 해두어도 좀 덥더라구요 날이 폭염이라 더 그랬을지도 모르겠어요~ 재방문의사 2000%이구요 앞으로도 하운드만 이용할 생각입니다 너무편하고좋아서 대실연장한건 안비밀이요~!,5,9개월 전
y_66_424,전주 하운드호텔-덕진점,엄중한,현장에 와서 상황을 보고 다른부분이 있을수 있어 그 부분을 애기를 하는데 안된다만하니,1,9개월 전
y_66_425,전주 하운드호텔-덕진점,조용한금연방,시설 깨끗하고 조식주시고 조용하고 화장실이특히 깨끗해서 좋았습니다 다음 출장시 또 들러겠습니다.,5,5개월 전
y_66_426,전주 하운드호텔-덕진점,whispering,"전주의 자연과 쾌적한 시설을 한데담은 최고의 선택 전주는 그 특유의 고즈넉함, 어딜가도 맛집인 점 때문에 자주 방문하는 여행지입니다. 워낙 맛집이 몰려있다보니 한옥마을 근처에 항상 투숙했었는데요. 이번에는 2박으로 좀 길게 머물기도 하고, 우연히 본 덕진공원 풍경과 야경에 반해서 이 지역으로 첫날 숙소를 잡았어요. 결론부터 말하면 매우 만족스러웠습니다. 사실 하운드 호텔은 워낙 여러 도시에 있는 편이고, 깔끔한 시설과 호평이 많은 것으로 알고 있었는데요. 덕진점은 오픈한지도 얼마 안되어서 그런지 정말 깨끗했어요. #위치 일단 위치가 정말 좋습니다. 기차역에서는 조금 거리가 있을 수 있지만, 고속/시외 터미널에서는 정말 가까운 편이구요. 전북대가 근처에 있다보니 버스 노선도 다양했어요. 큰 길에서도 굉장히 가까운데요. 지도만 봤을때는 근처에 모텔이 워낙 많아서 좀 어두침침하고 무서울 까봐 걱정했는데 버스정류장에서 바로 골목 안쪽의 하운드 호텔이 보이고, 주차장 조명이 워낙 밝게 되어있어서 혼자 밤에 도착했는데도 무섭지 않았어요. 택시 이용할까 했었는데 버스로 워낙 가깝고, 정류장도 4개(고속터미널 기준)밖에 안되어서 버스 이용했어요. 낮에는 한옥마을로 이동하려고 또 버스 이용했는데 한옥마을 까지도 버스노선도 다양하고 굉장히 가까웠습니다. 대만족!! 밤에 한옥마을만큼 한잔하거나 야식 즐길 곳이 인접하진 않았지만, 10분내로 걸어가면 전북대 쪽 식당들을 이용할 수 있어요. 슬기네가맥을 밤에 가려고 저장해뒀는데 배가 불러서 못간게 아쉽네요 ㅎㅎ 그리고 제 목적이었던 덕진공원도 굉장히 가까워요. 5분 내로 공원 입구에 도착합니다. 아침산책으로 딱 좋았고, 연화정도서관은 외관도 내부도 굉장히 예뻤어요. 딱 전주하면 기대하는 모습인데 한옥마을처럼 붐비지도 않아서 더더욱 좋습니다. #시설 외관도 굉장히 깨끗했고, 내부도 정말 깨끗했어요. 일단 모텔과 다르게 복도가 화사하니 밝아서 좋았습니다. ㅎㅎ 새로 단장해서 그런지 인테리어/새건물 냄새가 좀 나는데 쿰쿰한 모텔 냄새보다는 2000배 괜찮죠! ㅎㅎ 객실에는 큰 공기청정기도 있어서 아주 쾌적하게 숙박했어요. 청소상태도 깔끔했습니다. 세면대에 물이 받아져 있었는데 청소하면서 실수인건지? 더러운 부분은 없었어요! 어메니티는 없을게 없을 정도로 많았습니다. 칫솔/치약도 있고 클렌징폼에 세럼까지 있더라구요 ㅎㅎ 정말 여기는 몸만 와도 되겠다 싶었습니다. 수건도 넉넉하구요! 그리고 욕실 샤워기에는 닥터피엘 필터도 장착되어있어요! 근데 완전 깨끗하더라구요 ㅎㅎ 생수는 2개 정도 있을거라 생각했는데 3병이나 있어서 놀랐습니다. 저같은 물먹는 하마들에게도 좋은 하운드 호텔 🙂 그리고 진짜 만족한 점은 베개! 저는 베개에 깐깐한 편인데 4개나 있어서 원하는 각도/푹신함을 고를 수 있었어요. 그래서 그런지 아주 꿀잠을 잤네요.. TV는 IPTV도 있지만 넷플릭스도 이용가능해요. 개인계정 없이도 가능해서 편하게 볼 수 있었어요. 방음이 아주 잘되는 편은 아닌데 객실 옆 소음이 들리진 않았고요. 단체로 오신 분들이 복도에서 떠들고 서로 찾고 대화를 많이해서 그것만 좀 불편했네요.. 그래도 5-10 분 정도 그런거라서 참을만 했습니다. 오 그리고 객실마다 차이가 있겠지만, 스타일러가 있었습니다! 스타일러로 뽀송하게 케어된 옷을 입을 수 있는 것도 좋았고, 간단하게 양말/속옷 빨아서 건조시킬 수 있으니 다음에 또 이용하게 되면 짐을 확 줄일 수 있겠더라구요 ㅎㅎ 알차게 이용했네요 🙂 주차장은 저는 차량 이용을 안했는데, 꽤 넓었어요. 그리고 산책하러 공원에 가다보니 2주차장으로 5-6개 정도 주차공간이 더 있더라구요. 차량 이용하셔도 크게 스트레스 없이 쓰실 수 있을 것 같아요. #서비스 특이했던건, 조식 서비스가 있었습니다. ㅎㅎ 반찬이 많지는 않았지만, 식빵/잼/버터와 커피/주스/우유/시리얼, 그리고 밥/국/여러 반찬류 정도 제공됩니다. 저는 아침을 챙겨먹는 편은 아닌데 간단히 먹었어요. 전주답게 맛이 좋아서.. 과식할 뻔 했네요 ㅎㅎ 콩나물 국이 나왔는데 다른때 황태국이 나오기도 하는것 같더라구요. 해장 필요하시다면 굳이 다른 식당 안찾아가셔도 됩니다! 서비스는 굉장히 좋았어요. 체크인 할때부터 친절함이 뚝뚝… 앞에 하시는 분이 있어서 기다렸는데, 진짜 친절하셔서 사장님인가 생각했습니다. 휴대폰 충전기가 객실에 없는데, 미리 체크인할때 안내하시면서 필요하면 대여해주신다고 하더라구요.. 매번 설명하기 귀찮으실텐데도.. 친절함 너무 좋았어요. 조식 먹을때 바뀐 직원분도 친절하셨고요.. 인사도 두분 다 너무 따뜻하게 해주셔서 체크인, 체크아웃 모두 기분이 좋아졌네요 ㅎㅎ",5,1년 전
y_66_427,전주 하운드호텔-덕진점,분위기전문가,안녕하세요 트립홀릭 분위기전문가입니다! 전주에 하운드라는 곳을 방문했습니다!! 우선 평일이라 가격이 매우착하고 밤늦게 방문했는데 주차자리가 남아있습니다!! 직원분인지 사장님인지 엄청 친절하시고 객실은 어차피 밤늦게 방문 하는거라 제일 싼거 오픈특가로 방문했습니다~~ 객실은 생각보다 많이 작았지만 있을건 있는!? 그런곳이고 객실이 매우 청결합니다!! 청결만점!! 침구는 시몬스라 해서 기대를 많이했는데.. 역시.. 흠.. 너무 푹신한걸 생각을 했나... 생각보다 딱딱합니다 포근하지는 않았어요 ..ㅠㅠ 그래도 잠은 잘잤습니다!! 방음! 방음은 객실이 작다보니 문쪽 방음은 안되는데 여기 층에 사람이 많이없는건지 모텔에서 들리는 그런 소리는 들리지않았고 도로랑 가까이 있어서 그런지 차 소음은 귀찮을 정도로 났습니다! 저는 밤귀 어두워서 신경쓰이진않았어요! 원래는 전주오면 방문 하는곳이 있지만 잠만 자는거라 방문했는데 이 가격에 이정도면 잘만 하다고 생각합니다^^ 디퓨저 향이 확 퍼지진 않지만 향은 좋네요^^ 여러개 배치하면 좋을거같습니다 !! 이상 트립홀릭이 분위기전문가 리뷰였습니다아!! ex. 근처에 대학이 있어서 먹을거나 배달올게 많아 좋아요^^,5,1년 전
y_66_428,전주 하운드호텔-덕진점,열세살함정,전주에 급 여행와서 하루 보내고가는 여행자입니다요. 1. 덕진공원과 가까워서 산책하기좋았습니다. 다만 4월에서 5월까지는 공사라서 타이밍이 안맞았네요 ㅎㅎ 그래도 밤에 걷고 산책하기 좋았습니다. 2. 숙소는 깔끔하게 리모델링했는지 모르겠지만. 모든 제품들이 새거로 이루워져있었구요~! 실내 공기가 좀 새거 냄새로 차 있어서 조금 아쉬웠지만 창문 좀 열고 청정기 돌리니까 조금은 나아져서 다행이였습니다. 3. 덕진공원과 북대 근처라 맛집이 많을 줄알았지만 없는듯 하네요! 4. 티비는 어마어마하게 컸어요 ㅎㅎ 깜짝놀랐습니다. 숙소가 조금 작은반면 티비가 엄청커서 놀랐습니다.!! 5. 샤워부수와 화장실 세면장 모두 같은 공간에 있으며 깔끔하기 컨디션을 유지하고있었습니담!! 6.침대도 메트리스와 침구를 신경써서 셋팅되어있었구요요요 포근하게 잠을 청할수있었습니다.!! 7. 주차공간은 1층 로비부터어어어 옆 공간까지 이루어져있어서 넉넉하게 있는걸 확인하였구요오 !! 8. 대체적으로 호텔과 비슷하기 서서비스를 하시려는게 느껴졌습니담ㅁ! 아직 꽃이 안피어서 꽃이피면 더욱 좋을듯합니다. 근처 산책코스들도 많구요. 꽃이피는 계절 다음달에 또한반 오게되면 또 한번 머물지 않을까 싶어요 전주한옥마을은 복잡하기만하고 숙소도 오래되고 시설도 좋지않앗지만 조금 벗어나면 좀 더좋은 컨디션의 숙소가 있다는걸 알았네욯 잘쉬다갑니다.,5,1년 전
y_66_429,전주 하운드호텔-덕진점,흔쾌한연애,"항상 깨끗한 숙소. 근교에 덕진공원과 대학로가있어 볼거리와 먹거리가 매우 많습니다. 또한 숙소 근처에 편의점도 가까워 필요물품 구매하기에 편리합니다 드라이기&고데기 유닉스 제품이며, 출력이 매우 좋습니다. 두기기 사용관련하여 매우 만족합니다. 고데기는 신식이며 머리가 타지ㅜ않고 매우 잘 먹습니다. 방에 비치된 디퓨저(오션브리즈)의 향도 매우 좋았습니다. 각종 어메니티 또한 잘 준비되어있으며, 수건이 두툼하여 매우 좋았습니다. 수건 추가 요청이 필요 없을 정도었습니다. 사장님또한 매우 친절하시며, 충전기 필요여부를 물어봐주십니다. 사장님께서 방을 업그레이드 해주셔서 스타일러와 공기청정기가 있는 좋은방 잘 사용했습니다. 다음에 재방문하고싶습니다 솔깃한메간 리뷰 35ㆍ사진1ㆍ장소 8 시간전 ..",5,1년 전
y_66_430,전주 하운드호텔-덕진점,물향기수목원등산화,시설이 새로 오픈한 곳이라 그런지 너무 좋습니다. 주차 공간도 넓구요. 주변에 편의시설도 있어서 편리합니다. 안내 데스크 직원분도 친절하십니다.ㅎㅎ 방 컨디션은 좋구요. 욕조도 엄청 넓습니다. 물 채우는데 시간이 좀 걸리니 참고 하시면 될 것 같습니다. 컴퓨터가 없는걸 알고 했지만 있었으면 하는 아쉬움이 남네요ㅜㅜ 스타일러도 깨끗하구요. 수압도 좋습니다. 방음도 잘 되어서 조용히 쉬다 갈 수 있었습니다. 주변에 덕진공원이 있어서 산책하기도 좋습니다ㅎㅎㅎㅎㅎ!,5,1년 전
y_66_431,전주 하운드호텔-덕진점,맘마빠빠,"출장으로 전북대학교 근처에 있는 숙소를 방문하게 되었습니다. 여러 숙소 중에서 신설된 곳을 선택했는데, 정말 만족스러운 경험이었습니다. 우선, 숙소가 굉장히 깨끗하고 편안했습니다. 체크인할 때부터 프론트 직원들이 매우 친절하게 맞아주었고, 필요한 정보들도 자세히 안내해 주어서 기분 좋게 시작할 수 있었습니다. 숙소 내부는 새로 지어진 만큼 모든 시설이 최신식이었고, 정리 정돈이 잘 되어 있어 매우 쾌적했습니다. 특히, 이번에 숙소 업그레이드를 받게 되어 더욱 넓고 좋은 방에서 머물 수 있었습니다. 출장 중이라 피곤했는데, 넓고 편안한 방 덕분에 충분히 휴식을 취할 수 있었어요. 침대도 매우 편안해서 숙면을 취할 수 있었습니다. 또한, 주차장이 넓어서 주차하는 데 전혀 불편함이 없었습니다. 출장 중에는 이동이 잦기 때문에 주차 공간이 매우 중요한데, 이 점에서도 큰 만족을 느꼈습니다. 아침에는 조식이 포함되어 있어 하루를 든든하게 시작할 수 있었습니다. 조식 메뉴도 다양하고 맛있어서 만족스러웠습니다. 출장 일정 때문에 시간이 빠듯했지만, 조식을 먹고 나니 에너지가 충전되는 느낌이었습니다. 숙소 근처에는 전북대학교가 있어 다양한 맛집들이 모여 있었습니다. 저녁 시간에 잠시 짬을 내어 맛집 탐방을 했는데, 정말 다양한 음식들을 즐길 수 있었습니다. 특히, 전북대 앞 맛집들은 맛도 좋고 가격도 합리적이어서 출장 중 짧은 시간 동안 맛있는 음식을 즐길 수 있는 좋은 기회가 되었습니다. 총체적으로 이번 숙소 선택은 매우 성공적이었습니다. 깨끗하고 편안한 환경, 친절한 직원들, 넓은 주차 공간, 맛있는 조식 등 모든 면에서 만족스러운 경험을 할 수 있었습니다. 출장 중에도 편안한 휴식을 취할 수 있었고, 전북대 근처 맛집 탐방도 즐거운 경험이었습니다. 앞으로도 전주에 방문할 일이 있다면 다시 이 숙소를 선택할 것입니다.",5,1년 전
y_66_432,전주 하운드호텔-덕진점,흔쾌한연애,"오랜만에 사장님을 뵙게되었네요. 감사하게도 스위트룸으로 업그레이드 해주셨습니다. 역시 스위트룸은 공간이 넓고 설비가 잘 되어있습니다. 온수나 수압은 말할 것 도 없고, 커다란 티비로 편안한 침대에서 OTT 잘 봤습니다. 역시 숙소 근처에 각종 볼것과 먹을것 즐길것이 많아 편의성이 너무 좋았습니다. 큰방이라그런지 따로 테이블이 있어서, 간단히 먹기에 좋았네요. 1층에 커피머신과(얼음컵 사다가 쓰시면 아아) 전자랜지, 간단한 조식이 있습니다. 충전기와 수건 추가가 필요하실경우 카운터에서 가져가시면 됩니다.",5,1년 전
y_66_433,전주 하운드호텔-덕진점,출장잦은김차장,"전주 출장와서 예약 했습니다. 하운드는 브라운도트와 같이 메이커라 비싼데 서비스와 컨디션이 훌륭 하지요 하지만 오픈 이벤트로 4.5에 예약 했습니다. 하운드는 통영에서도 침 좋았는데 전주도 좋네요! 주차장 진출입 편하고 공간도 여유 있고 주변에 공원도 있으며 대학가 근처라 먹을곳도 많습니다. 로비 친절하시고요 객실 냄새 당연 없고, 기본기가 매우 충실 합니다. 창도 도로로 나있어 쾌적 합니다 다만, 블라인드 먼지는.. 스타일러도 잘 되고 침대도 깨끗하고 쿠션감 좋습니다. 조식은 제외 했으나 다음엔 꼭 먹어봐야겠네요. 다음에도 이용하고 싶은 전주 하운드호텔 입니다.",5,1년 전
y_66_434,전주 하운드호텔-덕진점,아무거나일단자,"오랜만에 기분좋은 숙소를 발견해서 장문의 리뷰 적어봅니당 숙소뽑기실패하기 싫어서 평점 9.5이상만 찾아다니는데 신축이면서, 전북대근처여서 맛집과 술집이 다양하고, 주차가 편리하며 호텔느낌나는 곳을 선택했는데 아주 탁월했습니당 장점을 적어보면 1. 주차가 너무 편리해요, 주차칸이 상당히 넓고 제2주차장까지 있는걸 육안으로 확인해서 주차문제로 스트레스 받을 일은 없을 것 같아요 2. 사장님이 너무 친절하십니다. 원래 랜덤방이 기본 비지니스 시작인데 저희가 여행으로 온걸 눈치채셨는지 가벼운비용으로 가장 좋은 방으로 업그레이드 해주셨어요 솔직히 이게 기분이 넘 좋았네요 ㅎㅎ 3. 변기칸이 일본처럼 따로 분리되어 있어서 깔끔하고 상쾌하게 사용했네요 4. 욕조도 넓고 따로 있는데 심지어 문뒤에 샤워기가 하나 더 있더라구요 둘이서 같이 씻어도 문제가 없을 것 같아요 화장실이 상당히 넓어서 좋습니당 ㅋㅋㅋㅋ 5. 침대가 시몬스라 그런가 상당히 편합니다 노곤노곤…호텔급은 되는 것 같아요 진짜루 6. 충전기랑 커피포트는 대여라서 필요하시면 미리 카운터에서 챙겨가시는게 좋아요 7. 넷플릭스 잘 되고 티비 화질 매우 만족합니다 ㅎㅎ 전주근처 살았으면 매번 갔을텐데 좀 아쉽네요ㅜㅜ",5,1년 전
y_66_435,전주 하운드호텔-덕진점,우스꽝스러운군사경찰,"진짜 웬만해선 안남기는데..방음1도안되요 옆호실에 사람 12시 반에 입실했는데 말하는소리 다들리구, 화장실 문여는 소리도 다들려요..30분 참다 1시에 프론트 연락했는데 그호실에 전화울리는소리도 들려요 그래도 다들려요..작게말하면 웅웅소리로 조금 크다싶음 대화내용 다들립니다 또 30분참다 1시30분에 전화드렸는데도 달라진게없어서 걍 베개로 귀막고 잤습니다 다시 이용은 안할예정입니다. 역대급 방음안되는곳이예요 처음입니다",3,1년 전
y_66_436,전주 하운드호텔-덕진점,소원권주세여,하운드 호텔 너무 따뜻하고 깨끗해요 화장실 관리도 잘되어있고 전체적으로 너무 만족스러웟어요,5,1년 전
y_66_437,전주 하운드호텔-덕진점,여기어때고객님,"급하게 나오느라 사진을 깜빡했습니다 ㅠ 그래도 객실이 너무 깨끗하고 좋습니다!! 침대도 너무 편하고 수면가운도 길어서 입고있기도 너무 편합니다. 주차장도 많이 넓고 주차공간도 커서 너무 주차하기 편합니다! 최고의 서비스라고 생각합니다. 많은 OTT서비스를 제공해주시는 것도 좋고 티비도 커서 아주 좋습니다👍👍👍아 웨이브랑 넷플, 디즈니 됩니다!! 다음에 방문해서는 더 좋은 사진 많이 찍어서 다른 분들한테 자랑하고 싶어요!!! 좋은 시설과 친절한 서비스에 너무 감사드리고 다음에도 자주 이용하겠습니다!!",5,1년 전
y_66_438,전주 하운드호텔-덕진점,감동적이고밝은질소,우선 하운드 호텔 전북대 신식 호텔로 깔끔하고 갬성 뿜뿜했어요 ㅎㅎ 예약을 비지니스 방으로 했는데ㅠㅠ 비즈니스 방은 테이블이 따로 없다고 하셔가지구 추가비용 만원만 내구 좋은 프리미엄방으로 업그레이드 해주셨습니다🥹 프리미엄방은 자쿠지 욕조도 있고 너무 좋았습니다 : ) 아참 고데기도 있어서 여성분들은 따로 안챙겨가셔두 될 것 같아요 ㅎㅎ 친절하시고 이것저것 다 물어봐주시구 챙겨주셔서 감사했습니다 ㅎㅎ 다들 방문하세요 !! 추천합니다 오늘도 방문할 예정입니다 : ),5,1년 전
y_66_439,전주 하운드호텔-덕진점,정어부,호텔이라 엄청 깔끔해요 특히 욕실이 맘에 들었습니다 어매니티도 잘 갖추어져 있고 드라이기도 부직포 케이스에 들어있어서 새거 쓰는 느낌이 좋았어용,5,1년 전
y_66_440,전주 하운드호텔-덕진점,숯불새우살,새로지은 숙소라 깨끗하고 좋네요~ 새집 냄새 나요~~ 잘쉬고 왔어요^^,4,1년 전
y_66_441,전주 하운드호텔-덕진점,카불호들갑,신상 전주하운드 호텔이라서 너무 깔끔하고 무엇보다 오픈할인해 주셔서 너무나도 좋았습니다. 사장님께서도 친절하시고 주차장도 편리하고 도보로 5분거리에 덕진공원도 있어서 산책하기 너무 좋네요 근처에 전북대 근처라서 저녁에 술한잔하긷ㆍㄷ 좋고 다만 걸어가는더는 무리가 있으니 참고하셔요. 하운드호텔은 전국체인이라서 믿고 이용하는데 침구도 좋고 냄새 등등 이런거에 꺼림직하게 생각하는게 많은데 하운드는 늘 믿고 이용합니다. 다만 여기는 주차장 입구가 조금 좁으니 주의하셔야겠습니다,5,1년 전
y_66_442,전주 하운드호텔-덕진점,프로필33,이제 오픈해서 깨끗하고 쾌적합니더 인테리어도 좋고 주차도 편리해서 다음에 또 방문할 계획입니다,5,1년 전
y_66_443,전주 하운드호텔-덕진점,애니멀카페고추장,너무 친절하시고 시설도 좋고 깨끗했어요 추천,5,1년 전
y_66_444,전주 하운드호텔-덕진점,요오오오옷,"먼저 신축이여서 침대 및 가구들이 깨끗합니다. 그리고 기본적으로 침구류도 잘 정돈되어있고 청결합니다. 물론 화장실의 청소 상태도 양호하며, 수압도 괜찮습니다. 위치는 전북대와 가까워서 주위 편의점 및 식당도 꽤 있는 편입니다. 조식이 호텔측에서도 제공되지만, 이외에 아침이 되는 백반집들이 가깝게 있어 좋습니다. 살짝 아쉬운 점은 객실 크기가 작다는 것입니다만, 이는 객실마다 다르기에 중요하지 않은 것 같습니다. 서비스도 친절해서 잘 쉬고 갑니다. 감사합니다.",5,1년 전
y_66_445,전주 하운드호텔-덕진점,곰곰냐옹,새로지은 건물이어서 깔끔하고 청결합니다. 어메니티도 일회분 사용할 수 있도록 파우치가 아닌 용기에 준비되어 있습니다. 침대도 편안하고 스타일러 구비되어 있어 잘 쉬다 갑니다. 근처에 온다면 다음에 또 이용할 것 같아요!!,5,1년 전
y_66_446,전주 하운드호텔-덕진점,사자바위기름사탕,"장점) 새로 리모델링한 새 건물 느낌 단단한 침대 단점) 많이 이용하는 시간에는 수압 졸졸 나옵니다 작은 방과 주차공간 포트, 정수기, 전자레인지 없어서 1층 카운터 이용해야 함",3,1년 전
y_66_447,전주 하운드호텔-덕진점,소사다,"너무 깨끗하고 쾌적했습니다. 침구류도 세탁이 잘 되어 있고, 비치된 물건들도 상태가 매우 좋았습니다.. 화장실.. 샤워실.. 최근에 가본 비즈니스 호텔 중 최고 좋았습니다. 특히 비즈니스호텔에는 잘 없는 욕조가 있어 피로 풀기에 더할 나위 없이 좋았네요.. 침실과 업무 공간이 분리되어 있는 것도 제 마음에 꼭 들었습니다. 전체적으로 객실이 넓어 답답함도 전혀 없었네요.. 단지 조식이 조금 아쉬웠는데.. 반찬 몇개만 추가해 주시면 하는 생각이 들었습니다. 전주오면 다음에도 이용할 생각입니다.",4,1년 전
y_66_448,전주 하운드호텔-덕진점,산업적인박달나무,대실을 이용하려고 왔는데 새로지은지 얼마 되지않은 숙소라 그런지 깔끔했습니다~~~~~ 공기청정기도 있어서 기분좋게 이용할수있었어요~~~~~ 전북대 옆에 있는 숙소라 주변에 음식점도 많고 덕진공원도 가까워서 데이트하고 쉬러 오기에 너무 좋았습니다~~~~~ 새로지어서 그런지 모든게 깔끔해서 고급적인느낌도 나고 다시 오고싶은 숙소입니다~~~~~ 또 주변에 오게된다면 다시 한번 이용하고싶어요!!!!! 오랜만에 아주 맘에드는 숙소를 찾은거 같아요 ㅎㅎ,5,1년 전
y_66_449,전주 하운드호텔-덕진점,자쟌거,"다 좋았어요.. 다만 객실에 정수기,커피포트가 없어서 좀 불편..",5,1년 전
y_66_450,전주 하운드호텔-덕진점,흑미맘,너무 깔끔하고 좋아요 데스크 직원도 친절하고 재방문 의사 100%입니다 감사합니다 푹 쉬고 가용,5,1년 전
y_66_451,전주 하운드호텔-덕진점,둥그스름한꽁무니,친절하고 깔끔하고 신축이라 좋었어요,5,1년 전
y_66_452,전주 하운드호텔-덕진점,앙골라케이크,좋아요 깔끔하고 넓어요 쾌적해요 친절해요 넷플릭스 잘나와요 에어컨 잘나와요 온수냉수 잘나와요 깨끗해요 편해요 티비 잘나와요 와이파이잘되요 충전 잘되요 자주애용합니다 좋아요 깔끔하고 넓어요 쾌적해요 친절해요 넷플릭스 잘나와요 에어컨 잘나와요 온수냉수 잘나와요 깨끗해요 편해요 1층팝콘이 맛있어요 티비 잘나와요 와이파이잘되요 충전 잘되요 자주애용합니다 너무 깔끔해서 대만족 ✨✨✨ 직원분도 너무 친절하시고 편하게 쉬다가 갑니다!!! 새벽에 복도 방음은 좀(?) 안되는것같아용 방끼리는 괜찮음!,5,1년 전
y_66_453,전주 하운드호텔-덕진점,당근이세요,엄청 친절하시고 진짜 깨끗해요! 다른 후기에 화장실이 진짜 깨끗하다는데 진짜 반짝반짝합니다 슬리퍼도 푹신했구 샴푸같은 어메니티가 비치되어있능거 아니고 샘플처럼 따로여서 안찝찝하고 좋았어요~~~!,5,1년 전
y_66_454,전주 하운드호텔-덕진점,빛나고완고한셔츠,좋았습니다 조용하고 깔끔,4,1년 전
y_66_455,전주 하운드호텔-덕진점,바이나라비즈니스,"친절합니다. 시설은 좋은데, 뭔가 저렴한 분위기?",3,1년 전
y_66_456,전주 하운드호텔-덕진점,용맹하고강렬한기름사탕,직원분들이 너무 친절하시고 숙소가 정말 깔끔하고 깨끗하니 잘 쉬다가 가요~!,5,1년 전
y_66_457,전주 하운드호텔-덕진점,산업적인박달나무,두번째 이용하는곳입니다~~~~ 처음에 이용할때 너무 깔끔해서 기분좋게 이용했었는데 다시 전북대쪽에와서 숙소를 찾다보니 생각이 나서 다시오게 되었습니다~~~~~ 일단은 너무 깔끔해서 기분이 좋았어요 !!!!! 주차장도 넓고 2주차장까지 있어서 주차걱정 할필요 없이 이용할수있었어요!!!!! 약간의 방음이 안되는것도 있지만 그거 외에는 너무 좋았습니다@@@!! 쉬러갈때 자주 이용하고 싶은 숙소에요~~ 오랜만에 밖에서부터 깔끔한 숙소를 찾아서 좋았습니다,5,1년 전
y_66_458,전주 하운드호텔-덕진점,솔깃한메간,깨끗하고 좋아요 깨끗하고 좋아요,5,1년 전
y_66_459,전주 하운드호텔-덕진점,솔깃한메간,깨끗하고 좋아요 깨끗하고 좋아요,5,1년 전
y_66_460,전주 하운드호텔-덕진점,적합한겨울,안녕하세요 이 숙소 추천합니다^^ 다음에 또 올꺼에요 저는 이번에 이 숙소를 전주 출장으로 와서 오게됫습니다 전북대랑 전북대학교 병원이랑 가깝고요 주변에 먹을곳이 없지망 10분정도만 걸어가면 먹을 곳이 많습니다. 숙소는 방이 좁은 편이지만 깨끗하고 침대도 깨끗했습니다. 화장실도 깨끗하고 있을 건 다 있었습니다. 아침에 조식도 가능해서 내려가서 먹었는데 반찬도 좋았고 밥도 맛있었습니다. 전체적으로 시설이 깨끗해서 맘에 들었습니다. 다음에 또 방문할 예정입니다. 감사합니다 굿굿굿요,4,1년 전
y_66_461,전주 하운드호텔-덕진점,미지근한군계,엄청 친절하시고 오픈한지 얼마 안돼서 그런지 객실 상태도 좋아요 종종 이용하겠습니다 ㅎㅎ,5,1년 전
y_66_462,전주 하운드호텔-덕진점,미지근한군계,엄청 친절하시고 오픈한지 얼마 안돼서 그런지 객실 상태도 좋아요 종종 이용하겠습니다 ㅎㅎ,5,1년 전
y_66_463,전주 하운드호텔-덕진점,허여멀끔한정규직,매우 만족했어요 재방문 의사 있습니다 추천추천!!,5,1년 전
y_66_464,전주 하운드호텔-덕진점,앙골라케이크,좋아요 깔끔하고 넓어요 쾌적해요 친절해요 넷플릭스 잘나와요 에어컨 잘나와요 온수냉수 잘나와요 깨끗해요 편해요 1층팝콘이 맛있어요 티비 잘나와요 와이파이잘되요 충전 잘되요 자주애용합니다 좋아요 깔끔하고 넓어요 쾌적해요 친절해요 넷플릭스 잘나와요 에어컨 잘나와요 온수냉수 잘나와요 깨끗해요 편해요 1층팝콘이 맛있어요 티비 잘나와요 와이파이잘되요 충전 잘되요 자주애용합니다 좋아요 깔끔하고 넓어요 쾌적해요 친절해요 넷플릭스 잘나와요 에어컨 잘나와요 온수냉수 잘나와요 깨끗해요 편해요 1층팝콘이 맛있어요 티비 잘나와요 와이파이잘되요 충전 잘되요 자주애용합니다,5,1년 전
y_66_465,전주 하운드호텔-덕진점,대두알러지,"출장을 많이 다니는 직업이라서 여러 지역을 많이 가 보게 되는데 그만큼 숙소도 많이 이용합니다 전주에서는 출장으로 오면 항상 이용 하던 숙소가 있었는데, 그곳이 만실이라서 이번에는 덕진동에 하운드호텔을 이용했습니다 평소에 보지 못했던 숙소라서 리셉션에 여쭈어보니 최근에 오픈 했다고 하더라구요 최근에 오픈한 만큼 건물 외적인면이나 내적으로 전부 새 물건이고 그리고 가구나 침대 침구류도 전부다 컨디션이 아주 좋았습니다 매우 친절 했고, 일층에서는 식당이 크게 있어서 아침을 먹기에도 좋았습니다",5,1년 전
y_66_466,전주 하운드호텔-덕진점,장천서원함정,좋아오 ㅎㅎㅎㅎㅎ삼각대 놓고갔는데 잘 챙겨주셨어요,4,1년 전
y_66_467,전주 하운드호텔-덕진점,힘찬보충병,인테리어와 서비스는 좋은데... 방음이..취약합니다.,4,1년 전
y_66_468,전주 하운드호텔-덕진점,polypolyyo,화장실이 진짜 깨끗하네요 ㅎㅎ..,4,1년 전
y_66_469,전주 하운드호텔-덕진점,845814,일단 방은 따뜻한데 화장실이 너무 추워요 덜덜떨정도였고 추워서 화장실가기싫다 라는 생각이 들 정도요. 그리고 아침부터 공사하는 소리 땜에 너무 시끄러웠어요. 작은 테이블도 없어서 불편하구요 ott는 넷플밖에 안되네요. 그리고 제가 오픈날 방문했어요. 오늘오픈이라고 첫손님이라고 하셨는데 방에서 누군가 사용한 콘돔이 나왔습니다. 첫손님이랬는데 이건뭘까 언제부터있었을까 저녁먹으러 나간사이에 누군가 들어온건 아닐까 별별생각이 다 들고 너무 찝찝해서 아침까지 잠도 못잤습니다. 저거 발견하고 바로 프론트에 연락했는데 와서 치워주는거 외에는 해줄수있는게 없다고 하시고 다음날에 다시항의했더니 그때 바로 퇴실하셨음 환불해주셨을꺼라고 하시는데 그때 시간이 새벽2시였고 술마신 상태였는데 어떻게 나가나요 말이된다고 생각하시나요...? 기분좋게 전주 여행하다가 숙소땜에 다 망치고 돌아왔습니다.,0,1년 전
y_66_470,전주 하운드호텔-덕진점,54세탐정,안내 해주시는 분은 너무 친절하셨고 숙소도 깨끗했어요 주차공간도 넉넉하고 깔끔했어요 다음번에도 또 이용할게요,5,1년 전
y_66_471,전주 하운드호텔-덕진점,냥댕댕,주차 안내 친절하세요. 일반적인 호텔 생각하시면 당황하실수도...ㅎㅎ 하루 잘 묵었습니다,4,1년 전
y_66_472,전주 하운드호텔-덕진점,솔깃한메간,깨끗하고 시설 좋아요 굿굿,5,1년 전
y_66_473,전주 하운드호텔-덕진점,WKC,깨끗하고 좋아요오옿ㅎㅎ,5,1년 전
y_66_474,전주 하운드호텔-덕진점,WKC,깨끗하고 좋아욯ㅎㅎㅎ,5,1년 전
y_66_475,전주 하운드호텔-덕진점,아무렇지않은폭스하운드,깔끔하고 이제 신규오픈이라 너무 좋았네요,5,1년 전
y_66_476,전주 하운드호텔-덕진점,필연적인가시나무,"친절한 응대, 깨끗한 시설, 편리한 위치! 대만족하고 갑니다.",5,1년 전
y_66_477,전주 하운드호텔-덕진점,성한아이리스,늦은 시간에 방문했는데도 카운터 여직원분이 매우 매우 친절하셔서 기분 좋게 체크인 했습니다 충전기도 카운터에서 대여해주셔서 잘 사용했고 신규오픈한 곳이라 그런지 시설도 아주 깔끔하고 좋았어요~ 특히 자쿠지는 키가 큰 남자친구도 충분히 들어갈 수 있고 샤워기가 두개라서 같이 씻을 수 있어서 너무 좋았어요 편안하게 휴식을 보내고 갑니다 다음에 또 이용하려고 합니다,5,1년 전
y_66_478,전주 하운드호텔-덕진점,산토도밍고점심,"인테리어가 심플하고 고급러워요. 욕실도 엄청 넓고 욕조도 커요! 침대도 너무 편안하고 깨끗해요. 수건도 엄청 두터워서 너무 좋았어요. 주차장도 넓고, 카운터에 사장님 너무 친절하셔서 좋은 여행하고 돌아가요!!!",5,1년 전
y_66_479,전주 하운드호텔-덕진점,6524865,매우 깨끗하고 깔끔하게 정리된 객실 이었고 서비스도 좋았습니다.,5,1년 전
y_66_480,전주 하운드호텔-덕진점,WKC,굿굿굿 좋아욯ㅎㅎㅎㅎ,5,1년 전
y_66_481,전주 하운드호텔-덕진점,자쟌거,"두번째 이용.. 이번에도 커피포트,충전잭을 데스크에서 빌려서 올라갔어요.. 기왕이면 객실에 비치하면 더 좋을듯",4,1년 전
y_66_482,전주 하운드호텔-덕진점,밝고신나는크리스턴,방음이 너무 안되어서 조금 실망했어요...;;;,3,1년 전
y_66_483,전주 하운드호텔-덕진점,오동통너구리,방이 많이 작아요 근데 매우 깨끗해서 불편함 없이 지냈어요 무드등이 있어서 자는데 어둡지 않았고 창문으로 바로 산이 보여 매우 푸르른 뷰를 볼수있었습니다. 근데 물이 부족해서 연락드리니 1층으로 가지러 내려오라는 말에 조금 불편했어요 가져다주지않는 숙소는 여기가 처음이라 당황스러웠습니다 아침에 가지러 내려갔는데 아무도 없어서 그냥 갔어요ㅠㅠ,4,1년 전
y_66_484,전주 하운드호텔-덕진점,LJSY,너무나 좋은환경 잘 쉬다 갑니다,5,1년 전
y_66_485,전주 하운드호텔-덕진점,WKC,좋아욯ㅎㅎ 아늑해요오,5,1년 전
y_66_486,전주 하운드호텔-덕진점,얼음퀸,숙소는 깨끗. 직원분도 친절. 조식까지 좋았어요. 최우선이 객실 청결인데 완전 만족스러웠어요. 다음 방문때도 무조건 여기로~,5,1년 전
y_66_487,전주 하운드호텔-덕진점,졸쎈2,굿이요 깨끗하고 좋앗네요,5,1년 전
y_66_488,전주 하운드호텔-덕진점,졸쎈2,깨끗하고 조용해서 좋네요,5,1년 전
y_66_489,전주 하운드호텔-덕진점,독특하고푸른보조개,처음 오픈하고 바로 묵었는데 깨끗하고 좋았어용!,5,1년 전
y_66_490,전주 하운드호텔-덕진점,강렬하고우호적인안동,위치도 좋으며 무엇보다 가성비 최고입니다 스타일러에 티비 사이즈도 크고 만족합니가,4,1년 전
y_66_491,전주 하운드호텔-덕진점,가나다라뫄뫄,너무너무 깨끗했어요!!!! 전주는 여기입니다 ㅎ,5,1년 전
y_66_492,전주 하운드호텔-덕진점,피고나다,깨끗하고 친절하고 시설좋고 주차좋고 다 좋아여ㅋㅋㅋ 잘 쉬다갑니당ㅋㅋ 깨끗하고 친절하고 시설좋고 주차좋고 다 좋아여ㅋㅋㅋ 잘 쉬다갑니당ㅋㅋ 깨끗하고 친절하고 시설좋고 주차좋고 다 좋아여ㅋㅋㅋ 잘 쉬다갑니당ㅋㅋ 깨끗하고 친절하고 시설좋고 주차좋고 다 좋아여ㅋㅋㅋ 잘 쉬다갑니당ㅋㅋ 깨끗하고 친절하고 시설좋고 주차좋고 다 좋아여ㅋㅋㅋ 잘 쉬다갑니당ㅋㅋ 깨끗하고 친절하고 시설좋고 주차좋고 다 좋아여ㅋㅋㅋ 잘 쉬다갑니당ㅋㅋ 깨끗하고 친절하고 시설좋고 주차좋고 다 좋아여ㅋㅋㅋ 잘 쉬다갑니당ㅋㅋ 깨끗하고 친절하고 시설좋고 주차좋고 다 좋아여ㅋㅋㅋ 잘 쉬다갑니당ㅋㅋ,5,1년 전
y_66_493,전주 하운드호텔-덕진점,사도블마,처음에 방배정 실수가 있었지만 잘 해결해주시고 편하게 이용하고 가요,5,1년 전
y_66_494,전주 하운드호텔-덕진점,비싼방내놔,굿입니다 이쪽 다 놀러오세요,4,1년 전
y_66_495,전주 하운드호텔-덕진점,사도블마,편안하게 잘이용하다가 가요~,5,1년 전
y_66_496,전주 하운드호텔-덕진점,76Insoo,내부 시설이 깔끔합니다.,4,1년 전
y_66_497,전주 하운드호텔-덕진점,강렬하고진솔한제임스,매번 쉬러가는 하운드 입니다. 1층이서부터 정성스럽게 반겨주시니 항상 감사하고 잘 이영하고있습니다.,5,1년 전
y_66_498,전주 하운드호텔-덕진점,박달재덩굴,3월에 오픈한 곳이라 엄청 깨끗했어요 욕조도 굿굿 추천!!!,4,1년 전
y_66_499,전주 하운드호텔-덕진점,가락공방성명,새로 생긴거 같은데 정말 좋았어요~,5,1년 전
y_66_500,전주 하운드호텔-덕진점,용추폭포간신,매우 깔끔합니다 주차장도 넓고 객실도 좋습니다 한가지 단점은 복도쪽 소리 방음이 잘 안되네요,5,1년 전
y_66_501,전주 하운드호텔-덕진점,Bongsu,오픈 특가로 이용했는데 이 가격에 이용해도 될지... 라는 생각이들 정도로 모든게 새제품!! 다음에 또갈게요. 안녕.,5,1년 전
y_66_502,전주 하운드호텔-덕진점,밝고새로운배낭여행,직원분들 너무 친절하셨고 주차장도 넓고 방도 깔끔해서 너무 편하게 쉬다 왔습니다,5,1년 전
y_66_503,전주 하운드호텔-덕진점,y2c7,스타일러가 있어서 다음날 입을 옷들을 미리 주름을 펼 수 있어서 좋았어요. 방 업그레이드 시켜주셔서 편하게 지내고 왔습니다! 더 여유가 있다면 욕조도 쓰고 조식도 먹었을텐데 아쉬웠습니다. 깨끗해서 이용하기 좋았어요.,5,1년 전
y_66_504,전주 하운드호텔-덕진점,솔깃한메간,깨끗하고 시설 좋아요 굿굿,4,1년 전
y_66_505,전주 하운드호텔-덕진점,유머러스하고온화한순천,침대크고 티비큰데 바디로션이 없는게 아쉬워썽요,5,1년 전
y_66_506,전주 하운드호텔-덕진점,한강생태학습장양치류,시설 깨끗하고 직원분들도 엄청 친절하셨어요 추천드려요!,5,1년 전
y_66_507,전주 하운드호텔-덕진점,도잠서원흑설탕,호텔 같음 푹신푹신 깔끔 주변에 대학교 있어서 먹을 거 많음 덕진공원이랑 가까움호텔 같음 푹신푹신 깔끔 주변에 대학교 있어서 먹을 거 많음 덕진공원이랑 가까움 호텔 같음 푹신푹신 깔끔 주변에 대학교 있어서 먹을 거 많음 덕진공원이랑 가까움 호텔 같음 푹신푹신 깔끔 주변에 대학교 있어서 먹을 거 많음 덕진공원이랑 가까움호텔 같음 푹신푹신 깔끔 주변에 대학교 있어서 먹을 거 많음 덕진공원이랑 가까움호텔 같음 푹신푹신 깔끔 주변에 대학교 있어서 먹을 거 많음 덕진공원이랑 가까움 호텔 같음 푹신푹신 깔끔 주변에 대학교 있어서 먹을 거 많음 덕진공원이랑 가까움 호텔 같음 푹신푹신 깔끔 주변에 대학교 있어서 먹을 거 많음 덕진공원이랑 가까움,5,1년 전
y_66_508,전주 하운드호텔-덕진점,서뜨심,깨끗하고 신축이여서 좋았습니다.,4,1년 전
y_66_509,전주 하운드호텔-덕진점,몽혜연,위치도 정말 완벽하고 친절하시고 숙소가 아주 깔끔하고 완벽했어요! 여행올때 아주 좋아요!,5,1년 전
y_66_510,전주 하운드호텔-덕진점,용맹하고유쾌한레몬수,진짜 너무너무 좋았어요 침대 엄청 좋고 객실도 엄청 넓고 서비스도 엄청 친절하시구!!!!!,5,1년 전
y_66_511,전주 하운드호텔-덕진점,데이VI드베컴,좋습니다. 강추합니다.,5,1년 전
y_66_512,전주 하운드호텔-덕진점,do1212,오픈한지 얼마 안된 곳이라 엄청 깔끔하고 쾌적했습니다 ~ 대학교 근처라 잠깐 나가기도 좋았고 다음에 다시 방문하고 싶은 곳이었어요 :),5,1년 전
y_66_513,전주 하운드호텔-덕진점,경상남도정신,너무 친절하시고 너무너무 깨끗하고 넓고 좋습니다. 신축이라 그런지 너무 쾌적해요. 근래에 간 숙소 중 제일 깔끔하고 넓고 좋았어요. 돈 아깝지 않아요!!!!!,5,1년 전
y_66_514,전주 하운드호텔-덕진점,미농김,신축이라 깔끔하고 좋아여!!,5,1년 전
y_66_515,전주 하운드호텔-덕진점,햄복한햄스터,다 너무 좋았는데 책상이 없어서 음식 먹기가 불편했어요..!,5,1년 전
y_66_516,전주 하운드호텔-덕진점,꿈꾸는뚠뚠뚠,자재와 가구가전에 돈을아낌없이 투자함 아내가 매우 만족해함 새건물이라 깔끔하고 인테리어도 굿 화장실 수전 도기까지도 좋은거씀 침대도편안해서 꿀잠 자고 나옴,5,1년 전
y_66_517,전주 하운드호텔-덕진점,저승토끼,좋아요 나중에 또 이용하려구요,5,1년 전
y_66_518,전주 하운드호텔-덕진점,저승토끼,좋아요 나중에 또 이용하려구요,5,1년 전
y_66_519,전주 하운드호텔-덕진점,이민안다,새로 오픈했는지 입구에 화환들이 많더라구요! 4인가족 1박여행와서 잘 지내다갑니다ㅎㅎ,5,1년 전
y_66_520,전주 하운드호텔-덕진점,뿌연우물,친절하구 깨끗해요 ! 잘쉬다가 왔습니다 :),5,1년 전
y_66_521,전주 하운드호텔-덕진점,아이보리까투리,완전 좋습니다 방음도 잘돼고 깨끗해요,5,1년 전
y_66_522,전주 하운드호텔-덕진점,jdkdkdi,업그레이드되고 너무 좋았어요 엄청 깨끗해요!,5,1년 전
y_66_523,전주 하운드호텔-덕진점,암녹색노숙자,깨끗하고 조식도 만족스러웠습니다!,5,1년 전
y_66_524,전주 하운드호텔-덕진점,강렬하고진솔한심부름,친절하시고 방도 깔끔했어요,5,1년 전
y_66_525,전주 하운드호텔-덕진점,동물테마파크후장총,전주가면 여기서만 자요 깔끔하고 냄새안나고 방크기 딱좋고 티비크고 직원분들 친절하세용,5,1년 전
y_66_526,전주 하운드호텔-덕진점,이미가는중,좋아요 다음에도 이용할게요,4,1년 전
y_66_527,전주 하운드호텔-덕진점,leeseohee,좋았습니디. 친절하세여!,5,1년 전
y_66_528,전주 하운드호텔-덕진점,고메압지,"서설도 좋고, 청소상태도 좋아요",5,1년 전
y_66_529,전주 하운드호텔-덕진점,어때여깅깅,깨끗하고 좋았어요 잘 쉬다 갑니다 ㅎ,5,1년 전
y_66_530,전주 하운드호텔-덕진점,민재쓰,프론트에 계신분 응대도 친절했고 객실 청결에 매우 만족했습니다 전북대에서 자주 숙박하는데 재방문 자주 할 것 같아요.,5,1년 전
y_66_531,전주 하운드호텔-덕진점,가칠가칠하고가냘픈엘버트,좋았어용 담에 전주 가면 또 갈 듯합니다,5,1년 전
y_66_532,전주 하운드호텔-덕진점,얄*****,신축이라 그런지 다 좋아요,5,1년 전
y_66_533,전주 하운드호텔-덕진점,세렌디피티지민,깔끔하고 좋았어요ㅎㅎ 중문이 없어서 밖에 소리가 잘들리긴해요,4,1년 전
y_66_534,전주 하운드호텔-덕진점,솔깃한메간,깨끗하고 시설 좋아요 굿굿,5,1년 전
y_66_535,전주 하운드호텔-덕진점,솔깃한메간,깨끗하고 시설 좋아요 굿굿,5,1년 전
y_66_536,전주 하운드호텔-덕진점,솔깃한메간,깨끗하고 시설 좋아요 굿굿,5,1년 전
y_66_537,전주 하운드호텔-덕진점,어때여깅깅,자주 이용하는데 깔끔하고 좋아요 ㅎ,5,1년 전
y_66_538,전주 하운드호텔-덕진점,온화하고깔끔한유령,좋아요 ㅎㅎㅎㅎ 좋습니다,5,1년 전
y_66_539,전주 하운드호텔-덕진점,어때여깅깅,깨끗하고 항상 잘 쉬다 갑니다 ㅎㅎ,5,1년 전
y_66_540,전주 하운드호텔-덕진점,모험심있고탁월한라일락색,깨끗하고 좋았습니다.,4,1년 전
y_66_541,전주 하운드호텔-덕진점,강렬하고진솔한제임스,하운드만큼 서비스를 받고있다고느낀적은 없습니다.,5,1년 전
y_66_542,전주 하운드호텔-덕진점,졸쎈2,깨끗하고 조용해서 좋았음,5,1년 전
y_66_543,전주 하운드호텔-덕진점,독특하고오손도순한북어,편히 잘 쉬다 갑니다~~,5,1년 전
y_66_544,전주 하운드호텔-덕진점,사랑바위체리,최고에요!!!!ㅎㅎ,5,1년 전
y_66_545,전주 하운드호텔-덕진점,아무렇지않은폭스하운드,깔끔하고좋습니다 최고,5,1년 전
y_66_546,전주 하운드호텔-덕진점,사도블마,신축이고 친절해서 자주 이용합니다,4,1년 전
y_66_547,전주 하운드호텔-덕진점,조이상사,좋아요 근데 인테리어 냄새가 좀 심하네요,5,1년 전
y_66_548,전주 하운드호텔-덕진점,saybolt,조용하고 넘 깨끗하네요!,5,1년 전
y_66_549,전주 하운드호텔-덕진점,추천닉네임좀,좋아요 깨끗하고 조용하고,5,1년 전
y_66_550,전주 하운드호텔-덕진점,신비복숭야,좋아요 전주가면 또 방문할거 같아여,3,1년 전
y_66_551,전주 하운드호텔-덕진점,여든네살장교,깔끔하게 하루를 보내기에 좋았습니다,5,1년 전
y_66_552,전주 하운드호텔-덕진점,아이언균,전주 일하러 왔는데 잘 쉬다갑니다!,5,1년 전
y_66_553,전주 하운드호텔-덕진점,어때여깅깅,편하게 쉬다갑니다 수고하세요,4,1년 전
y_66_554,전주 하운드호텔-덕진점,조*****,신축이라 깨끗하고 좋앗습니다,5,1년 전
y_66_555,전주 하운드호텔-덕진점,가락공방성명,사장님도 친절 하시고 정말 좋았습니다! 사진을 못 찍은 점이 아쉽네요 아 그리고 방음이 잘 안되는거 같더라고요 ㅠㅠ 옆방 진동 소리때문에 3시 쯤 잠들었네요.. 취하신분이 소리도 지르시고 해서.. 이 점 빼고는 다 좋았습니다!,5,1년 전
y_66_556,전주 하운드호텔-덕진점,소원권주세여,너무 깨끗하고 직원분들 친절해요 다음에 또 방문예정입니당,5,1년 전
y_66_557,전주 하운드호텔-덕진점,방글라데시구이,다 좋은데 방음 진짜.... 한숨도 못 잤어요..,0,1년 전
y_66_558,전주 하운드호텔-덕진점,사도블마,깨끗하고 친절해서 잘 이용했어요,5,1년 전
y_66_559,전주 하운드호텔-덕진점,Vistrov,너무 잘 쉬었습니다. 시설좋고 조용하고 사장님이 정말 친절하십니다.,5,1년 전
y_66_560,전주 하운드호텔-덕진점,조멜론,친절하시고 룸도 깔끔하니 좋았어요 비지니스 방은 2인석 없으니 참고하세용,5,1년 전
y_66_561,전주 하운드호텔-덕진점,미니8888,아주깔끔하네요 숙소가 조금 좁은거 빼고는..,5,1년 전
y_66_562,전주 하운드호텔-덕진점,농약맛희우유,좋았습니다. 다음에 전주를다시온다면 묵고싶습니다,5,1년 전
y_66_563,전주 하운드호텔-덕진점,륜나니,저렴해서 좋고 방이 조금 좁은데 깔끔해서 좋았어용,5,1년 전
y_66_564,전주 하운드호텔-덕진점,여기오땧원,항상 믿고 묵는 곳입니다 최고,5,1년 전
