name,category,rating_score,rating_count,address,lat,lng
전주 비지니스 호텔 궁,모텔,9.2,761,전북특별자치도 전주시 덕진구 금암동 700-3,35.8350253,127.1314096
글로스터호텔 전주,호텔비즈니스,9.1,938,전북특별자치도 전주시 완산구 고사동 1-2,35.8223482,127.1449563
신라스테이 전주 한옥마을,호텔비즈니스,9.4,367,전북특별자치도 전주시 완산구 경원동3가 72-2,35.8196908,127.1485428
전주 투썸스테이-중화산점,모텔,9.6,707,전북특별자치도 전주시 완산구 중화산동2가 657,35.8163907,127.1241473
전주 MH HOTEL 중화산동점,모텔,9.7,"1,3",전북특별자치도 전주시 완산구 중화산동2가 657-2,35.8161297,127.1241559
전주 MH HOTEL 객리단길점,모텔,9.2,"1,7",전북특별자치도 전주시 완산구 다가동3가 64-24,35.8171608,127.1395521
전주 투썸스테이-서신점,모텔,9.8,974,전북특별자치도 전주시 완산구 서신동 966-3,35.8359971,127.1200342
전주 브라운도트 - 덕진점,모텔,9.2,"1,4",전북특별자치도 전주시 덕진구 덕진동2가 200-17,35.8460907,127.1210444
전주 노이 호텔,모텔,9.3,"2,1",전북특별자치도 전주시 덕진구 우아동2가 928-13,35.8300402,127.1729791
라한호텔 전주,호텔4성급,9.4,"1,3",전북특별자치도 전주시 완산구 풍남동3가 26-5,35.817109,127.1541068
전주 마리 - 덕진공원점,모텔,9.4,"2,1",전북특별자치도 전주시 덕진구 덕진동2가 189-19,35.8472043,127.1199323
전주 시그니처 호텔,호텔비즈니스,9.3,521,전북 전주시 덕진구 우아동3가 752-48,35.8486723,127.1597286
전주 아늑료칸호텔 전주점,모텔,9.8,107,전북특별자치도 전주시 덕진구 금암동 701-4,35.8355082,127.1320696
전주 더케이,모텔,9.2,"1,5",전북특별자치도 전주시 완산구 중화산동2가 139-1,35.8123865,127.1240179
전주 호텔박스-한옥마을 아중리점,모텔,9.3,"1,6",전북특별자치도 전주시 덕진구 우아동2가 922-2,35.8308616,127.1727605
전주 호텔아지트 신시가지점,모텔,9.6,756,전북특별자치도 전주시 완산구 효자동3가 1532-13,35.8170692,127.1075208
전주 호텔모아,모텔,9.5,189,전북특별자치도 전주시 완산구 효자동3가 1537-4,35.8172913,127.1104681
전주 브라운도트 아중지구점,모텔,9.6,404,전북특별자치도 전주시 덕진구 우아동2가 919-13,35.8308778,127.171979
전주 호텔레이나-구 전주 소풍,모텔,9.3,926,전북특별자치도 전주시 덕진구 산정동 875-9,35.8373334,127.1707917
전주 Q-큐,모텔,9.4,"4,4",전북 전주시 완산구 중화산동2가 139-3,35.8123141,127.1242604
전주 하운드호텔 전주아중지구,모텔,9.6,231,전북특별자치도 전주시 덕진구 산정동 863-1,35.8381375,127.168909
전주 YAJA-전주한옥마을점,모텔,8.5,705,전북특별자치도 전주시 완산구 고사동 11-12,35.8208666,127.1453295
전주 호텔 써밋스테이,모텔,9.7,428,전북특별자치도 전주시 덕진구 산정동 875-8,35.8372357,127.1708798
베스트웨스턴 플러스 전주 호텔,호텔특급,9.2,"1,4",전북 전주시 완산구 서노송동 603-3,35.8224402,127.1470122
전주 아늑호텔,모텔,9.8,"1,0",전북특별자치도 전주시 덕진구 산정동 859-2,35.8389853,127.1684764
전주 호텔루고-RUGO,모텔,9.7,259,전북 전주시 완산구 중화산동2가 650-2,35.8159981,127.1235902
전주 호텔 시그니처-Signature,모텔,9.8,833,전북 전주시 완산구 중화산동2가 657-6,35.8160662,127.1238949
전주 호텔아지트 서신롯데점,모텔,9.6,923,전북특별자치도 전주시 완산구 서신동 968-3,35.8355985,127.1206834
전주 호텔 어반스테이-아중점,모텔,9.8,371,전북특별자치도 전주시 덕진구 우아동2가 919-1,35.831211,127.1720514
완주 스페이스셔틀 전주,펜션NEW,9.9,10명,전북특별자치도 완주군 상관면 죽림리 613,35.7443992,127.2075319
전주 제이즈호텔,모텔,9.4,"2,5",전북특별자치도 전주시 덕진구 산정동 872-2,35.8375038,127.1702465
전주 화이트호텔,모텔,9.6,860,전북특별자치도 전주시 덕진구 금암동 754-4,35.8371797,127.1309731
전주 스마일,모텔,9.4,"2,3",전북특별자치도 전주시 덕진구 덕진동2가 189-13,35.8476336,127.1190939
전주 와이케이,모텔,9.5,"1,2",전북 전주시 덕진구 덕진동1가 1262-2,35.8432937,127.1256511
전주 에이치에비뉴-H-AVENUE,모텔,9.7,997,전북특별자치도 전주시 덕진구 산정동 874-3,35.8370815,127.1701696
전주 스타 호텔,모텔,9.6,257,전북특별자치도 전주시 완산구 중화산동2가 661-8,35.813725,127.1239739
전주 윈져,모텔,9.1,"3,2",전북특별자치도 전주시 덕진구 금암동 763-10,35.8352903,127.1300358
전주 테라호텔,모텔,9.5,"1,0",전북특별자치도 전주시 덕진구 산정동 857-11,35.8388356,127.1696204
전주 이둔호텔,모텔,9.4,613,전북특별자치도 완주군 이서면 갈산리 665-17,35.8381136,127.0479203
전주 하운드호텔 터미널점,모텔,9.8,204,전북특별자치도 전주시 덕진구 금암동 763-6,35.8351234,127.1298279
전주 브라이튼 호텔-BRIGHTEN,모텔,9.7,519,전북특별자치도 전주시 완산구 중화산동2가 143-17,35.8132924,127.1239952
전주 씨투,모텔,8.9,196,전북특별자치도 전주시 완산구 효자동3가 1537-12,35.8170681,127.1097807
전주 히든호텔,모텔,9.3,"1,9",전북특별자치도 전주시 덕진구 덕진동1가 1342-4,35.8459419,127.1217744
전주 이야기펜션,펜션NEW,9.9,66명,전북특별자치도 전주시 완산구 색장동 307-13,35.8027447,127.1931909
전주 에이치에비뉴 덕진점,모텔,9.7,152,전북특별자치도 전주시 덕진구 덕진동2가 189-23,35.8469677,127.120392
전주 라베 호텔,모텔,9.8,541,전북특별자치도 전주시 완산구 중화산동2가 143-18,35.8131409,127.1239643
전주 이츠호텔,모텔,9.8,271,전북특별자치도 전주시 덕진구 우아동2가 929-10,35.8297675,127.1736449
전주 호텔 늘,모텔,9.3,"2,0",전북특별자치도 전주시 덕진구 우아동2가 927-1,35.8298931,127.1727387
솔 호텔,호텔비즈니스,9.3,311,전북 전주시 덕진구 우아동2가 928-5,35.8295001,127.1733668
전주 HOTEL SOUNDS 호텔사운즈,모텔,9.4,504,전북 전주시 완산구 중화산동2가 660-7,35.8151328,127.1239257
전주 마리 - 터미널점,모텔,9.6,"2,0",전북특별자치도 전주시 덕진구 금암동 697-4,35.8360318,127.1333311
전주 투썸호텔,모텔,9.7,"1,2",전북 전주시 완산구 중화산동2가 한두평2길 13-3 661-5,35.8139494,127.1239652
전주 프린스,모텔,9.4,844,전북특별자치도 전주시 완산구 중화산동2가 664-6,35.8126426,127.1242033
전주 관광호텔,모텔,8.5,"1,8",전북특별자치도 전주시 완산구 고사동 22,35.8204777,127.1454356
호텔 토랑 전주,호텔관광,9.5,80명,전북특별자치도 전주시 덕진구 산정동 860-4,35.8382319,127.168271
전주 브라운도트 중화산동점,모텔,9.6,562,전북특별자치도 전주시 완산구 중화산동2가 664-2,35.8131639,127.1242994
전주 비지트 호텔-VIZIT HOTEL,모텔,9.6,342,전북특별자치도 전주시 덕진구 우아동2가 919-8,35.8301208,127.1723749
전주 호텔아이,모텔,9.4,307,전북특별자치도 전주시 완산구 효자동3가 1537-5,35.8172911,127.1106728
전주 호텔다빈,모텔,9.6,178,전북특별자치도 전주시 완산구 경원동1가 128-18,35.816772,127.1478207
전주 코자자,모텔,9.2,"2,0",전북특별자치도 전주시 덕진구 산정동 866-5,35.8378143,127.1690868
전주 한옥마을 비하녹,펜션,9.8,120,전북특별자치도 전주시 완산구 중앙동4가 63-1,35.8143547,127.145974
전주 필모텔,모텔,9.6,750,전북특별자치도 전주시 덕진구 우아동3가 748-27,35.847533,127.1570846
전주 라온 호텔,모텔,9.2,109,전북특별자치도 전주시 완산구 중앙동4가 31-15,35.8145711,127.143807
전주 스테이 호텔(stay family),호텔비즈니스,9.9,13명,전북특별자치도 전주시 덕진구 산정동 872-5,35.837312,127.1701762
전주 위너,모텔,9.5,"2,8",전북특별자치도 전주시 덕진구 우아동2가 922-5,35.8303746,127.1730143
전주 호텔폭스-FOX 2.0,모텔,9.6,261,전북 전주시 완산구 효자동3가 1532-7,35.8172936,127.1081653
전주 하운드호텔-덕진점,모텔,9.7,564,전북특별자치도 전주시 덕진구 덕진동1가 1342-9,35.8460329,127.1214617
전주 넘버25 - NO.25 산정점,모텔,9.7,718,전북특별자치도 전주시 덕진구 산정동 875-13,35.8376909,127.1704686
전주 브라운도트-전주터미널점,모텔,9.7,573,전북 전주시 덕진구 금암동 763-11,35.8349444,127.1299176
전주 호텔마루,모텔,9.6,937,전북특별자치도 완주군 이서면 갈산리 665-15,35.8381136,127.0479203
전주 다빈호텔,호텔관광,9.2,633,전북 전주시 완산구 경원동1가 128-18,35.816772,127.1478207
전주 호텔 더 빈센트,호텔비즈니스,9.8,275,전북특별자치도 전주시 완산구 전동 126-6,35.8156922,127.14746
전주 어썸호텔,모텔,9.6,341,전북특별자치도 전주시 덕진구 금암동 763-1,35.8354415,127.1301932
전주 루이호텔,모텔,9.3,416,전북특별자치도 전주시 완산구 중화산동2가 664,35.8134288,127.1240704
전주 호텔젠,모텔,9.5,"2,1",전북특별자치도 전주시 덕진구 우아동2가 924-8,35.8307891,127.1736571
전주 드래곤 호텔,모텔,9.8,369,전북특별자치도 완주군 이서면 갈산리 665-11,35.8381136,127.0479203
전주 화려한외출2,모텔,8.6,"1,9",전북특별자치도 전주시 완산구 중화산동2가 142-19,35.812679,127.1236124
전주 소소한 한옥,게하 · 한옥,10,345,전북특별자치도 전주시 완산구 풍남동2가 11-2,35.8196906,127.1520861
전주 제이브라운,모텔,9.8,977,전북특별자치도 전주시 덕진구 산정동 860-2,35.8383508,127.1681069
전주 호텔 달빛소리,모텔,9.4,"1,4",전북특별자치도 전주시 덕진구 산정동 867-4,35.8378354,127.1696974
전주 더그레이호텔,모텔,9.4,331,전북특별자치도 전주시 덕진구 송천동2가 1333-7,35.8713325,127.1239771
전주 칸,모텔,9.5,"1,9",전북특별자치도 전주시 덕진구 산정동 861-9,35.8384792,127.1688166
전주 엘도라도,모텔,9.3,572,전북특별자치도 전주시 완산구 중화산동2가 657-3,35.8159627,127.1241614
전주 데이나이스,모텔,9.3,136,전북 전주시 완산구 효자동3가 1532-1,35.8172929,127.1069878
전주 쿡,모텔,9.3,480,전북 전주시 완산구 효자동3가 1537-8,35.8170658,127.1106722
전주 에코스테이 호텔,모텔,9.6,449,전북 전주시 덕진구 송천동2가 1334-2,35.8714717,127.1228096
호텔원 전주 이노시티,호텔비즈니스,9.6,616,전북 완주군 이서면 갈산리 665-14,35.8381136,127.0479203
전주 황금,모텔,9.7,"3,6",전북특별자치도 전주시 덕진구 금암동 697-9,35.8357955,127.1335972
전주 호텔루나,모텔,9.6,"1,2",전북특별자치도 전주시 덕진구 우아동2가 923-3,35.8308647,127.1732866
"전주 풍남가족호텔 (구, 풍남관광호텔) ",호텔2성급,9.2,60명,전북특별자치도 전주시 완산구 다가동3가 43-2,35.8184977,127.1401717
전주 호텔유,모텔,9.3,379,전북특별자치도 전주시 완산구 효자동3가 1537-9,35.817066,127.1104675
전주 료칸호텔-엣지,모텔,9.9,18명,전북특별자치도 전주시 덕진구 산정동 859-3,35.8389367,127.1687206
전주 카누-KANU,모텔,9.5,"1,9",전북특별자치도 전주시 덕진구 산정동 866-2,35.8377847,127.1693676
전주 카마호텔,모텔,9.7,305,전북특별자치도 전주시 완산구 중화산동2가 142-1,35.8128247,127.1237544
카마호텔 전주,호텔비즈니스,9.6,426,전북 전주시 완산구 중화산동2가 142-1,35.8128247,127.1237544
전주 루엘호텔 덕진공원 본점,호텔2성급,9.8,255,전북 전주시 덕진구 덕진동2가 200-6,35.8463755,127.1205858
전주 칼튼 힐 호텔,모텔,9.6,657,전북특별자치도 전주시 덕진구 금암동 461-15,35.8347435,127.1344824
전주 후,모텔,9.3,"3,2",전북특별자치도 전주시 덕진구 금암동 763-13,35.8351755,127.1302288
전주 타임 호텔,모텔,9.5,151,전북 전주시 완산구 효자동3가 1532-15,35.8170696,127.1071645
전주 스테이노트,펜션풀빌라,9.9,29명,전북 전주시 완산구 다가동1가 44-9,35.8151684,127.1417013
전주 만상호텔-MANSANG,모텔,9.6,534,전북특별자치도 완주군 이서면 갈산리 665-13,35.8381136,127.0479203
전주 애플모텔,모텔,9.3,154,전북특별자치도 전주시 완산구 효자동3가 1532-3,35.8172944,127.1073436
전주 한옥호텔 궁,모텔,9.4,397,전북특별자치도 전주시 완산구 중앙동4가 85-2,35.8143555,127.1445708
전주 MH호텔 객리단길점,호텔비즈니스,9.4,121,전북 전주시 완산구 다가동3가 64-24,35.8171608,127.1395521
전주 플렉스호텔,모텔,9.7,"1,5",전북특별자치도 전주시 덕진구 산정동 870-1,35.8372624,127.1692313
이비스 스타일 앰배서더 전주,호텔3성급,9.3,97명,전북특별자치도 전주시 완산구 고사동 186,35.8208252,127.1443089
전주 한옥마을 별빛궁,게하 · 한옥,9.9,422,전라북도 전주시 완산구 풍남동3가 54-7,35.8156352,127.1533232
전주한옥호텔 태조궁,호텔비즈니스,9.1,63명,전북특별자치도 전주시 완산구 중앙동4가 31-7,35.8151442,127.1434894
전주 호텔야자 전주터미널점,모텔,9.4,253,전북특별자치도 전주시 덕진구 금암동 698-4,35.8359555,127.1317486
전주 스페셜,모텔,8.8,392,전북 전주시 완산구 중화산동2가 143-4,35.8129791,127.1238724
호텔 바라한,호텔비즈니스,9.4,110,전북 전주시 덕진구 금암동 698-6,35.8360054,127.1320939
엔브릿지 호텔,호텔3성급,9.3,356,전북 전주시 완산구 동서학동 66,35.8098982,127.1524166
전주 몽블랑,모텔,9.7,341,전북특별자치도 전주시 완산구 중화산동2가 661-7,35.8137043,127.1241696
전주 한옥마을 한지꿀잠,펜션,9.2,95명,전북특별자치도 전주시 완산구 풍남동3가 81-6,35.8166592,127.1509733
전주 에비뉴호텔,모텔,9.7,"2,0",전북특별자치도 전주시 덕진구 산정동 872-7,35.8375457,127.1699554
전주 핀앤핏하우스,모텔,8.9,328,전북 전주시 덕진구 덕진동1가 1277-4,35.8439949,127.1247137
전주 한옥마을 인디고,게하 · 한옥,9.9,215,전북특별자치도 전주시 완산구 풍남동2가 11-1,35.8196952,127.1522039
전주 메이드-HOTEL MADE,모텔,9.7,"3,2",전북특별자치도 전주시 덕진구 산정동 871-2,35.8372779,127.1698378
아늑호텔 전주점,호텔관광,9.7,153,전북 전주시 덕진구 산정동 859-2,35.8389853,127.1684764
전주 그랜드힐스턴 호텔,호텔3성급,9.2,180,전북특별자치도 전주시 완산구 효자동3가 1404-3,35.8385207,127.1009938
전주 POP,모텔,9.1,421,전북특별자치도 전주시 완산구 효자동3가 1537-2,35.8172918,127.1100945
전주 한옥마을 한옥미담,게하 · 한옥,9.8,255,전라북도 전주시 완산구 풍남동1가 9-8,35.8193126,127.1505815
전주 더클래식 바이 호텔원,호텔1급,9.4,231,전북 완주군 이서면 갈산리 665-16,35.8381136,127.0479203
전주 호텔야자 중화산점,모텔,9.2,42명,전북특별자치도 전주시 완산구 중화산동2가 649-4,35.8148938,127.1234975
전주 한옥마을 한옥고택 고을,게하 · 한옥,9.9,179,전라북도 전주시 완산구 풍남동3가 76-63,35.8162452,127.1514991
전주 MH호텔 중화산동점,호텔비즈니스,9.5,75명,전북 전주시 완산구 중화산동2가 657-2,35.8161297,127.1241559
에이치에비뉴 덕진점,호텔비즈니스,9.8,65명,전북특별자치도 전주시 덕진구 덕진동2가 189-21,35.8470704,127.1201968
전주 왕의지밀 한옥호텔,호텔특급,9.4,131,전북특별자치도 전주시 완산구 대성동 1-1,35.8005168,127.1771084
전주 릴렉스호텔,모텔,9.7,335,전북특별자치도 전주시 덕진구 우아동2가 925-1,35.8313938,127.1740132
전주 코아,모텔,8.5,124,전북특별자치도 전주시 완산구 서노송동 660-43,35.8278678,127.1432719
전주한옥마을 독채 덕수궁 별관,펜션,9.7,20명,전북특별자치도 전주시 완산구 풍남동3가 12-6,35.8156934,127.1549583
전주 엘림호텔,모텔,9.2,264,전북 전주시 완산구 중화산동2가 660-6,35.8150237,127.1239292
전주 비지트호텔,호텔비즈니스,9.3,673,전북 전주시 덕진구 우아동2가 919-8,35.8301208,127.1723749
전주 투헤븐,모텔,9.5,"1,7",전북특별자치도 전주시 덕진구 금암동 474-5,35.8363172,127.1314037
전주 아미르,모텔,8.6,"1,3",전북특별자치도 전주시 덕진구 우아동2가 930-9,35.8298055,127.1741726
전주 관광호텔 꽃심,호텔3성급,9.7,283,전북특별자치도 전주시 완산구 경원동1가 102,35.8177688,127.1467722
전주 돈키호테 드라이브인 무인텔,모텔,9.6,152,전북특별자치도 전주시 덕진구 산정동 867-1,35.8381304,127.1696748
전주 MOMENT708,모텔,9.2,716,전북 전주시 덕진구 덕진동1가 1174-3,35.8361075,127.1227276
호텔 아라리,호텔2성급,9.6,115,전북 전주시 덕진구 금암동 753-1,35.8377409,127.1306915
전주 구름채 게스트하우스,게하 · 한옥,9.4,271,전라북도 전주시 완산구 풍남동1가 66-9  3층 전체,35.8173273,127.1505695
전주 다온호텔,호텔2성급,9.8,76명,전북 전주시 완산구 동서학동 6-11,35.8103408,127.155979
이츠 호텔 전주,호텔비즈니스,10,14명,전북특별자치도 전주시 덕진구 우아동2가 929-10,35.8297675,127.1736449
전주 라임 호텔-HOTEL LIME,모텔,9.8,821,전북특별자치도 전주시 덕진구 우아동2가 930-12,35.8301567,127.1739884
전주 감스테이,모텔,9.6,630,전북특별자치도 전주시 덕진구 산정동 857-9,35.8391862,127.169399
전주 한옥마을 골목길 게스트하우스,게하 · 한옥,9.4,294,전북특별자치도 전주시 완산구 교동 45-6  전주골목길게스트하우스,35.8121394,127.1545837
전주 한옥 몽유화원,게하 · 한옥,8.8,98명,전북특별자치도 전주시 완산구 서서학동 186-1,35.8092175,127.1516527
전주 브라이튼호텔,호텔비즈니스,9.8,83명,전북 전주시 완산구 중화산동2가 143-17,35.8132924,127.1239952
전주 에이플러스,모텔,9.6,536,전북특별자치도 전주시 덕진구 산정동 868-4,35.8382503,127.1702072
전주 한옥마을 꽃잠,게하 · 한옥,9.9,399,전라북도 전주시 완산구 풍남동2가 31-7  꽃잠,35.818722,127.152869
전주 Stay 테오리아,펜션,9.9,10명,전북특별자치도 전주시 완산구 풍남동1가 40-3,35.8184805,127.1510359
전주 인트로 호텔,모텔,9.5,39명,전북특별자치도 전주시 완산구 중화산동2가 664-5,35.8126384,127.1243679
전주 라베호텔,호텔비즈니스,9.6,217,전북 전주시 완산구 중화산동2가 143-18,35.8131409,127.1239643
전주한옥마을 독채 덕수궁,게하 · 한옥,9.7,69명,전라북도 전주시 완산구 풍남동3가 76-20,35.8167446,127.1516257
재즈 어라운드 관광 호텔,호텔관광,9.6,175,전북 전주시 덕진구 우아동2가 921-7,35.8314457,127.1733088
전주 서로 한옥펜션,펜션,9.4,69명,전북특별자치도 전주시 완산구 풍남동3가 54-11,35.8157687,127.1534713
전주한옥마을 연우당,게하 · 한옥,9.9,96명,전북특별자치도 전주시 완산구 풍남동3가 54-1,35.8155726,127.1530973
늘품호텔,호텔1성급,9.4,250,전북 전주시 완산구 풍남동3가 29-3,35.8172276,127.1549885
전주 스토리,모텔,9.6,643,전북특별자치도 전주시 덕진구 금암동 764-2,35.8360057,127.1309529
전주한옥마을 하늘기와,게하 · 한옥,10,8명,전북특별자치도 전주시 완산구 교동 171,35.811618,127.1548358
전주 타미호텔-TOMMY HOTEL,모텔,9,192,전북특별자치도 전주시 덕진구 덕진동2가 189-26,35.8466493,127.1210633
별둘 자쿠지 독채 펜션,펜션,9.8,10명,전북특별자치도 전주시 완산구 남노송동 67-14,35.8165528,127.1601392
전주 갤러리 스테이,게하 · 한옥,9.9,237,전북특별자치도 전주시 완산구 풍남동1가 20-1  갤러리스테이,35.8191675,127.1507461
전주한옥마을 덕수궁,게하 · 한옥,9.7,324,전라북도 전주시 완산구 풍남동3가 6,35.8166144,127.1557394
전주 한옥 영하우스,펜션,9.7,47명,전북 전주시 완산구 서노송동 659-6,35.8279395,127.1428937
전주 자우리,모텔,9.5,554,전북특별자치도 전주시 덕진구 우아동2가 929-2,35.8301169,127.1736796
전주 바른 숙박-BARUN STAY,모텔,9.3,133,전북 전주시 덕진구 산정동 858-2,35.8386778,127.1677518
전주 워너비,모텔,9.1,"1,0",전북특별자치도 전주시 덕진구 덕진동2가 200-2,35.8463852,127.1209453
칼튼힐 호텔 전주,호텔비즈니스,9.1,30명,전북특별자치도 전주시 덕진구 금암동 461-15,35.8347435,127.1344824
전주 정가 한옥,게하 · 한옥,9.7,148,전북특별자치도 전주시 완산구 풍남동3가 9-9,35.8163403,127.155117
253평 예쁘고 넓은 마음엔뜰 독채 숙소 | 전주 마음엔뜰,홈&빌라,10,8명,전북특별자치도 전주시 완산구 중인동 1005-1,35.7635766,127.0906547
전주한옥마을 도화서가 스테이 독채펜션,펜션,9.9,6명,전북특별자치도 전주시 완산구 경원동2가 38-3,35.8179977,127.1489808
전주 뷰티,모텔,9.2,593,전북특별자치도 전주시 덕진구 금암동 474-1,35.8366624,127.1319152
24게스트하우스 전주점,게하 · 한옥,9.7,207,전라북도 전주시 완산구 중노송동 498-17  전주시 완산구 중노송동 498-7,35.8221964,127.1503411
전주 재즈어라운드호텔,모텔,9.7,98명,전북특별자치도 전주시 덕진구 우아동2가 921-7,35.8314457,127.1733088
전주 한옥마을 소리풍경,게하 · 한옥,9.4,68명,전라북도 전주시 완산구 풍남동3가 58-1  소리풍경 게스트하우스,35.8153526,127.1532212
전주 기린 게스트하우스,게하 · 한옥,9.3,165,전라북도 전주시 완산구 중노송동 551-18  기린게스트하우스,35.821493,127.1512724
전주 블루원,모텔,9.3,726,전북특별자치도 전주시 덕진구 금암동 699-4,35.8355859,127.1316201
전주 한옥마을 산아래,게하 · 한옥,9.7,210,전북특별자치도 전주시 완산구 교동 60-5,35.813153,127.1532925
전주한옥마을 아침스테이,펜션,9.8,31명,전북특별자치도 전주시 완산구 전동 22,35.815924,127.1483312
넘버25호텔 전주산정점,호텔비즈니스,9.7,49명,전북특별자치도 전주시 덕진구 산정동 875-13,35.8376909,127.1704686
아늑료칸호텔 전주점,호텔관광,9.8,3명,전북특별자치도 전주시 덕진구 금암동 701-4,35.8355082,127.1320696
투썸스테이 서신점,호텔비즈니스,9.3,33명,전북특별자치도 전주시 완산구 서신동 966-3,35.8359971,127.1200342
전주 포레스트그릴 글램핑,캠핑 · 글램핑,9.6,5명,전북특별자치도 전주시 완산구 서서학동 972-5,35.8018185,127.1516586
전주 한옥체험 모꼬지,게하 · 한옥,9.8,277,전라북도 전주시 완산구 교동 163,35.8118211,127.156213
전주 엠파이어,모텔,9.1,228,전북 전주시 완산구 중화산동2가 664-4,35.8128155,127.124236
전주 1박2일,모텔,8.9,351,전북특별자치도 전주시 덕진구 우아동3가 752-28,35.8474408,127.158597
전주 알프스,모텔,8.6,637,전북 전주시 완산구 중화산동2가 664-3,35.8129534,127.1242667
전주 마리호텔 터미널점,호텔비즈니스,9.1,185,전북 전주시 덕진구 금암동 697-4,35.8360318,127.1333311
전주 한옥마을 그리운 집,게하 · 한옥,9.7,62명,전북 전주시 완산구 교동 291,35.8118243,127.1507568
전주 황실관광호텔,호텔1성급,8.8,311,전북 전주시 완산구 풍남동1가 56-1,35.8179308,127.1516817
전주 한옥마을 별자리,게하 · 한옥,9.9,179,전라북도 전주시 완산구 풍남동3가 81-3,35.8165353,127.1512615
전주 한옥 독채 꽃마르트,홈&빌라,9.9,15명,전북 전주시 완산구 동완산동 323-2,35.8077992,127.1460101
전주 이가 한옥 본관,게하 · 한옥,9.4,167,전라북도 전주시 완산구 풍남동3가 7-13,35.8165897,127.1555845
전주 한옥마을 한옥솔솔,게하 · 한옥,9.8,126,전라북도 전주시 완산구 풍남동3가 67-1,35.8156907,127.1510991
전주 투나잇-2NIGHT,모텔,9.7,660,전북특별자치도 전주시 덕진구 우아동2가 923-4,35.83061,127.1734188
전주 샵 호텔-SHARP HOTEL,모텔,9.7,665,전북특별자치도 전주시 덕진구 산정동 868-1,35.8386203,127.1697708
전주 마리호텔,모텔,9.8,188,전북특별자치도 전주시 덕진구 우아동2가 919-11,35.8305833,127.1721318
호텔어라이브 전주 시화연풍,호텔비즈니스,9.3,26명,전북특별자치도 전주시 완산구 전동 166-3,35.8139527,127.1467273
전주 호텔K,모텔,9.5,142,전북특별자치도 전주시 덕진구 금암동 473-5,35.8364297,127.1311019
전주 한옥마을 알콩달콩 다락방,게하 · 한옥,9.9,220,전라북도 전주시 완산구 교동 98-5,35.8125153,127.1517009
전주 그리고봄 독채펜션,펜션,9.9,7명,전북특별자치도 전주시 완산구 교동 63-4,35.8141562,127.1533539
전주 대화사우나,모텔,9.8,546,전북 전주시 덕진구 진북동 322-65,35.8298934,127.1435046
전주 한옥마을 꽃자리,게하 · 한옥,9.9,60명,전북특별자치도 전주시 완산구 풍남동3가 81-11,35.8162973,127.1510912
전주 한옥마을 교동가온,게하 · 한옥,9.8,50명,전라북도 전주시 완산구 교동 61-4,35.8133121,127.1530958
전주한옥마을에 위치한 감성 숙소 | 전주 안녕 제제 옥상달빛,홈&빌라,9.8,14명,전북 전주시 완산구 경원동2가 40-5,35.8176774,127.1494163
전주 해밀 펜션,펜션,9.5,25명,전북특별자치도 전주시 완산구 전동 208-5,35.8125114,127.149941
전주한옥마을 메종 14,게하 · 한옥,10,35명,전라북도 전주시 완산구 교동 222-14,35.8113682,127.1513432
전주한옥마을에 위치한 감성 숙소 | 전주 안녕 제제 아침고요,홈&빌라,10,7명,전북 전주시 완산구 경원동2가 40-5,35.8176774,127.1494163
전주 슈페리어,모텔,9.1,628,전북특별자치도 전주시 덕진구 우아동3가 752-33,35.8478586,127.1594698
전주 짬,모텔,9,636,전북특별자치도 전주시 덕진구 산정동 875-1,35.8378407,127.1706246
전주 한옥마을 분 게스트하우스,게하 · 한옥,10,9명,전북 전주시 완산구 경원동2가 40-31,35.817425,127.1492188
전주 토마토,모텔,8.9,923,전북특별자치도 전주시 덕진구 금암동 701-1,35.836056,127.1328429
전주 더 메이 호텔,호텔4성급,9.5,36명,전북 전주시 덕진구 팔복동1가 333-1,35.8596902,127.0957812
전주 한옥마을 담소 황토 한옥,게하 · 한옥,9.6,129,전라북도 전주시 완산구 교동 123  .,35.8120995,127.1535327
전주 한옥마을 한옥이야기,게하 · 한옥,9.8,45명,전라북도 전주시 완산구 교동 124-8,35.8122526,127.1535585
전주 한옥마을 여별,게하 · 한옥,9.8,20명,전북특별자치도 전주시 완산구 전동 243,35.8114667,127.1501312
전주 스테이 일상이상,펜션,10,3명,전북특별자치도 전주시 완산구 중노송동 253-164,35.8245542,127.1542671
전주 여가,펜션,9.7,11명,전북특별자치도 전주시 완산구 풍남동3가 54-13,35.8155114,127.153386
전주 풍류가옥,펜션,9.7,5명,전북특별자치도 전주시 완산구 중노송동 253-93,35.8246398,127.1553107
이둔호텔 전주,호텔비즈니스,9,99명,전북 완주군 이서면 갈산리 665-17,35.8381136,127.0479203
전주 한옥마을 더 머뭄,게하 · 한옥,9.8,331,전북 전주시 완산구 풍남동3가 81-8 더 머뭄 전주 한옥숙박,35.8164766,127.1510624
전주 한옥마을 교동살래,게하 · 한옥,9.6,74명,전라북도 전주시 완산구 교동 191-7  교동살래,35.8112392,127.15337
전주한옥마을 웨이,게하 · 한옥,9.7,69명,전라북도 전주시 완산구 풍남동1가 53-3,35.8184907,127.1516918
전주한옥마을 예술가의집 시간무늬,펜션,9.9,10명,전북특별자치도 전주시 완산구 동서학동 218-3,35.808378,127.1529183
전주 한옥마을 경기전 별당채,게하 · 한옥,9.8,154,전라북도 전주시 완산구 풍남동3가 47-15  전주한옥숙박 경기전 별당채,35.8164119,127.1527838
전주 한옥마을 별빛 쉼터,게하 · 한옥,10,17명,전북 전주시 완산구 교동 211,35.8113174,127.1519307
전주 프린스 우아점,모텔,9.4,633,전북특별자치도 전주시 덕진구 우아동2가 926-5,35.8315254,127.1743418
전주 한옥마을 혜윰,게하 · 한옥,9.9,17명,전라북도 전주시 완산구 교동 213,35.8114823,127.1520065
전주 한옥마을 달빛향,게하 · 한옥,10,10명,전북특별자치도 전주시 완산구 교동 182-4  달빛향 게스트하우스,35.8114352,127.1536855
전주 한옥마을 어울림,게하 · 한옥,9.9,127,전북특별자치도 전주시 완산구 교동 61-3  어울림,35.8133028,127.1532698
반려동물 동반 가능 독채 감성숙소 | 향교길선우가,홈&빌라,10,9명,전북 전주시 완산구 교동 16-16,35.8127578,127.1582168
전주 한옥마을 꽃밭정원 예쁜집 좋은날,게하 · 한옥,9.6,149,전북특별자치도 전주시 완산구 경원동2가 40-33  꽃밭정원 예쁜집 좋은날,35.817217,127.1493371
더정가 스테이,게하 · 한옥,9.9,45명,전북특별자치도 전주시 완산구 풍남동3가 9-17,35.8160631,127.1549795
전주 여림재펜션,펜션,9.6,29명,전북 완주군 상관면 죽림리 551-3,35.7442567,127.2118037
한 팀만을 위한 독채한옥 | 전주 소소정,홈&빌라,9.8,11명,전북 전주시 완산구 교동 16-17,35.812667,127.1581868
전주 한옥마을 성심,게하 · 한옥,9.9,20명,전북 전주시 완산구 풍남동3가 83-9,35.8171412,127.1519255
전주 한옥마을 한옥미쁨,게하 · 한옥,9.9,70명,전라북도 전주시 완산구 풍남동2가 36-2,35.818589,127.152195
전주한옥마을 풍남주택,게하 · 한옥,9.7,34명,전라북도 전주시 완산구 풍남동3가 88-2  풍남주택,35.816629,127.150801
전주 천년의아침,펜션,9.4,5명,전북특별자치도 전주시 완산구 풍남동3가 16-24,35.8156431,127.1542992
전주 원색명화마을,게하 · 한옥,9.8,55명,전북특별자치도 전주시 완산구 색장동 327-2,35.8003681,127.1892309
전주 한옥마을 여지 게스트하우스,게하 · 한옥,9.6,71명,전북 전주시 완산구 경원동3가 39-4,35.820448,127.1469691
전주 그날을담다,펜션,10,3명,전북특별자치도 전주시 완산구 다가동2가 80-4,35.8138955,127.1413359
전주 호스텔&게스트하우스,게하 · 한옥,9.5,94명,전라북도 전주시 덕진구 우아동3가 745-84  전주호스텔,35.8507863,127.1607452
블루보트 게스트하우스 전주점,게하 · 한옥,9.6,98명,전라북도 전주시 완산구 경원동1가 52-3  의산빌딩 2층,35.8188634,127.1473027
전주한옥마을 서학의 아침 펜션,펜션,10,4명,전북특별자치도 전주시 완산구 동서학동 166-4,35.8089009,127.1527893
전주 한옥스테이 까치,펜션,10,4명,전북특별자치도 전주시 완산구 교동 91-8,35.8132425,127.1524679
전주 한옥마을 어린왕자 게스트하우스,게하 · 한옥,9.8,44명,전라북도 전주시 완산구 풍남동3가 60-1,35.8150769,127.1531901
전주 쑈드라이브인,모텔,9.5,24명,전북 전주시 덕진구 금암동 764-14,35.8360127,127.1311716
전주 한옥마을 사랑가득,게하 · 한옥,9.6,48명,전라북도 전주시 완산구 교동 17-3,35.8124117,127.1579886
전주 시인과짜몽 게스트하우스,게하 · 한옥,9.8,12명,전라북도 전주시 완산구 서서학동 252  시인과짜몽 게스트하우스,35.8060585,127.1515882
한옥마을 내 위치한 독채 한옥 숙소 | 참다원,홈&빌라,9.5,11명,전북 전주시 완산구 교동 16-18,35.8125675,127.1581661
전주 수호텔,모텔,9.3,97명,전북특별자치도 전주시 덕진구 우아동2가 923-7,35.8306932,127.1731595
전주 한옥마을 예원당,게하 · 한옥,9.5,62명,전라북도 전주시 완산구 풍남동3가 34-9,35.8173376,127.152723
전주 한옥마을 행복가득,게하 · 한옥,9.7,19명,전북 전주시 완산구 교동 184-3 행복가득 게스트하우스,35.8114708,127.1534622
전주 한옥마을 그림 게스트하우스,게하 · 한옥,9.7,7명,전라북도 전주시 완산구 교동 24-7,35.8127906,127.157785
전주 민트 게스트하우스,게하 · 한옥,9.8,16명,전라북도 전주시 완산구 동서학동 65-2,35.8097532,127.152682
전주 호텔 포레,모텔,9.4,13명,전북 전주시 완산구 중화산동2가 661-1,35.8145386,127.1242085
전주 한옥마을 고희,게하 · 한옥,9.6,12명,전라북도 전주시 완산구 서완산동1가 525-22,35.812584,127.1379878
전주 한옥마을 서선야,게하 · 한옥,9.7,79명,전라북도 전주시 완산구 풍남동2가 27-2  .,35.819048,127.152714
전주 한옥 황토 편백하우스,게하 · 한옥,9.8,62명,전북 전주시 완산구 동완산동 423-1 황토편백하우스,35.8078962,127.1435611
베니키아 전주한성호텔,호텔2성급,8.1,163,전북 전주시 완산구 고사동 199,35.8198606,127.1448149
전주 FX,모텔,9.4,54명,전북특별자치도 전주시 덕진구 우아동2가 924-10,35.831124,127.173482
전주 늘품호텔,모텔,9.3,37명,전북특별자치도 전주시 완산구 풍남동3가 29-3,35.8172276,127.1549885
전주 한옥마을 장수,게하 · 한옥,9.3,54명,전북특별자치도 전주시 완산구 풍남동3가 61-1  장수한옥민박,35.8150419,127.1528748
전주 호텔 캐슬,모텔,9,177,전북특별자치도 전주시 덕진구 우아동2가 925-7,35.830873,127.174107
전주 한옥마을 다나하루 게스트하우스,게하 · 한옥,9.6,54명,전라북도 전주시 완산구 전동 229-5,35.8117938,127.1502447
전주한옥마을에 위치한 감성 숙소 | 전주 안녕 제제 다시 봄,홈&빌라,9.8,4명,전북 전주시 완산구 경원동2가 40-5,35.8176774,127.1494163
전주 한옥 도원,게하 · 한옥,9.6,17명,전북 전주시 완산구 서서학동 270-2 도원 게스트하우스,35.8078192,127.1503323
전주 한옥마을 뜰안채 신관,게하 · 한옥,9.4,33명,전라북도 전주시 완산구 경원동2가 47-1  뜰안채,35.8171209,127.1493355
전주 한옥마을 강령전,게하 · 한옥,9.6,20명,전라북도 전주시 완산구 풍남동3가 67-34,35.8149912,127.1519082
전주 오래된미래 게스트하우스,게하 · 한옥,9.6,40명,전북특별자치도 전주시 완산구 교동 999-3,35.8111219,127.1632802
전주 H 호텔,모텔,9.4,51명,전북특별자치도 전주시 덕진구 우아동2가 927-2,35.8296749,127.1728544
전주 하얏트,모텔,8.9,441,전북특별자치도 전주시 덕진구 우아동3가 748-40,35.8473382,127.1573496
전주 풍류헌 한옥고택 독채,펜션,10,4명,전북특별자치도 전주시 완산구 다가동2가 53-1,35.8138174,127.1418456
전주 한옥마을 돌담집 본관,게하 · 한옥,9.7,12명,전북 전주시 완산구 풍남동3가 76-8,35.8161664,127.1514683
전주 하운드호텔 덕진공원점,호텔비즈니스,9.2,13명,전북특별자치도 전주시 덕진구 덕진동1가 1342-9,35.8460329,127.1214617
전주 한옥마을 1928 쉼마루,게하 · 한옥,9.5,31명,전라북도 전주시 완산구 교동 109-1  1928쉼마루,35.8119191,127.1525384
전주 한옥마을 꼴 게스트하우스,게하 · 한옥,9.4,52명,전북특별자치도 전주시 완산구 풍남동2가 38-3,35.8180983,127.1520221
나비잠한옥호텔,호텔2성급,9.2,50명,전북 전주시 완산구 전동 17-1,35.8161528,127.1486202
전주 한옥마을 푸른요람,게하 · 한옥,10,4명,전라북도 전주시 완산구 교동 80-12,35.8139198,127.1522947
전주 한옥마을 오목헌,게하 · 한옥,9.6,5명,전북 전주시 완산구 교동 91-10,35.8132501,127.152638
전주 씨네마,모텔,8.4,94명,전북특별자치도 전주시 완산구 고사동 464-1,35.8184981,127.1421392
전주한옥마을숙박 향촌 펜션,펜션,9.2,4명,전북특별자치도 전주시 완산구 풍남동3가 89-2,35.8172282,127.1510293
전주 한옥 사계,게하 · 한옥,9.5,19명,전라북도 전주시 완산구 서서학동 256-3  전북 전주시 완산구 서서학동256-3,35.8066921,127.1512252
전주 한옥마을 숙박 체험관,게하 · 한옥,9.5,12명,전라북도 전주시 완산구 풍남동3가 72-4,35.8149938,127.1523558
전주 한옥마을 한옥마당 행랑채,게하 · 한옥,9.4,28명,전북 전주시 완산구 교동 209-1,35.8113183,127.1520577
도심속 골목가에 위치한 고즈넉한 분위기 속 편안함 | 대동고택,홈&빌라,9.2,13명,전북 전주시 완산구 태평동 102-32,35.8215182,127.1363459
전주 니어리스트 게스트하우스,게하 · 한옥,9.3,30명,전라북도 전주시 완산구 경원동3가 39-5,35.8204225,127.1468359
전주 한옥마을 취락당,게하 · 한옥,9.3,37명,전라북도 전주시 완산구 풍남동2가 32-11,35.8185928,127.1527228
한옥호텔 궁,호텔비즈니스,8.9,229,전북 전주시 완산구 중앙동4가 85-2,35.8143555,127.1445708
전주 한옥마을 한옥마당 본채,게하 · 한옥,9.3,8명,전북 전주시 완산구 교동 209-1,35.8113183,127.1520577
전주 더씨티 호텔,호텔관광,9.4,466,전북 전주시 완산구 경원동1가 65,35.818662,127.1463051
전주 이카로스,모텔,9.1,230,전북특별자치도 전주시 덕진구 금암동 700-1,35.8353558,127.1318703
전주 한옥마을 다정 게스트하우스,게하 · 한옥,9.3,31명,전라북도 전주시 완산구 경원동1가 126-2,35.8176107,127.1487075
스마일호텔(SMILE HOTEL),호텔비즈니스,9.2,22명,전북 전주시 덕진구 덕진동2가 189-14,35.8475694,127.1192209
전주한옥마을 온유,게하 · 한옥,9.2,11명,전북특별자치도 전주시 완산구 풍남동3가 16-29,35.8155132,127.1541334
전주한옥마을 김명옥 별장펜션,펜션,9.1,6명,전북특별자치도 전주시 완산구 대성동 470-6,35.7954446,127.1703516
호텔 오페라21,호텔1성급,8.8,220,전북 전주시 덕진구 우아동2가 921-3,35.8317364,127.1735883
대형 샹들리에가 설치된 2층 독채 | 전주 줄리앤소피하우스,홈&빌라,9.2,5명,전북 전주시 완산구 중화산동2가 584-7,35.819755,127.1203552
전주 한옥마을 가은채2,게하 · 한옥,9.2,7명,전라북도 전주시 완산구 풍남동3가 54-9,35.8155292,127.1534999
전주 타임,모텔,8.6,204,전북특별자치도 전주시 덕진구 금암동 764-8,35.835438,127.1305734
전주한옥마을에 위치한 감성 숙소 | 전주 안녕 제제 제제,홈&빌라,9.3,4명,전북 전주시 완산구 경원동2가 40-5,35.8176774,127.1494163
전주 한옥마을 돌담집 안채,게하 · 한옥,9,12명,전북 전주시 완산구 풍남동3가 76-8,35.8161664,127.1514683
전주 한옥마을 유정 게스트하우스,게하 · 한옥,8.9,24명,전북특별자치도 전주시 완산구 경원동2가 40-25  전주 유정 게스트하우스 햇님,35.8173326,127.1496136
전주 영화호텔,호텔2성급,9.1,104,전북 전주시 완산구 고사동 462-4,35.8184264,127.1414153
전주한옥마을 나성하우스,게하 · 한옥,9.1,6명,전라북도 전주시 덕진구 금암동 1550-16,35.8408078,127.1348848
전주 나비,모텔,8.5,84명,전북 전주시 덕진구 산정동 857-10,35.8389435,127.1694234
전주 Y 누리봄 게스트하우스,게하 · 한옥,8.8,23명,전북 전주시 완산구 동서학동 102-1,35.8097188,127.1546694
전주 한옥마을 돌담집 별관,게하 · 한옥,9,11명,전북 전주시 완산구 풍남동3가 76-8,35.8161664,127.1514683
전주 그여자네집 독채펜션,펜션,9,4명,전북특별자치도 전주시 완산구 교동 39-4,35.8120761,127.1551061
전주 한옥마을 이택구 사랑채,게하 · 한옥,8.9,54명,전북 전주시 완산구 풍남동3가 53-19,35.8160819,127.1534564
전주 호텔 엑스오-XO-,모텔,8.8,329,전북특별자치도 전주시 덕진구 금암동 699-6,35.8352114,127.1311049
전주 하루 호텔 (HARU),호텔비즈니스,9,61명,전북 전주시 덕진구 산정동 863-3,35.8383751,127.1692313
전주한옥마을에 위치한 감성 숙소 | 전주 안녕 제제 제제의 미학,홈&빌라,9.1,4명,전북 전주시 완산구 경원동2가 40-5,35.8176774,127.1494163
전주 한옥마을 흥부가,게하 · 한옥,8.5,40명,전라북도 전주시 완산구 풍남동3가 67-25  흥부가,35.8151161,127.1519716
전주 래미안스테이,모텔,8.7,15명,전북 전주시 덕진구 우아동2가 925-4,35.8309586,127.1742425
전주 한옥마을 고현당,게하 · 한옥,8.7,29명,전북특별자치도 전주시 완산구 풍남동3가 16-13,35.8152722,127.153724
전주 낭만시대 게스트하우스,게하 · 한옥,8.4,111,전라북도 전주시 완산구 경원동1가 12-3  2F,35.8180926,127.1483953
전주 로니관광호텔,호텔3성급,8.6,82명,전북 전주시 완산구 고사동 186,35.8208252,127.1443089
전주 쉐르빌,모텔,8.2,145,전북특별자치도 전주시 덕진구 우아동2가 931-11,35.830494,127.1743067
호텔 시그니처 중화산동점,호텔비즈니스,8.5,7명,전북 전주시 완산구 중화산동2가 657-6,35.8160662,127.1238949
전주 한옥마을 감영루,게하 · 한옥,8.2,29명,전라북도 전주시 완산구 중앙동4가 52,35.814691,127.1459022
전주 한옥마을 가원당,게하 · 한옥,8.5,6명,전북 전주시 완산구 교동 79-44,35.8139228,127.1517894
전주한옥마을 알지비 게스트하우스,게하 · 한옥,8.3,7명,전라북도 전주시 완산구 교동 223-4,35.8110615,127.1511705
전주 푸실 한옥펜션,펜션,7.4,5명,전북특별자치도 전주시 완산구 교동 24-2,35.8126725,127.1580133
전주 한옥마을 다래헌,게하 · 한옥,9.3,3명,전라북도 전주시 완산구 풍남동3가 56-4,35.8155418,127.1528817
고즈넉한 그때가 당신의 기억에 머물 즈음 | 전주 무렵,홈&빌라,10,2명,전북특별자치도 전주시 완산구 교동 204-1,35.8113516,127.1522278
전주 한옥마을 가은채,게하 · 한옥,8.1,15명,전라북도 전주시 완산구 풍남동3가 38-6  가은채,35.8169617,127.1532962
전주 한옥마을 뜨레가,게하 · 한옥,9.2,3명,전라북도 전주시 완산구 교동 177-1  뜨레가,35.8116393,127.1544197
전주 한옥마을 하늘풍경,게하 · 한옥,8.4,4명,전북 전주시 완산구 교동 94-4,35.8124588,127.1523779
전주 한옥마을 뜰안채 본관,게하 · 한옥,8,11명,전라북도 전주시 완산구 경원동2가 47-1  뜰안채,35.8171209,127.1493355
전주관광호텔,호텔1성급,7.5,34명,전북 전주시 완산구 고사동 22,35.8204777,127.1454356
호텔 루고,호텔비즈니스,10,2명,전북특별자치도 전주시 완산구 중화산동2가 650-2,35.8159981,127.1235902
전주 아침정원 게스트하우스,게하 · 한옥,8.1,5명,전북특별자치도 전주시 완산구 원당동 576-31,35.7658541,127.1087556
전주 한옥마을 독채 | 한옥스테이 선물,홈&빌라,10,2명,전북특별자치도 전주시 완산구 풍남동3가 84-17,35.8169552,127.1512895
전주 한옥마을 가족한옥숙소 | 하록당,홈&빌라,10,2명,전북특별자치도 전주시 완산구 교동 15-6,35.8125705,127.1583505
전주 한옥마을 너울가지,게하 · 한옥,8.4,3명,전북특별자치도 전주시 완산구 중앙동4가 74-4,35.8140572,127.1457388
전주 가락청 게스트하우스,게하 · 한옥,10,2명,전북특별자치도 전주시 완산구 풍남동3가 39-2,35.81726,127.1535505
전주 한옥마을 서쪽 독채,게하 · 한옥,10,2명,전북특별자치도 전주시 완산구 풍남동3가 1-27,35.8167628,127.1580189
전주 푸른솔펜션,펜션풀빌라,10,2명,전북 전주시 완산구 대성동 488,35.7925959,127.1703214
전주한옥마을 다락,게하 · 한옥,8.1,3명,전라북도 전주시 완산구 풍남동3가 87,35.8168487,127.1509207
1팀만 이용 가능한 단독 독채 숙소 | 전주한옥마을 독채 재우성,홈&빌라,9.8,2명,전북 전주시 완산구 풍남동3가 1-28,35.816735,127.1579382
전주한옥마을에 위치한 감성 숙소 | 전주 안녕 제제 온돌방,홈&빌라,7.9,3명,전북 전주시 완산구 경원동2가 40-5,35.8176774,127.1494163
전주한옥마을 독채 덕수궁 2관,펜션,7.8,3명,전북특별자치도 전주시 완산구 풍남동3가 67-27,35.8152067,127.1517401
전주한옥마을 달달잠 독채 펜션,펜션,8.7,2명,전북특별자치도 전주시 완산구 교동 960-7,35.8168166,127.1584988
전주 나나,모텔,5.8,44명,전북특별자치도 전주시 완산구 서서학동 52-2,35.8098726,127.1506458
전주 한옥마을 가인당 안채,펜션,10,1명,전북특별자치도 전주시 완산구 교동 105-8,35.8123516,127.1518299
전주 와이케이 호텔,호텔비즈니스,7.7,2명,전북특별자치도 전주시 덕진구 덕진동1가 1262-2,35.8432937,127.1256511
2024년 신축한 전주한옥마을 내 독채숙소 | 스테이 선선 하늬,홈&빌라,10,1명,전북특별자치도 전주시 완산구 전동 13-3,35.8163301,127.1486895
전주 스테이 여유,펜션,9.7,1명,전북특별자치도 전주시 완산구 교동 15-16,35.8124347,127.1586273
2024년 신축한 전주한옥마을 내 독채숙소 | 스테이 선선 산들,홈&빌라,10,1명,전북특별자치도 전주시 완산구 전동 13-3,35.8163301,127.1486895
전주 한옥마루 게스트하우스,게하 · 한옥,7.2,2명,전라북도 전주시 완산구 풍남동3가 16-27  한옥마루,35.8157439,127.1541038
전주 나루 스테이한옥 독채 전주한옥마을,펜션,10,1명,전북특별자치도 전주시 완산구 교동 178,35.8113602,127.1543969
전주한옥마을 자만재,펜션,10,1명,전북 전주시 완산구 교동 129-9,35.812726,127.1540562
전주한옥마을 달님 게스트하우스,게하 · 한옥,10,1명,전라북도 전주시 완산구 경원동1가 113-11,35.8178593,127.1485192
전주 앤 게스트하우스,게하 · 한옥,6.2,2명,전북 전주시 완산구 서서학동 188-1,35.8091128,127.1516141
전주한옥마을 독채 수,펜션,8.7,1명,전북특별자치도 전주시 완산구 풍남동3가 67-21,35.8153347,127.1517669
전주 비지니스 궁 호텔,호텔비즈니스,6.7,1명,전북특별자치도 전주시 덕진구 금암동 700-3,35.8350253,127.1314096
전주 라임 무인텔,모텔,3.1,26명,전북 전주시 덕진구 인후동1가 775-5,35.8347401,127.1541117
전주 한옥마을 천년마루,게하 · 한옥,3,12명,전북 전주시 완산구 교동 222-6,35.8111811,127.1513375
전주한옥마을  공간의미 독채펜션,펜션,1.7,2명,전북특별자치도 전주시 완산구 교동 54-62,35.8144324,127.1577995
스튜디오같이 깔끔하고 감성있는 숙소 | 전주 스테이 숨숨,홈&빌라,0,0,전북 전주시 덕진구 금암동 720-32,35.838219,127.1327161
전주 블루원호텔,호텔비즈니스,2,1명,전북특별자치도 전주시 덕진구 금암동 699-4,35.8355859,127.1316201
전주 한옥스테이 | 무와섬W,홈&빌라,0,0,전북특별자치도 전주시 완산구 교동 250-8,35.8119956,127.1510223
전주 한옥스테이 | 무와섬M,홈&빌라,0,0,전북특별자치도 전주시 완산구 교동 250-8,35.8119956,127.1510223
편안함과 여유로움으로 가득한 숙소 | 스테이춘몽,홈&빌라,0,0,전북특별자치도 전주시 완산구 풍남동2가 30-2,35.8190191,127.153182
당신의 여행이 마지막까지 여유로울 수 있도록 | 전주 늦잠,홈&빌라,0,0,전북특별자치도 전주시 완산구 서서학동 188-26,35.8088624,127.151189
전주 한옥마을 태조마루,게하 · 한옥,0,0,전북특별자치도 전주시 완산구 전동 17-3,35.8159608,127.1485113
전주 한옥스테이 담길,펜션,0,0,전북특별자치도 전주시 완산구 풍남동3가 41-7,35.8164896,127.1535801
프라이빗 옥상 독채 숙소 | 전주 스테이 마중,홈&빌라,0,0,전북 전주시 덕진구 금암동 720-32,35.838219,127.1327161
그 작은 길에 마주했을 때 당신을 사로잡을 | 전주 사로,홈&빌라,0,0,전북특별자치도 전주시 완산구 서서학동 188-24,35.8089586,127.1513368
전주한옥마을 교동 스테이,게하 · 한옥,0,0,전북특별자치도 전주시 완산구 풍남동3가 76-40,35.815991,127.1514283
전주 한옥마을 동락원,게하 · 한옥,0,0,전북특별자치도 전주시  풍남동3가  44,35.816802,127.1527893
전주 감성한옥 하루 독채펜션,펜션,0,0,전북특별자치도 전주시 완산구 풍남동3가 54-14,35.81551,127.1532839
한옥마을 옆 아늑한 감성 숙소 | 전주 스테이 구월,홈&빌라,0,0,전북특별자치도 전주시 완산구 풍남동3가 12-15,35.8154957,127.1551236
전주 대명여관 게스트하우스,게하 · 한옥NEW,0,0,전북특별자치도 전주시 완산구 중앙동4가 31-33,35.8148367,127.1449751