name,category,ratring_score,rating_count,feature,addr
전주 중앙동 라온 호텔,모텔,4.3,71,전주한옥마을 도보 약 5분,전북특별자치도 전주시 완산구 풍남문2길 124-7
전주 산정동 호텔 감스테이,모텔,4.7,"1,043","한옥마을10분,전주역2분,버스터미널7분",전북특별자치도 전주시 덕진구 산정3길 30
전주 중화산동 호텔 인트로(HOTEL INTRO),모텔,4.7,"2,131",선너머 네거리 인근,전북특별자치도 전주시 완산구 한두평1길 11 (인트로호텔)
전주 신시가지 호텔 팝,모텔,4.9,688,도청 앞 신시가지 중심가 명품 호텔!,전북특별자치도 전주시 완산구 홍산북로 74
전주 중화산동 브라운도트 전주중화산점,모텔,4.8,"1,067",전주한옥마을차량10분/전주버스터미널 7분,전북특별자치도 전주시 완산구 한두평2길 14-6
전주 산정동 호텔 레이나,모텔,4.8,28,"한옥마을10분,전주역2분,터미널7분 위치",전북특별자치도 전주시 덕진구 산정3길 6
전주 덕진동 H Avenue 전주덕진점,모텔,4.9,347,"버스터미널(2분), 덕진공원(1분)",전북특별자치도 전주시 덕진구 덕진연못3길 9-3
전주 덕진동 호텔 워너비(HOTEL WANNABE),모텔,4.4,"4,667",◀ 눌러서 위치 확인하기,전북특별자치도 전주시 덕진구 덕진연못3길 8-4
전주 우아동 릴렉스호텔,모텔,5.0,56,전주고속버스터미널 차량 15분거리✔️위치,전북특별자치도 전주시 덕진구 아중4길 6-9
전주 덕진동 호텔 히든(HOTEL HIDDEN),모텔,4.6,"1,716",◀위치바로보기 GOGO,전북특별자치도 전주시 덕진구 덕진연못2길 9-5
전주 덕진동 하운드호텔 전주덕진,모텔,4.8,329,"버스터미널(2분), 덕진공원(1분)",전북특별자치도 전주시 덕진구 기린대로 532-6
전주 산정동 넘버25 전주산정점,모텔,4.9,"1,411","전주역4분,한옥마을12분,버스터미널12분",전북특별자치도 전주시 덕진구 산정3길 12
전주 덕진동 브라운도트 전주덕진점,모텔,4.5,"2,833",전주역/한옥마을 차량 10분,전북특별자치도 전주시 덕진구 기린대로 534
전주 금암동 아늑 료칸호텔 (터미널점),모텔,4.8,64,❤️전주 터미널 도보 3분❤️,전북특별자치도 전주시 덕진구 용산2길 17 (티파니모텔)
하운드호텔 전주아중지구,호텔,4.7,143,"한옥 마을 차량 7분, 전주역 5분",전라북도 전주시 덕진구 산정3길 19-2
전주 금암동 비지니스 호텔 궁,모텔,4.8,438,24.05리모델링★버스터미널 도보1분거리,전북특별자치도 전주시 덕진구 용산1길 17-4 (궁관광호텔)
전주 솔호텔 (SOL),호텔,4.8,"1,189","전주시 한옥마을 차량 7분, 전주역 5분",전라북도 전주시 덕진구 아중2길 22-4
전주 바라한호텔,호텔,4.9,768,전주고속버스정류장 도보 3분,전라북도 전주시 덕진구 용산2길 17-5
전주 산정동 호텔 메이드(HOTEL MADE),모텔,4.8,"1,456",♥한옥마을10분♥,전북특별자치도 전주시 덕진구 산정2길 12-8
전주 금암동 하운드 전주터미널,모텔,5.0,357,"터미널도보1분, 한옥마을,전주역차량10분",전북특별자치도 전주시 덕진구 용산1길 6-5 (필모텔)
글로스터호텔 전주,호텔,4.6,305,전주 한옥마을 도보 10분,전라북도 전주시 완산구 팔달로 227
전주 금암동 YAJA 전주터미널점,모텔,4.7,"2,904",전주터미널1분/전주역10분/한옥마을10분,전북특별자치도 전주시 덕진구 용산2길 13 (호텔야자 전주터미널점)
전주 산정동 에이치에비뉴(H Avenue) 전주아중지구점,모텔,4.9,774,"전주역4분,한옥마을7분,전주동물원8분",전북특별자치도 전주시 덕진구 산정2길 6-4
전주 덕진동 호텔 와이케이(HOTEL WAIKEI),모텔,4.6,"1,486",한옥마을 10분 전북대 2분 터미널 3분,전북특별자치도 전주시 덕진구 명륜5길 10-2 (코원빌딩)
신라스테이 전주,호텔,4.6,275,전주한옥마을 도보 10분,전북특별자치도 전주시 완산구 현무1길 10
전주 산정동 하운드호텔 전주아중지구,모텔,4.9,53,전주시 덕진구 우아2동,전북특별자치도 전주시 덕진구 산정3길 19-2
전주 산정동 호텔 에비뉴(HOTEL AVENUE),모텔,4.8,"2,260","한옥마을(10분), 전주역(2분)",전북특별자치도 전주시 덕진구 산정2길 12-16
전주 산정동 제이즈 호텔,모텔,4.7,"5,882","한옥마을10분,전주역2분,버스터미널7분",전라북도 전주시 덕진구 산정3길 11
전주 라베호텔(LABE HOTEL),호텔,4.8,809,"막걸리마을 8분, 한옥마을 10분",전라북도 전주시 완산구 한두평2길 8-5
전주 스테이 호텔(stay),호텔,4.8,51,"한옥마을 차량 5분, 전주역 3분",전북특별자치도 전주시 덕진구 산정2길 6-5
전주 시그니처 호텔,호텔,4.6,221,전주역 도보 1분,전라북도 전주시 덕진구 백제대로 838 (시그니처 전주)
전주 덕진동 MOMENT 708,모텔,4.7,"3,829","버스터미널(2분), 종합경기장(1분)",전북특별자치도 전주시 덕진구 가리내로 126
전주 고사동 YAJA 전주한옥마을점,모텔,4.1,"8,029","전주시청입구사거리 인근,영화의거리도보2분",전북특별자치도 전주시 완산구 전주객사5길 64-4
이비스 스타일 앰배서더호텔 전주,3성급 호텔,4.7,172,전주한옥마을 근처에 위치,전북특별자치도 전주시 완산구 전주객사4길 74-50 (MEDICAL TOWER)
전주 금암동 호텔 마리(터미널점),모텔,4.8,"5,443",버스터미널(1분)전주역10분한옥마을10분,전북특별자치도 전주시 덕진구 용산3길 21
전주 중화산동 호텔 시그니처 (Signature),모텔,5.0,986,전주한옥마을차량10분/전주막걸리거리 8분,전북특별자치도 전주시 완산구 한두평4길 5-4
전주 산정동 아늑 호텔,모텔,4.9,590,❤️전주역 차량 5분❤️,전북특별자치도 전주시 덕진구 산정3길 37 (M모텔)
전주 한빛호텔,2성급 호텔,4.9,856,전주한옥마을 도보 1분 거리,전라북도 전주시 완산구 기린대로 102
전주 카마호텔,호텔,4.8,575,한옥마을 10분 막걸리거리 8분,전라북도 전주시 완산구 한두평2길 8-9
전주 우아동 브라운도트 전주아중지구점,모텔,4.7,358,"한옥마을5분,전주역2분,전북대학교10분",전북특별자치도 전주시 덕진구 아중중앙로 30 (브라운도트호텔 전주아중지구점)
전주 우아동 센트,모텔,4.9,"2,226","전주역(도보3분),버스터미널(10분)◀",전북특별자치도 전주시 덕진구 동부대로 673-6 (모텔센트)
전주 우아동 한옥 HOTEL,모텔,4.9,"2,849",한옥마을 8분 전주역 5분 터미널 10분,전북특별자치도 전주시 덕진구 아중4길 13
전주 중화산동 스타 호텔(star hotel),모텔,4.7,523,"한옥마을 8분, 막걸리거리 6분",전북특별자치도 전주시 완산구 한두평2길 9
전주 정가한옥스테이,펜션,4.7,361,전주시 완산구 풍남동,전북특별자치도 전주시 완산구 기린대로 78-3
전주 우아동 호텔 루나,모텔,4.7,"2,426",전주역/한옥마을/전북대/시청/터미널10분,전북특별자치도 전주시 덕진구 아중4길 14-7
전주 덕진동 호텔 마리(덕진공원점),모텔,4.6,"5,486","버스터미널2분,덕진공원1분,한옥마을10분",전북특별자치도 전주시 덕진구 덕진연못3길 9-5
베스트웨스턴플러스 전주호텔,호텔,4.4,"1,191",전주시 전주 한옥마을 도보 10분,전라북도 전주시 완산구 현무1길 41
전주 우아동 Hotel The VIZIT,모텔,4.9,"1,364",전주한옥마을/전주터미널 7분(클릭),전북특별자치도 전주시 덕진구 아중중앙로 20
전주 우아동 호텔 투나잇(HOTEL 2NIGHT),모텔,5.0,"1,527",전주 출장/여행 추천 신축호텔,전북특별자치도 전주시 덕진구 아중4길 16
전주 금암동 뷰티 호텔,모텔,4.8,"3,237",버스터미널1분 전주역10분 한옥마을10분,전북 전주시 덕진구 용산3길 8 (금암동)
전주 다온호텔,2성급 호텔,4.8,453,전주한옥마을 도보 1분 거리,전라북도 전주시 완산구 전주천서로 49
전주 금암동 윈져,모텔,4.4,"2,411","버스터미널(1분), 전주역(10분)",전북특별자치도 전주시 덕진구 용산1길 6-3
전주 금암동 호텔 화이트(HOTEL WHITE),모텔,4.8,"1,027","한옥마을7분, 버스터미널2분, 전북대2분",전북특별자치도 전주시 덕진구 전주천동로 501 (화이트관광호텔)
전주 우아동 호텔 젠,모텔,4.2,"4,608",한옥마을7분 전주역2분 전주터미널7분,전북특별자치도 전주시 덕진구 아중4길 14-4 (호텔 젠)
전주 우아동 호텔 캐슬,모텔,4.7,"1,799",한옥마을 10분 전주역 2분 터미널7분,전북특별자치도 전주시 덕진구 아중4길 10-4 (캐슬모텔)
전주 산정동 달빛소리,모텔,4.9,"1,265",전주역 차랑 5분,전북특별자치도 전주시 덕진구 산정2길 12-21
전주 한옥마을 늘품호텔,전통호텔,4.9,834,전주한옥마을 도보 1분,전라북도 전주시 완산구 기린대로 90
전주 다가동 MH HOTEL 객리단점,모텔,4.7,"1,080",객리단길 내 / 한옥마을 도보 5분,전북특별자치도 전주시 완산구 전주천동로 230-5 (홀인원)
전주 금암동 칼튼힐호텔,모텔,4.8,"2,854",전주버스터미널 1분/전북대학교 4분,전북특별자치도 전주시 덕진구 용산3길 35
전주 신시가지 애플,모텔,4.7,235,애플모텔✔️전라북도청 도보 5분거리,전북특별자치도 전주시 완산구 홍산북로 50
전주한옥마을호텔,호텔,4.8,29,전주시 완산구 동서학동,전북특별자치도 전주시 완산구 전주천서로 45
전주 덕진동 호텔 스마일(HOTEL SMILE),모텔,4.7,"2,898",덕진예술회관건물뒷편위치,전북특별자치도 전주시 덕진구 송천중앙로 12-12
전주 호텔 더 빈센트,호텔,4.9,184,전주한옥마을 도보 3분,전라북도 전주시 완산구 전라감영로 76
전주 한옥마을비하녹,펜션,5.0,23,전주시 완산구 중앙동,전북특별자치도 전주시 완산구 풍남문4길 26-34
전주 우아동 에이치호텔,모텔,4.6,87,"❤넷플,티빙,왓챠,디즈니,애플 시청가능❤",전북특별자치도 전주시 덕진구 아중4길 23-6 (힐튼모텔)
전주 재즈어라운드 호텔,호텔,4.7,490,"한옥마을 차량 5분,전주역5분,전북대8분",전라북도 전주시 덕진구 정언신로 182
전주 중화산동 호텔 루고(RUGO),모텔,4.9,208,"한옥마을 차량10분, 막걸리거리 차량8분",전북 전주시 완산구 한두평4길 5-5
전주 중화산동 호텔 루고(RUGO),모텔,4.9,208,"한옥마을 차량10분, 막걸리거리 차량8분",전북특별자치도 전주시 완산구 한두평4길 5-5
전주 그랜드힐스턴호텔,3성급 호텔,4.7,439,전주시 완산구,전라북도 전주시 완산구 서곡5길 22-5
전주 금암동 후,모텔,4.7,"2,771",버스터미널1분 전주역10분 한옥마을10분,전북특별자치도 전주시 덕진구 용산1길 12-2
전주 산정동 첫번째 호텔,모텔,4.8,"2,186",한옥마을/전주역/버스터미널 근접,전북특별자치도 전주시 덕진구 산정1길 30
전주 경원동 호텔 다빈(HOTEL DAVIN),모텔,4.8,152,한옥마을 도보 5분,전북특별자치도 전주시 완산구 팔달로 160
전주 우아동 박스호텔,모텔,4.6,180,⭐한옥마을 10분⭐박스호텔(위치),전북특별자치도 전주시 덕진구 아중4길 20-5
전주 서신동 호텔 아지트,모텔,4.8,"1,108",신축 오픈! 한옥마을/전주역/터미널10분,전북특별자치도 전주시 완산구 여울로 25 (호텔아지트 서신롯데점)
전주 비지트호텔(VIZIT),호텔,4.7,589,"전주시 한옥마을 차량 7분, 전주역 5분",전북 전주시 덕진구 아중중앙로 20
전주 우아동 소울,모텔,4.5,814,"한옥마을(10분), 전주역(2분)",전북특별자치도 전주시 덕진구 아중4길 14-9 (소울모텔)
전주 엔브릿지호텔,3성급 호텔,4.5,428,한옥마을 도보1분거리 위치,전라북도 전주시 완산구 전주천서로 81
전주 중화산동 스페셜,모텔,4.6,977,중화산동 2가 위치,전북특별자치도 전주시 완산구 한두평2길 8-7 (스페셜)
전주 신시가지 쿡,모텔,4.7,614,효자동(신시가지) 내에 위치(클릭),전북특별자치도 전주시 완산구 홍산북로 84-10
전주 산정동 아리아,모텔,4.8,375,전주역 5분 이내,전북특별자치도 전주시 덕진구 산정1길 12-4 (아리아모텔)
전주 루엘호텔 덕진공원본점,2성급 호텔,4.8,116,덕진공원 앞 도보 1분,전라북도 전주시 덕진구 기린대로 540
전주 나비잠한옥호텔,전통호텔,4.8,95,전주 경기전 도보 2분,전라북도 전주시 완산구 팔달로 150-17
전주 우아동 호텔 위너(HOTEL WINNER),모텔,5.0,902,한옥마을10분 전주역2분 터미널7분,전북특별자치도 전주시 덕진구 아중4길 20
전주 산정동 플렉스호텔,모텔,4.4,"1,693",전주한옥마을차량10분 / 전주역차량 7분,전북특별자치도 전주시 덕진구 산정2길 11
전주혁신도시 호텔원,호텔,4.6,674,완주군 혁신동,전라북도 완주군 이서면 오공로 21-13
전주 금암동 황토,모텔,4.8,356,전주버스터미널 도보 3분,전북특별자치도 전주시 덕진구 용산1길 5-4 (황토모텔)
전주 브라이튼 호텔,호텔,4.7,122,막걸리거리8분 한옥마을10분,전라북도 전주시 완산구 한두평2길 8-3
전주 송천동 호텔 에코스테이,모텔,4.8,"1,681",에코시티 최초의 호텔 ◀(위치보기),전북특별자치도 전주시 덕진구 세병서로 8-27
전주 금암동 블루원,모텔,4.5,"1,601","버스터미널(1분), 전주역(10분)",전북 전주시 덕진구 용산2길 18 (금암동)
전주 신시가지 타임,모텔,5.0,324,전주시 완산구 효자5동,전북특별자치도 전주시 완산구 홍산북로 46-5
전주 금암동 토마토,모텔,4.4,"1,490",전주버스터미널 차량 3분(위치보기),전북특별자치도 전주시 덕진구 용산3길 18 (토마토모텔)
전주 마리호텔 터미널점,호텔,4.5,450,전주한옥마을 차량 10분,전라북도 전주시 덕진구 용산3길 21
전주 금암동 호텔 바라한(HOTEL BARAHAN),모텔,4.6,"3,931","버스터미널(1분), 한옥마을(10분)",전북특별자치도 전주시 덕진구 용산2길 17-5
전주 우아동 호텔 노이(HOTEL NEUE),모텔,4.8,662,한옥마을11분 전주역8분 버스터미널17분,전북특별자치도 전주시 덕진구 아중4길 21
전주 중화산동 엘도라도,모텔,4.6,"2,025","막걸리타운차량10분,한옥마을차량10분",전북특별자치도 전주시 완산구 한두평4길 11-3
전주 뜰안채펜션,펜션,4.8,172,전주시 완산구 풍남동,전북특별자치도 전주시 완산구 어진길 90-10
전주 우아동 필,모텔,4.8,279,전북대 차량 8분(위치보기),전북특별자치도 전주시 덕진구 도당산로 65-4 (해바라기모텔)
전주 금암동 이카로스 드라이브인 무인텔,모텔,4.3,"2,006",버스터미널1분⚡ 전주역 한옥마을10분⚡,전북특별자치도 전주시 덕진구 용산2길 20
전주 금암동 브라운도트 전주터미널점,모텔,4.9,"1,130","터미널도보1분,한옥마을10분,전주역10분",전북특별자치도 전주시 덕진구 용산1길 12-4 (굿모닝모텔)
전주 도란도란카라반글램핑펜션,펜션,4.8,108,전주시 완산구 노송동,전북 전주시 완산구 간납로 13 
전주 더 메이 호텔,4성급 호텔,4.9,46,전주월드컵경기장 4.2km,전라북도 전주시 덕진구 기린대로 800(팔복동1가)
전주 전주한옥마을웨이펜션,펜션,4.5,89,전주시 완산구 풍남동,전북특별자치도 전주시 완산구 은행로 16
전주 우아동 이츠 호텔,모텔,4.8,"1,265","한옥마을(10분), 전주역(2분)",전북 전주시 덕진구 아중2길 18-6 (우아동2가)
전주 우아동 이츠 호텔,모텔,4.8,"1,265","한옥마을(10분), 전주역(2분)",전북특별자치도 전주시 덕진구 아중2길 18-6
전주 중화산동 투썸호텔,모텔,4.9,750,전주 한옥마을/막걸리타운 차량 10분,전북특별자치도 전주시 완산구 한두평2길 13-3 (투썸호텔)
전주 호텔 아라리,2성급 호텔,4.7,118,전주 고속 버스터미널 도보 5분 거리,전라북도 전주시 덕진구 떡전5길 24
전주 중화산동 화려한외출Ⅱ,모텔,4.4,"1,272",전주시 완산구 중화산동2가 142-19,전북특별자치도 전주시 완산구 한두평2길 8-11 (화려한외출Ⅱ)
전주 신시가지 제이메이트 호텔,모텔,4.7,378,전라북도청 도보 8분(위치보기),전북특별자치도 전주시 완산구 홍산북로 60-12
아늑호텔 전주점,호텔,5.0,36,전주역 차량 5분,전라북도 전주시 덕진구 산정3길 37 (M모텔)
전주 별자리한옥스테이펜션,펜션,4.8,180,전주시 완산구 풍남동,전북특별자치도 전주시 완산구 최명희길 26-17
전주한옥마을 황실관광호텔,전통호텔,4.6,432,전주한옥마을 안에 위치,전라북도 전주시 완산구 은행로 22
전주 왕의지밀 한옥호텔,전통호텔,4.3,297,전주 한옥마을 차량 7분,전라북도 전주시 완산구 춘향로 5218-20
전주 우아동 명품 HOTEL,모텔,4.7,189,전주역 도보 5분(위치보기),전북특별자치도 전주시 덕진구 우아1길 6
전주 한옥마을담소황토펜션,펜션,4.6,142,전주시 완산구 풍남동,전북 전주시 완산구 향교길 71 
전주 취락당 한옥스테이,게스트하우스,4.8,182,한옥마을 내 위치,전북특별자치도 전주시 완산구 동문길 33-19
전주 산정동 칸,모텔,4.5,"1,628",한옥마을 10분 전주역 2분 터미널 7분,전북특별자치도 전주시 덕진구 산정2길 24-3
전주 마리 호텔,호텔,4.9,237,전주한옥마을 2.97km 자동차로 10분,전라북도 전주시 덕진구 아중중앙로 26
전주 송천동 호텔 더 그레이(THE GRAY),모텔,4.8,855,GRAND OPEN 전주에코시티 신축호텔,전북특별자치도 전주시 덕진구 세병서로 18-6
전주 금암동 스토리 무인텔,모텔,4.8,532,전주터미널/전북대/전주종합경기장 근접위치,전북특별자치도 전주시 덕진구 용산2길 8
전주 한옥호텔 태조궁,전통호텔,4.6,75,전주한옥마을 약 1.2km,전라북도 전주시 완산구 전라감영로 40
전주 산정동 돈키호테 드라이브인,모텔,4.5,222,전주역 차량 5분(위치보기),전북특별자치도 전주시 덕진구 산정3길 17
전주 중화산동 몽블랑,모텔,4.7,472,중화산동 인근! 23.09 리모델링 완료,전북특별자치도 전주시 완산구 한두평2길 11
전주 우아동 하얏트,모텔,4.3,700,전주역 도보 5분◀눌러서 위치 확인 GO,전북특별자치도 전주시 덕진구 도당산로 65 (하얏트모텔)
호텔야자 전주터미널점,호텔,4.9,254,전주 터미널 도보 3분,전북 전주시 덕진구 용산2길 13 호텔야자 전주터미널점
전주 고사동 전주관광호텔,모텔,3.9,"1,694",전주시청 인근 위치 (✔️위치보기),전북특별자치도 전주시 완산구 전주객사5길 44-5 (전주관광호텔)
전주 신시가지 호텔모아,모텔,4.9,552,신시가지 중심지 먹자골목,전북특별자치도 전주시 완산구 홍산북로 80
전주 금암동 투헤븐,모텔,4.8,541,전주 금암동 터미널부근,전북특별자치도 전주시 덕진구 용산2길 7 (투헤븐호텔)
전주 신시가지 호텔 아지트,모텔,4.8,682,도청 앞 신시가지 중심지 (위치보기),전북특별자치도 전주시 완산구 홍산북로 46-11 (호텔아지트 신시가지점)
전주 우아동 FX,모텔,4.4,681,전주시 우아동2가 위치,전북특별자치도 전주시 덕진구 아중4길 14-10 (FX모텔)
전주 금암동 가온텔,모텔,4.2,14,전주시 덕진구 금암동,전북특별자치도 전주시 덕진구 용산1길 6 (가온텔)
전주 중화산동 MH HOTEL 중화산점,모텔,5.0,345,"도보 5분 내 편의점,식당가 위치",전북특별자치도 전주시 완산구 어은로 12-6
전주 신시가지 호텔 메세지,모텔,4.5,801,신시가지 내 위치 (눌러서 위치보기),전북특별자치도 전주시 완산구 홍산북로 72
전주 산정동 제이브라운 호텔,모텔,4.8,181,#Grand Open제이브라운✔️위치보기,전북특별자치도 전주시 덕진구 산정1길 26
전주 산정동 바른 숙박 (BARUN STAY),모텔,4.6,437,한옥마을10분/전주역5분/버스터미널15분,전북특별자치도 전주시 덕진구 산정1길 32 (바른숙박)
전주 덕진동 H Avenue 전주덕진점(신관),모텔,4.9,75,"버스터미널(2분), 덕진공원(1분)",전북특별자치도 전주시 덕진구 덕진연못3길 9-1
전주 경원동 경원,모텔,4.7,543,전주 한옥마을까지 도보 2-3분거리,전북특별자치도 전주시 완산구 경기전길 8-5 (경원장여관)
전주 호텔토랑,호텔,4.7,82,#한옥마을 10분 | 전주역 2분,전라북도 전주시 덕진구 산정2길 23
전주 산정동 테라,모텔,4.6,236,한옥마을 10분 전주역 2분 터미널 7분,전북특별자치도 전주시 덕진구 산정3길 26
전주 한옥호텔 궁,전통호텔,3.9,506,전주한옥마을 도보 5분,전라북도 전주시 완산구 풍남문4길 25-19
전주 더클래식 바이 호텔원,호텔,4.5,157,완주 전주혁신도시 법조타운 인근,전라북도 완주군 이서면 오공로 21-19
아늑료칸호텔 전주점,호텔,4.8,4,전주 터미널 도보 3분,전북특별자치도 전주시 덕진구 용산2길 17 (티파니모텔)
전주 중화산동 브라이튼 호텔(BRIGHTEN HOTEL),모텔,4.8,337,막걸리거리8분 한옥마을10분,전북특별자치도 전주시 완산구 한두평2길 8-3 (수호천사)
전주 우아동 임페리얼,모텔,4.5,104,"전주역도보 5분, 전북대 병원 인근",전북특별자치도 전주시 덕진구 도당산3길 8-1 (임페리얼모텔)
전주 스페이스셔틀,펜션,5.0,6,완주군 상관면,전북특별자치도 완주군 상관면 죽림편백길 118-38
전주 금암동 호텔 K,모텔,5.0,295,버스터미널 2분 거리,전북특별자치도 전주시 덕진구 용산2길 5 (호텔케이)
전주 호텔 라임,호텔,4.9,52,"전주 한옥 마을 10분, 전주역 2분",전라북도 전주시 덕진구 아중4길 13-3
전주 중화산동 Q,모텔,4.5,"1,630",완산구청 부근,전북특별자치도 전주시 완산구 한두평1길 12 (Q모텔)
전주 신시가지 호텔 아이,모텔,4.5,371,전라북도청 도보 8분(위치보기),전북특별자치도 전주시 완산구 홍산북로 84
전주 중화산동 엘림호텔,모텔,4.8,719,중화산동 인근(위치보기),전북특별자치도 전주시 완산구 한두평3길 7-4
전주 우아동 호텔 자우리,모텔,4.2,403,전주한옥마을 9분 거리(위치보기),전북특별자치도 전주시 덕진구 아중4길 13-4
전주 중화산동 루이,모텔,4.5,610,전주 한옥마을 차량 10분거리,전북특별자치도 전주시 완산구 한두평2길 10
호텔 투썸스테이 전주 서신점,호텔,4.6,49,롯데백화점 전주점 도보로 3분 거리,전라북도 전주시 완산구 여울로 31
베니키아 전주 한성 호텔,호텔,4.3,95,전주한옥마을 1km,전라북도 전주시 완산구 전주객사5길 43-3
호텔어라이브 전주 시화연풍,호텔,5.0,39,전주한옥마을 도보 15분 거리,전라북도 전주시 완산구 풍남문3길 9-5
전주 꽃자리펜션,펜션,4.9,45,전주시 완산구 풍남동,전북특별자치도 전주시 완산구 최명희길 26-23
전주 풍남가족호텔(구.풍남관광호텔),2성급 호텔,4.6,17,전주 한옥마을 차량 8분,전북특별자치도 전주시 완산구 전주객사2길 45-7 (풍남관광호텔)
전주 전주한옥온유,펜션,4.9,23,전주시 완산구 풍남동,전북특별자치도 전주시 완산구 한지길 107 (물빛)
전주 정가한옥 & 더정가 스테이,게스트하우스,4.9,178,전주 한옥마을 내 위치,전북특별자치도 전주시 완산구 기린대로 78-3
전주 신시가지 데이나이스,모텔,4.6,597,전주 효자동 인근,전북특별자치도 전주시 완산구 홍산북로 46
전주 우아동 래미안,모텔,4.3,532,"한옥마을10분,전주역2분,버스터미널7분",전북특별자치도 전주시 덕진구 아중4길 6-1 (래미안모텔)
완주 혁신도시 만상 호텔(MANSANG HOTEL),모텔,4.7,759,완주혁신도시터미널 차량 3분(위치보기),전북특별자치도 완주군 이서면 오공로 21-11
전주 하운드호텔 덕진점,호텔,5.0,18,전주고속버스터미널 차량 5분,전북특별자치도 전주시 덕진구 기린대로 532-6
전주 신시가지 호텔 U,모텔,4.6,195,효자동 신시가지 내 위치,전북특별자치도 전주시 완산구 홍산북로 84-12
전주 산정동 써밋스테이 호텔,모텔,4.6,250,한옥마을 10분 거리,전북특별자치도 전주시 덕진구 산정3길 2
전주 우아동 어제처럼,모텔,4.7,58,전주시 덕진구 우아1동,전북특별자치도 전주시 덕진구 도당산4길 10 (어제처럼모텔)
전주 중화산동 YAJA 중화산점,모텔,4.6,452,완산구청 5분 이내(위치보기),전북특별자치도 전주시 완산구 한두평3길 5
전주 한옥고택고을,펜션,5.0,31,전주시 완산구 풍남동,전북특별자치도 전주시 완산구 최명희길 26-7
전주 한옥고택고을,펜션,5.0,31,전주시 완산구 풍남동,전북특별자치도 전주시 완산구 최명희길 26-7
전주 가인,모텔,3.4,20,전주시 덕진구 우아1동,전북특별자치도 전주시 덕진구 우아1길 19
전주 중화산동 프린스,모텔,4.6,208,한두평공원 2분거리,전북특별자치도 전주시 완산구 한두평1길 9 (프린스모텔)
전주 중화산동 카마호텔,모텔,4.7,547,한옥마을 10분 막걸리거리 8분,전북특별자치도 전주시 완산구 한두평2길 8-9 (카마호텔)
전주 우아동 호텔 어반스테이 아중점,모텔,4.9,204,전주 출장/여행 추천 신축호텔,전북특별자치도 전주시 덕진구 정언신로 170
호텔 다빈,호텔,4.6,876,전주시 완산구 풍남동,전라북도 전주시 완산구 팔달로 160
전주 스마일호텔,호텔,5.0,61,(신축)덕진공원 도보1분거리,전라북도 전주시 덕진구 송천중앙로 12-12
전주 중앙동 한옥호텔 궁,모텔,4.7,493,한옥마을 5분 거리 눌러서 위치 확인하기,전북 전주시 완산구 풍남문4길 25-19 (중앙동4가)
전주 영하우스,펜션,4.9,14,전주시 완산구 노송동,전북특별자치도 전주시 완산구 팔달로 292-4 
전주 마리호텔 덕진공원점,호텔,4.3,251,전주덕진공원 바로 앞,전라북도 전주시 덕진구 덕진연못3길 9-5
전주 중화산동 알프스,모텔,3.9,386,전주 완산구 중화산동2가 위치,전북특별자치도 전주시 완산구 한두평1길 13-5 (알프스모텔)
전주 산정동 료칸호텔-엣지,모텔,4.9,30,"전주역 3분, 한옥마을 10분",전북특별자치도 전주시 덕진구 산정2길 28-5
전주 우아동 프린스,모텔,3.9,582,한옥마을(10분) 전주역(2분),전북특별자치도 전주시 덕진구 동부대로 441 (프린스모텔)
전주 진북동 장미,모텔,4.5,149,전주한옥마을 차량 3분,전북특별자치도 전주시 덕진구 안덕원로 106-10
전주 전주이야기펜션,펜션,5.0,18,전주시 완산구 동서학동,전북특별자치도 전주시 완산구 동부대로 82-2
전주 우아동 HOTEL SOL(솔),모텔,4.3,102,한옥마을 차량7분/ 전주역 차량6분,전북특별자치도 전주시 덕진구 아중2길 22-4
완주 호텔 아리아(HOTEL ARIA),모텔,4.6,541,◀ 눌러서 위치 확인하기,전북특별자치도 완주군 삼례읍 동학로 36-10 (아리아모텔)
전주 메이드호텔,호텔,5.0,6,전주역 차량 7분 거리,전라북도 전주시 덕진구 산정2길 12-8
전주 MH HOTEL 객리단길점,호텔,4.8,90,차이나거리(걷고싶은거리) 도보 2분,전라북도 전주시 완산구 전주천동로 232(다가동3가)
전주 중화산동 호텔 더 케이,모텔,4.3,797,완산구청 근처,전북특별자치도 전주시 완산구 한두평1길 10
전주 금암동 비스트,모텔,3.7,"2,863","버스터미널 1분,전주역,한옥마을 10분",전북특별자치도 전주시 덕진구 용산3길 12
전주 온고을 한옥스테이,게스트하우스,4.7,179,전주한옥마을 내 위치,전북특별자치도 전주시 완산구 향교길 51-10
전주 금암동 스카이쇼1 무인텔,모텔,4.0,440,"터미널(1분),전주역,한옥마을(10분)",전북특별자치도 전주시 덕진구 용산2길 11 (스카이쇼무인텔)
전주 서선야 한옥스테이,게스트하우스,5.0,63,한옥마을 제 1주차장에서 3분 거리,전북특별자치도 전주시 완산구 동문길 19-6
전주 산정동 호텔 카누(HOTEL KANU),모텔,4.8,598,"한옥마을(10분), 전주역(2분)(클릭)",전북특별자치도 전주시 덕진구 산정2길 12-7
전주 중화산동 라베호텔(LABE HOTEL),모텔,4.2,133,막걸리거리8분 한옥마을10분,전북특별자치도 전주시 완산구 한두평2길 8-5 (라베호텔)
전주 대명여관펜션,펜션,4.5,42,전주시 완산구 중앙동,전북특별자치도 전주시 완산구 풍남문4길 25-10 (대명여관)
전주관광호텔,호텔,3.8,338,전주시 완산구,전라북도 전주시 완산구 전주객사5길 44-5
전주 우아동 맨하탄,모텔,4.6,37,전주역 2분 거리,전북특별자치도 전주시 덕진구 도당산3길 8-2 (맨하탄모텔)
전주 진북동 경동,모텔,4.2,210,덕진구청 4분 거리,전북특별자치도 전주시 덕진구 안덕원로 106-12
전주 한옥마을 덕수궁 한옥스테이,게스트하우스,4.6,146,전주 한옥마을 도보 3분,전북특별자치도 전주시 완산구 간납로 10
전주 한옥마당 펜션,펜션,5.0,21,전주시 완산구 풍남동,전북특별자치도 전주시 완산구 전주천동로 80-13
전주 그리운집 한옥스테이,게스트하우스,5.0,58,한옥마을,전북특별자치도 전주시 완산구 향교길 23-3
완주 칸 드라이브인 무인텔(KAN),모텔,4.1,305,전주혁신도시 인근◀눌러서 위치 확인하기,전북특별자치도 완주군 이서면 콩쥐팥쥐로 968-17
전주 에비뉴 호텔,호텔,4.0,175,전주역 약 1.84km,전라북도 전주시 덕진구 산정2길 12-16
전주 아침스테이,펜션,5.0,14,전주시 완산구 풍남동,전북특별자치도 전주시 완산구 팔달로 150-5
전주 블루보트 게스트하우스,게스트하우스,5.0,56,전주한옥마을 내 위치 ,전북특별자치도 전주시 완산구 충경로 75
전주 꽃무릇펜션,펜션,3.5,50,전주시 완산구 풍남동,전북특별자치도 전주시 완산구 향교길 155-14
전주 신시가지 스테이호텔,모텔,5.0,5,신시가지 메인거리 안쪽 첫번째 위치,전북특별자치도 전주시 완산구 홍산북로 60-8
전주 오페라 21,호텔,3.3,208,전주한옥마을 4.06km,전라북도 전주시 덕진구 정언신로 186
전주 신시가지 호텔 폭스-FOX 2.0,모텔,4.6,375,전주버스터미널 차량 11분,전북특별자치도 전주시 완산구 홍산북로 58
전주 산정동 호텔 샾(Hotel Sharp),모텔,4.5,168,"전주역 5분,한옥마을 7분,터미널 10분",전북특별자치도 전주시 덕진구 산정3길 22
전주 교동가온 한옥스테이,게스트하우스,5.0,40,전주시 완산구 풍남동,전북특별자치도 전주시 완산구 은행로 73-1
전주 우아동 쉐르빌,모텔,4.2,156,아중역(폐역)에서 도보5분,전북 전주시 덕진구 아중4길 9
전주 뜰안채 한옥스테이,게스트하우스,5.0,28,전주한옥마을 내 위치 ,전북특별자치도 전주시 완산구 어진길 94-5
전주 별빛궁 한옥스테이,게스트하우스,5.0,50,"경기전, 오목대 도보3분",전북특별자치도 전주시 완산구 태조로 12-18
전주 중화산동 호텔 시그니처,호텔,5.0,7,한옥마을/시청/전주역 인근,전라북도 전주시 완산구 한두평4길 5-4
전주 향교길선우가펜션,펜션,5.0,15,전주시 완산구 풍남동,전북특별자치도 전주시 완산구 향교길 155-13
전주 중화산동 호텔사운즈,모텔,3.4,65,⭐Grand Open 중화산동⭐호텔사운즈,전북특별자치도 전주시 완산구 한두평3길 7-6
전주 별둘 자쿠지 독채 펜션,펜션,5.0,3,전주시 완산구 노송동,전북특별자치도 전주시 완산구 간납대2길 59-3
전주 한옥마을돼지꿈한옥펜션,펜션,4.5,8,전주시 완산구 풍남동,전북특별자치도 전주시 완산구 최명희길 26-36 (노인교회)
완주 혁신도시 드래곤호텔,모텔,4.8,116,←⭐드래곤호텔 (위치보기)⭐,전북특별자치도 완주군 이서면 오공로 21-5
전주 교동살래 한옥스테이,게스트하우스,4.5,135,한옥마을 인근 위치,전북특별자치도 전주시 완산구 전주천동로 66-1
전주 한옥마을하늘애한옥펜션,펜션,5.0,7,전주시 완산구 풍남동,전북특별자치도 전주시 완산구 동문길 33-11
전주 한옥마을덕수궁펜션,펜션,4.9,31,전주시 완산구 풍남동,전북특별자치도 전주시 완산구 간납로 10
전주 한옥마을 인디고,게스트하우스,4.9,16,전주한옥마을공용주차장도보로 3~5분소요,전북특별자치도 전주시 완산구 은행로 5-9
"전주 봄,하루",펜션,4.0,1,"풍남문 도보 2분, 한옥마을 도보 3분",전북특별자치도 전주시 완산구 풍남문3길 9-16
전주 별빛궁한옥펜션,펜션,4.7,28,전주시 완산구 풍남동,전북특별자치도 전주시 완산구 태조로 12-18
전주 안녕제제 게스트하우스,게스트하우스,5.0,13,전주한옥마을내 경기전 뒷편 위치,전북특별자치도 전주시 완산구 전동성당길 33-9
전주 한옥마을 한옥숙박예쁘다펜션,펜션,5.0,3,전주시 완산구 풍남동,전북특별자치도 전주시 완산구 어진길 59
전주 한옥고희펜션,펜션,4.3,7,전주시 완산구 완산동,전북특별자치도 전주시 완산구 빙고리3길 5
전주 엑스오 XO 호텔,호텔,4.3,40,전주고속버스터미널 도보 4분,전라북도 전주시 덕진구 용산1길 17-1
넘버25호텔 전주산정점,호텔,5.0,16,전주역 KTX 차량 6분 거리,전라북도 전주시 덕진구 산정3길 12
전주 서노송동 코아,모텔,4.1,50,◀ 눌러서 위치 확인하기,전북특별자치도 전주시 완산구 팔달로 286-7 (코아모텔)
전주 동산동 편백,모텔,3.5,156,"전주 동산동, 반월동, 만성동 숙박",전북특별자치도 전주시 덕진구 편운로 7
24게스트하우스 전주점,게스트하우스,4.7,108,전주 시청 근처,전북특별자치도 전주시 완산구 현무3길 56 (24게스트하우스)
전주 우아동 이츠 호텔,호텔,5.0,2,"전주역 차량 5분, 한옥마을 8분",전북 전주시 덕진구 아중2길 18-6 (우아동2가)
전주 우아동 이츠 호텔,호텔,5.0,2,"전주역 차량 5분, 한옥마을 8분",전북특별자치도 전주시 덕진구 아중2길 18-6
전주 금암동 타임,모텔,4.2,121,전주고속버스터미널 도보 4분,전북특별자치도 전주시 덕진구 용산1길 11
전주 한옥마을 더정가스테이,펜션,4.7,14,전주시 완산구 풍남동,전북특별자치도 전주시 완산구 기린대로 76
전주 천년의아침한옥펜션,펜션,5.0,3,전주시 완산구 풍남동,전북특별자치도 전주시 완산구 기린대로 71-1
전주 인터내셔널 호스텔,게스트하우스,5.0,34,전주역에서 도보 1분,전북특별자치도 전주시 덕진구 동부대로 694-8
전주 엣지호텔,호텔,5.0,1,전주시 덕진구 우아2동,전북특별자치도 전주시 덕진구 산정2길 28-5
전주 천동로선우가,펜션,5.0,5,전주시 완산구 풍남동,전북특별자치도 전주시 완산구 전주천동로 50 
전주 진북동 하얀,모텔,4.0,3,덕진구청 차량 약 4분,전북특별자치도 전주시 덕진구 안덕원로 106-8 (하얀장여관)
전주 다정 한옥스테이,게스트하우스,5.0,21,전주한옥마을 내 위치,전북특별자치도 전주시 완산구 전동성당길 30
전주 예술인의집마담초이펜션,펜션,5.0,1,한옥마을은 도보로 3분 거리,전북특별자치도 전주시 완산구 서학로 16-5
전주 한옥고희,게스트하우스,4.0,6,전주시 완산구 완산동,전북특별자치도 전주시 완산구 빙고리3길 5
전주 중화산동 호텔 루고(RUGO),호텔,5.0,2,전주시 완산구 중화산1동,전북 전주시 완산구 한두평4길 5-5
전주 중화산동 호텔 루고(RUGO),호텔,5.0,2,전주시 완산구 중화산1동,전북특별자치도 전주시 완산구 한두평4길 5-5
전주 궁호텔,호텔,4.3,3,전주 고속버스/시외버스 터미널 도보 2분,전북특별자치도 전주시 덕진구 용산1길 17-4 (궁관광호텔)
전주 제니홈 게스트하우스,게스트하우스,5.0,32,전주역,전북특별자치도 전주시 덕진구 장재안길 6
전주 이오당펜션,펜션,4.3,7,전주시 완산구 풍남동,전북특별자치도 전주시 완산구 오목대길 45-43
전주 중노송동 파인,모텔,3.3,64,전주한옥마을 5분(위치보기),전북특별자치도 전주시 완산구 현무3길 54 (파인모텔)
전주 한옥마을 건축문화상 수상한 이가한옥 펜션,펜션,4.3,7,전주시 완산구 풍남동,전북특별자치도 전주시 완산구 간납로 8
전주 어울림게스트하우스,펜션,5.0,12,전주시 완산구 풍남동,전북특별자치도 전주시 완산구 은행로 75-5
전주 덕진동 타미,모텔,4.0,56,전주 덕진공원 바로 앞 위치,전북특별자치도 전주시 덕진구 권삼득로 383
전주 사랑루 한옥스테이,게스트하우스,4.7,37,전주 한옥마을 내 위치/한벽문화관 50m,전북특별자치도 전주시 완산구 전주천동로 58-5
전주 동락원,펜션,4.7,3,전주시 완산구 풍남동,전북특별자치도 전주시 완산구 은행로 33-6 (동락원)
전주 들꽃사랑채펜션,펜션,5.0,5,전주시 완산구 풍남동,전북특별자치도 전주시 완산구 향교길 51-16
전주 고사동 씨네마,모텔,5.0,44,전주영화제작소 앞(영화의거리)(위치보기),전북 전주시 완산구 전주객사3길 27 (고사동)
위너 호텔,호텔,4.6,120,전주역 2.79km,전라북도 전주시 덕진구 아중4길 20
전주 소소한한옥,펜션,0,0,전주시 완산구 풍남동,전북특별자치도 전주시 완산구 은행로 5-7
전주 한옥마을 꼴 게스트하우스,게스트하우스,5.0,28,전주시청 인근,전북특별자치도 전주시 완산구 은행로 21-1
완주 째즈호텔,모텔,4.6,31,전주3공단소재,전북특별자치도 완주군 봉동읍 둔산2로 33-4
전주 분 게스트하우스,게스트하우스,5.0,13,경기전,전북특별자치도 전주시 완산구 전동성당길 33-6
전주 한옥마을 스테이선선,펜션,0,0,전주시 완산구 풍남동,전북특별자치도 전주시 완산구 전동성당길 62-6
전주 봄날,펜션,5.0,1,전주시 완산구 동서학동,전북특별자치도 전주시 완산구 서학3길 44
전주 한옥마을 예당한옥펜션,펜션,5.0,2,전주시 완산구 풍남동,전북특별자치도 전주시 완산구 은행로 51-9
전주 효자동 캐슬,모텔,4.1,32,전주 서부시장 근처,전북특별자치도 전주시 완산구 효동2길 17-4 (한성모텔)
전주 더머뭄 한옥스테이,게스트하우스,4.7,67,전주시 완산구 풍남동,전북특별자치도 전주시 완산구 최명희길 26-25
전주 푸른솔펜션,펜션,5.0,8,전주시 완산구 동서학동,전북특별자치도 전주시 완산구 내원당길 92-7
전주 한옥이야기펜션,펜션,4.3,6,전주시 완산구 풍남동,전라북도 전주시 완산구 은행로 83-12
전주 금암동 나라,모텔,5.0,19,버스터미널 도보 5분,전북특별자치도 전주시 덕진구 가리내로 37
에이치에비뉴호텔 덕진점,호텔,4.6,16,전주시 덕진구 덕진동,전북특별자치도 전주시 덕진구 덕진연못3길 9-3
전주 한옥마을 산민재펜션,펜션,5.0,1,"50M 전주향교,30M 전주 전통한옥식당",전북특별자치도 전주시 완산구 향교길 153
전주 한옥마을 어린왕자 게스트하우스,게스트하우스,5.0,33,전주한옥마을 내 위치,전북특별자치도 전주시 완산구 태조로 14-1
호텔 에코스테이,호텔,4.4,141,전북대학교 15분거리,전라북도 전주시 덕진구 세병서로 8-27
전주 좋은날한옥펜션,펜션,5.0,7,전주시 완산구 풍남동,전북특별자치도 전주시 완산구 전동성당길 37-7
전주 어사화,펜션,5.0,1,전주시 완산구 풍남동,전북특별자치도 전주시 완산구 한지길 106-1
전주 한옥토박이펜션,펜션,5.0,1,전주시 완산구 풍남동,전북특별자치도 전주시 완산구 은행로 74-15
전주 우아동 CF(씨에프),모텔,4.3,15,전주한옥마을 차량 8분,전북특별자치도 전주시 덕진구 아중4길 10-5 (CF모텔)
전주 소리풍경 펜션,펜션,4.0,12,전주시 완산구 풍남동,전북특별자치도 전주시 완산구 태조로 12-5
웨스턴라이프호텔,4성급 호텔,4.6,458,익산시 영등동,전라북도 익산시 동서로 380
전주 한옥마을서쪽독채펜션,펜션,5.0,2,전주시 완산구 풍남동,전북특별자치도 전주시 완산구 간납대2길 18
전주 한옥고택고을,게스트하우스,4.5,4,전통한옥스테이 전주한옥마을 중심,전북특별자치도 전주시 완산구 최명희길 26-7
전주 한옥고택고을,게스트하우스,4.5,4,전통한옥스테이 전주한옥마을 중심,전북특별자치도 전주시 완산구 최명희길 26-7
전주 연우당 한옥스테이,게스트하우스,4.8,13,오목대 도보4분거리,전북특별자치도 전주시 완산구 태조로 12-17
전주 소소한 한옥,게스트하우스,5.0,4,전주시 완산구 풍남동,전북특별자치도 전주시 완산구 은행로 5-7
화이트 관광호텔,호텔,4.3,155,전주시 고속버스터미널 도보 3분,전라북도 전주시 덕진구 전주천동로 501
전주 제인당,펜션,0,0,전주시 완산구 풍남동,전북특별자치도 전주시 완산구 태조로 26-40
전주 중앙동 감영루 한옥텔,모텔,2.8,228,전주한옥마을 도보 3분,전북특별자치도 전주시 완산구 풍남문4길 26-42
전주 우아동 아미르,모텔,3.5,212,#전주역에서 자가용 2분거리 위치,전북특별자치도 전주시 덕진구 아중2길 14-4 (아미르모텔)
전주 청나루한옥펜션,펜션,5.0,1,전주시 완산구 풍남동,전북특별자치도 전주시 완산구 최명희길 7
전주 한옥마을이화고택펜션,펜션,5.0,2,전주시 완산구 풍남동,전북특별자치도 전주시 완산구 한지길 91
전주 참다원펜션,펜션,5.0,2,전주시 완산구 풍남동,전북특별자치도 전주시 완산구 향교길 155-9
전주 우아동 마리호텔,모텔,0,0,전주시 덕진구 우아2동,전북특별자치도 전주시 덕진구 아중중앙로 26 (마리호텔)
전주 고사동 호텔한성,모텔,3.0,40,전주시 완산구 중앙동,전북특별자치도 전주시 완산구 전주객사5길 43-3 (전주한성관광호텔)
전주 우아동 레드,모텔,2.0,9,전주역 5분 거리,전북특별자치도 전주시 덕진구 아중4길 20-2
전주 한옥마을금원당한옥펜션,펜션,5.0,1,전주시 완산구 풍남동,전북특별자치도 전주시 완산구 전주천동로 54-1
전주 한옥이야기 스테이,게스트하우스,5.0,10,한옥마을,전북특별자치도 전주시 완산구 은행로 83-12
전주 금암동 쇼 드라이브인,모텔,4.8,12,전주버스터미널까지 도보 1분,전북특별자치도 전주시 덕진구 용산2길 10 (드라이브모텔)
전주 사랑가득 한옥스테이,게스트하우스,4.5,35,한옥마을,전북특별자치도 전주시 완산구 향교길 149-8
전주 한옥펜션 첼로네,펜션,5.0,4,전주시 완산구 풍남동,전북특별자치도 전주시 완산구 한지길 68-16
전주 한옥초정전주한옥마을,펜션,0,0,전주시 완산구 풍남동,전북특별자치도 전주시 완산구 향교길 88
전주 한옥마을 나무그늘펜션,펜션,4.5,2,전주시 완산구 풍남동,전북특별자치도 전주시 완산구 경기전길 178
전주 코코아하우스,펜션,0,0,전북특별자치도 전주시 완산구 향교길 52,
전주 한옥마을숙박 꿈 한옥스테이,게스트하우스,4.5,23,전주시 완산구 풍남동,전북특별자치도 전주시 완산구 향교길 85-11
전주 한옥마을네스트175자쿠지독채펜션,펜션,5.0,1,전주시 완산구 풍남동,
전주 청사초롱 태조로점,펜션,4.3,4,전주시 완산구 풍남동,전북특별자치도 전주시 완산구 태조로 25-10
완주 델루나펜션,펜션,4.3,50,완주군 소양면,전북특별자치도 완주군 소양면 송광수만로 169
MH HOTEL 중화산점,호텔,4.6,38,한옥마을 차량 8분,전라북도 전주시 완산구 어은로 12-6
전주 한옥솔솔펜션,펜션,5.0,3,전주시 완산구 풍남동,전북특별자치도 전주시 완산구 최명희길 31
전주 한옥마을김명옥숙박문화관펜션,펜션,4.0,2,전주시 완산구 풍남동,전북특별자치도 전주시 완산구 기린대로 78
완주 휴 모텔,모텔,4.4,10,완주 요양병원 바로 옆,전북특별자치도 완주군 봉동읍 둔산2로 34
전주 한옥마을STAY윤슬독채펜션,펜션,4.0,1,전주시 완산구 풍남동,
전주 한옥마을풍남헌고택펜션,펜션,5.0,2,전주시 완산구 풍남동,전북특별자치도 전주시 완산구 은행로 35 (풍남헌)
전주 한옥마을홍시한옥펜션,펜션,5.0,1,전주시 완산구 풍남동,전북특별자치도 전주시 완산구 은행로 51-11
전주 한옥마을숙박 가인당 안채,펜션,4.5,2,한옥마을 내,전북특별자치도 전주시 완산구 경기전길 165-11
전주 유정 게스트하우스,게스트하우스,4.0,16,전주시 완산구 풍남동,전북특별자치도 전주시 완산구 어진길 90-9
전주 브라운도트 덕진점,호텔,3.0,3,전주시 덕진구 덕진동,전북특별자치도 전주시 덕진구 기린대로 534
전주 한옥마을 풍경게스트앤호텔,펜션,5.0,2,전주시 완산구 풍남동,전북특별자치도 전주시 완산구 풍남문3길 28-4
전주 한옥마을 달달잠독채펜션,펜션,5.0,1,전주시 완산구 풍남동,전북특별자치도 전주시 완산구 간납대2길 28
전주 한옥마을 풍남주택펜션,펜션,5.0,1,전주시 완산구 풍남동,전북특별자치도 전주시 완산구 최명희길 26-39
전주 우아동 월드,모텔,5.0,17,전주역 도보 4분(위치보기),전북특별자치도 전주시 덕진구 동부대로 700-11 (월드모텔)
전주 우아동 블랙스톤,모텔,5.0,4,전주시 덕진구 우아1동,전북특별자치도 전주시 덕진구 도당산4길 58 (블랙스톤모텔)
전주 한옥마을 이화원고택펜션,펜션,0,0,전주시 완산구 풍남동,전북특별자치도 전주시 완산구 전주천동로 54-3
전주 한옥마을부용헌펜션,펜션,0,0,전주시 완산구 풍남동,전북특별자치도 전주시 완산구 향교길 149-3
전주 독채펜션정원채,펜션,0,0,완주군 소양면,전북특별자치도 완주군 소양면 신교응암길 14
전주 가원당 한옥스테이,펜션,4.0,1,전주시 완산구 풍남동,전북특별자치도 전주시 완산구 경기전길 125-9
전주 가원당 한옥스테이,펜션,4.0,1,전주시 완산구 풍남동,전북특별자치도 전주시 완산구 경기전길 125-9
전주 한옥마을숙박 향촌펜션,펜션,0,0,전주시 완산구 풍남동,전북특별자치도 전주시 완산구 한지길 91
전주 서노송동 기린장,모텔,4.0,16,전주시 완산구 노송동,전북특별자치도 전주시 완산구 노송광장로 59 (기린장여과)
전주 취락당 펜션,펜션,후기,23,전주시 완산구 풍남동,전북특별자치도 전주시 완산구 동문길 33-19
전주 어린왕자게스트하우스,펜션,5.0,2,전주시 완산구 풍남동,전북특별자치도 전주시 완산구 태조로 14-1
전주 한옥마을 사진작가의집 오목헌,펜션,0,0,전주시 완산구 풍남동,전북특별자치도 전주시 완산구 은행로 76
전주 한옥 이택구 사랑채 펜션,펜션,0,0,전주시 완산구 풍남동,전북특별자치도 전주시 완산구 최명희길 11-5 (이택구사랑채)
전주 중화산동 포레 호텔,모텔,3.6,7,위치 눌러서 보기,전북특별자치도 전주시 완산구 한두평3길 14-6
전주 푸른요람 한옥스테이,게스트하우스,5.0,6,전주시 완산구 풍남동,전북특별자치도 전주시 완산구 은행로 68-8
전주 가은채펜션,펜션,4.0,1,전주시 완산구 풍남동,전북특별자치도 전주시 완산구 한지길 68-13
전주 한옥솔솔 스테이,게스트하우스,4.0,13,경기전 동문 바로 앞,전북특별자치도 전주시 완산구 최명희길 31
전주 금암동 신성파크텔,모텔,4.7,83,전주시 덕진구 금암동,전북특별자치도 전주시 덕진구 용산1길 5 (신성파크텔)
전주 완산골게스트하우스,펜션,0,0,전주시 완산구 완산동,전북특별자치도 전주시 완산구 전주천서로 139 
전주 가은채2펜션,펜션,5.0,1,전주시 완산구 풍남동,전북특별자치도 전주시 완산구 한지길 100-20
전주 한옥마을 근수네초가집펜션,펜션,5.0,1,전주시 완산구 풍남동,전북특별자치도 전주시 완산구 오목대길 25
전주 서로한옥펜션,펜션,0,0,전주시 완산구 풍남동,전북특별자치도 전주시 완산구 한지길 100-12
전주 스테이리봄,펜션,4.7,15,전주시 덕진구 송천2동,전북특별자치도 전주시 덕진구 시천로 72-1
전주 신시가지 씨투,모텔,4.2,"1,128",신시가지 내 위치,전북특별자치도 전주시 완산구 홍산북로 70-7 (씨투무인텔)
전주 한옥스테이담길,펜션,0,0,전주 한옥마을 내 ,전북특별자치도 전주시 완산구 최명희길 8 (우동전통공예)
전주 푸실한옥스테이펜션,펜션,후기,29,전주시 완산구 풍남동,전북특별자치도 전주시 완산구 향교길 149-12
전주 한옥마을객리단길독채펜션,펜션,0,0,전주시 완산구 중앙동,전북특별자치도 전주시 완산구 충경로 19
전주 제니홈 전주게스트하우스펜션,펜션,후기,1,전주시 덕진구 우아1동,전북특별자치도 전주시 덕진구 장재안길 6
전주 태조마루펜션,펜션,후기,1,전주시 완산구 풍남동,전북특별자치도 전주시 완산구 팔달로 150-15
전주 삼락헌한옥펜션,펜션,0,0,전주시 완산구 풍남동,전북특별자치도 전주시 완산구 은행로 47-8
전주 호텔 투썸스테이 중화산점,호텔,4.9,9,전주의 중심 주요 목적지 차량 10분,전북특별자치도 전주시 완산구 어은로 12-4 (호텔투썸스테이)
전주 풍류헌독채펜션,펜션,0,0,전주시 완산구 중앙동,전북특별자치도 전주시 완산구 풍남문5길 21-7
전주 공간의미게스트하우스,펜션,0,0,전주시 완산구 풍남동,전북특별자치도 전주시 완산구 자만동2길 40
전주 윈,모텔,후기,3,전북대학교 도보 3분,전북특별자치도 전주시 덕진구 명륜5길 12 (원모텔)
전주 한옥마을고현당한옥펜션,펜션,0,0,전주시 완산구 풍남동,전북특별자치도 전주시 완산구 한지길 112-3
전주 금암동 어썸호텔,모텔,4.8,244,버스터미널 도보 1분,전북특별자치도 전주시 덕진구 용산1길 6-1
전주 감성한옥 하루독채펜션,펜션,0,0,전주시 완산구 풍남동,전북특별자치도 전주시 완산구 태조로 12-16
전주 한옥안 하루한팀펜션,펜션,0,0,전주시 완산구 동서학동,전북특별자치도 전주시 완산구 원색장길 49-15
전주 이화원힐링공간독채펜션,펜션,0,0,전주시 완산구 풍남동,전북특별자치도 전주시 완산구 향교길 76
전주 게스트하우스휴펜션,펜션,4.0,1,전주시 완산구 풍남동,전북특별자치도 전주시 완산구 전주천동로 80-15
전주 교동백작한옥스테이펜션,펜션,0,0,전주시 완산구 풍남동,전북특별자치도 전주시 완산구 경기전길 165-16
전주 한옥마을 김명옥 별장펜션,펜션,0,0,전주시 완산구 동서학동,전북특별자치도 전주시 완산구 내원당길 58-14
전주 하늘풍경펜션,펜션,0,0,전주시 완산구 풍남동,전북특별자치도 전주시 완산구 향교길 51-13
전주 제인당풍남동점펜션,펜션,4.5,2,전주시 완산구 풍남동,전북특별자치도 전주시 완산구 한지길 42-6
전주 옹기종기한옥독채펜션,펜션,0,0,전주시 완산구 풍남동,전북특별자치도 전주시 완산구 동문길 33-21
전주 한옥마을 일락당사랑채펜션,펜션,0,0,전주시 완산구 풍남동,전북특별자치도 전주시 완산구 최명희길 17-5
전주 생황토방펜션,펜션,0,0,전주시 완산구 풍남동,전북특별자치도 전주시 완산구 경기전길 125-16
전주 꿈꾸는날개한옥독채펜션,펜션,0,0,전주시 완산구 풍남동,전북특별자치도 전주시 완산구 자만동3길 24-1
전주 인터내셔널호스텔펜션,펜션,후기,1,전주시 덕진구 우아1동,전북특별자치도 전주시 덕진구 동부대로 694-8
전주 갤러리스테이,게스트하우스,4.8,171,전주한옥마을 입구,전북특별자치도 전주시 완산구 동문길 54-23
전주 인디고펜션,펜션,0,0,전주시 완산구 풍남동,전북특별자치도 전주시 완산구 은행로 5-9
전주 한옥마을박가네한옥펜션,펜션,0,0,전주시 완산구 풍남동,전북특별자치도 전주시 완산구 최명희길 17-9
전주 뜨레가한옥펜션,펜션,0,0,전주시 완산구 풍남동,전북 전주시 완산구 전주천동로58-10 
전주 한옥마을 공간의미 독채펜션,펜션,0,0,전주시 완산구 풍남동,전북특별자치도 전주시 완산구 자만동2길 40
전주 단경펜션,펜션,후기,7,전주시 완산구 풍남동,전북특별자치도 전주시 완산구 한지길 99
전주 건축의선율독채펜션,펜션,0,0,전주시 완산구 풍남동,전북특별자치도 전주시 완산구 최명희길 11-3
전주 한옥마을도화서가스테이독채펜션,펜션,0,0,전주시 완산구 풍남동,전북특별자치도 전주시 완산구 동문길 93 (북새통)
전주 경기전별당채펜션,펜션,5.0,144,전주시 완산구 풍남동,전북특별자치도 전주시 완산구 최명희길 16-4
전주 별하게스트하우스펜션,펜션,1.0,2,전주시 완산구 풍남동,전북특별자치도 전주시 완산구 향교길 85-20
전주 예술인의집 큰주댕이펜션,펜션,0,0,전주시 완산구 풍남동,전북특별자치도 전주시 완산구 최명희길 26-45
전주 한옥마을 산아래 펜션,펜션,0,0,전주시 완산구 풍남동,전북특별자치도 전주시 완산구 오목대길 56
전주 한옥마을숙박 알콩달콩다락방펜션,펜션,0,0,전주시 완산구 풍남동,전북특별자치도 전주시 완산구 경기전길 153-6
전주 교동가온펜션,펜션,후기,1,전주시 완산구 풍남동,전북특별자치도 전주시 완산구 은행로 73-1
전주 다정한옥펜션,펜션,후기,2,전주시 완산구 풍남동,전북특별자치도 전주시 완산구 전동성당길 30
전주 인재고택 학인당 Heritage Stay,펜션,0,0,전주시 완산구 풍남동,전북특별자치도 전주시 완산구 향교길 45 (학인당)
전주 우아동 청담,모텔,4.5,2,전주역 차로 2분 거리,전북특별자치도 전주시 덕진구 우아3길 13
전주 예원당 한옥스테이,게스트하우스,2.0,9,한옥마을,전북특별자치도 전주시 완산구 어진길 33-10
전주 니어리스트 게스트하우스,게스트하우스,1.0,39,전주 한옥마을 인근 위치,전북특별자치도 전주시 완산구 팔달로 202-14
전주 동백하우스,게스트하우스,0,0,전주시 완산구 동서학동,전북특별자치도 전주시 완산구 천경로 21
전주 하예랑 게스트하우스,펜션,0,0,전주시 덕진구 덕진동,전북특별자치도 전주시 덕진구 덕진연못2길 13-4
전주 한옥마을숙박 꿈펜션,펜션,0,0,전주시 완산구 풍남동,전북특별자치도 전주시 완산구 향교길 85-11
김제 라온펜션,펜션,5.0,20,김제시 금산면,전북 김제시 금산면 모악로 421
전주 J&J게스트하우스,펜션,0,0,전주시 완산구 노송동,전북특별자치도 전주시 완산구 현무3길 60
전주 백희게스트하우스펜션,펜션,후기,2,전주시 완산구 풍남동,전북특별자치도 전주시 완산구 어진길 94-6
전주 대성정담한옥펜션,펜션,후기,2,전주시 완산구 동서학동,전북특별자치도 전주시 완산구 고덕산1길 30
전주 예원당게스트하우스펜션,펜션,0,0,전주시 완산구 풍남동,전북특별자치도 전주시 완산구 어진길 33-10
전주 별빛쉼터게스트하우스,펜션,후기,2,전주시 완산구 풍남동,전북특별자치도 전주시 완산구 향교길 42-9
전주 흥부가 한옥스테이,게스트하우스,후기,37,전주시 완산구 풍남동,전북특별자치도 전주시 완산구 태조로 26-34
전주 인후동 뉴하얏트,모텔,1.0,10,안골네거리 인근,전북특별자치도 전주시 덕진구 팽나무4길 17 (하얏트모텔)
전주 24게스트하우스펜션,펜션,0,0,전주시 완산구 노송동,전북특별자치도 전주시 완산구 현무3길 56 (24게스트하우스)
전주 꽃잠펜션,펜션,5.0,50,전주시 완산구 풍남동,전북특별자치도 전주시 완산구 동문길 19-14
전주 우아동 jazz around 호텔,모텔,후기,2,한옥마을 10분거리 (위치보기),전북특별자치도 전주시 덕진구 정언신로 182
전주 가락청한옥펜션,펜션,4.9,27,전주시 완산구 풍남동,전북특별자치도 전주시 완산구 한지길 68
전주 똘랑코티지한옥독채펜션,펜션,후기,1,전주시 완산구 동서학동,전북특별자치도 전주시 완산구 서학로 63-17
전주 투헤븐호텔,호텔,5.0,82,전주 터미널 도보 3분,전라북도 전주시 덕진구 용산2길 7
전주 달님 게스트하우스,게스트하우스,후기,1,전주한옥마을 도보5분,전북특별자치도 전주시 완산구 동문길 101 (전이비인후과의원)
전주 중화산동 파라다이스,모텔,후기,12,전주시 완산구 중화산1동,전북특별자치도 전주시 완산구 한두평2길 13-5 (파라다이스모텔)
전주 여지 게스트하우스,게스트하우스,4.5,207,전주한옥마을 인근,전북특별자치도 전주시 완산구 팔달로 202-16 (고명규성형외과)
전주 신시가지 오스카,모텔,4.3,"1,977",전주 신시가지내 위치,전북 전주시 완산구 홍산북로 84-6 (효자동3가)
전주 한옥마을너울가지,펜션,5.0,11,전주시 완산구 중앙동,전북특별자치도 전주시 완산구 풍남문4길 16-9
전주 서서학동 나나,모텔,1.0,14,전주한옥마을 차량 6분,전북특별자치도 전주시 완산구 서학로 11 (나나장여관)
전주 참다원 한옥스테이,게스트하우스,0,0,전주 향교 도보3분,전북특별자치도 전주시 완산구 향교길 155-9
전주 중화산동 투썸스테이,모텔,4.6,"2,063",전주 한옥마을(7분) 막걸리골목(7분),전북특별자치도 전주시 완산구 어은로 12-4 (호텔투썸스테이)
전주 경원동 뜰안채,모텔,후기,1,전주시 완산구 풍남동,전북특별자치도 전주시 완산구 어진길 90-10
전주 더정가스테이,게스트하우스,후기,6,전주 한옥마을,전북특별자치도 전주시 완산구 기린대로 76
전주 도원 게스트하우스,게스트하우스,후기,51,전주한옥마을 근처,전북특별자치도 전주시 완산구 팔달로 58-3
완주 소풍가는날펜션,펜션,4.8,45,완주군 동상면,전북특별자치도 완주군 동상면 은천길 66-7
전주 퐁당 한옥스테이,게스트하우스,후기,2,한옥마을 위치,전북특별자치도 전주시 완산구 은행로 97
전주 별빛쉼터 한옥스테이,게스트하우스,후기,95,전주 한옥마을에 위치,전북 전주시 완산구 향교길 42-9 (교동)
전주 덕진동 연화,모텔,후기,20,덕진공원 앞,전북특별자치도 전주시 덕진구 덕진연못3길 8-2
전주 산정동 코자자,모텔,3.8,"1,432","한옥마을(10분), 전주역(2분)",전북 전주시 덕진구 산정2길 18 (산정동)
전주 꽃자리 한옥스테이,게스트하우스,후기,20,경기전,전북특별자치도 전주시 완산구 최명희길 26-23
전주 산정동 태극,모텔,후기,43,눌러서 위치 확인,전북특별자치도 전주시 덕진구 산정1길 28
완주 편백숲이야기펜션,펜션,후기,16,완주군 상관면,전북특별자치도 완주군 상관면 죽림편백길 53
전주 오래된미래 게스트하우스,게스트하우스,후기,9,한벽굴 인근(스물다섯 스물하나 촬영지),전북특별자치도 전주시 완산구 바람쐬는길 35-19
전주 다래헌 한옥스테이,게스트하우스,후기,1,동학혁명 기념관 인근,전북특별자치도 전주시 완산구 은행로 51-3
전주 j&j 게스트하우스,게스트하우스,0,0,전주시 완산구 노송동,전북 전주시 완산구 현무3길 60 (중노송동)
전주 한옥다락 스테이 1호점,게스트하우스,1.0,10,전주시 완산구 풍남동,전북특별자치도 전주시 완산구 경기전길 57-6
완주 모악펜션,펜션,1.0,11,완주군 구이면,전북 완주군 구이면 상학길 37-11 
완주 S 모텔,모텔,1.0,2,전주과학산업연구단지내,전북특별자치도 완주군 봉동읍 원둔산1길 5
전주 한옥마을 한옥미쁨,게스트하우스,5.0,69,전주 한옥마을,전북특별자치도 전주시 완산구 은행로 15-6
라한호텔 전주,4성급 호텔,4.6,"1,668",전주한옥마을 안에 위치,전라북도 전주시 완산구 기린대로 85
전주 한옥마을장수펜션,펜션,3.6,23,전주시 완산구 풍남동,전북 전주시 완산구 은행로 55-1 
전주 우아동 수,모텔,4.8,18,전주역 5분 거리,전북특별자치도 전주시 덕진구 아중4길 20-4
완주 하늘아래첫집펜션,펜션,4.0,15,완주군 동상면,전북 완주군 동상면 은천길 149 
완주 편백숲황토펜션,펜션,후기,4,완주군 상관면,전북특별자치도 완주군 상관면 죽림편백길 184-3
완주 숲속의정원펜션,펜션,5.0,13,완주군 동상면,전북특별자치도 완주군 동상면 대아수목로 144-2
전주 중화산동 로데오,모텔,3.3,"1,620",완산구청 선너머네거리 부근,전북특별자치도 전주시 완산구 한두평1길 14 (로데오모텔)
전주 별자리 한옥스테이,게스트하우스,4.0,195,경기전 동문 옆 도보 1분,전북특별자치도 전주시 완산구 최명희길 26-17
전주 한옥마을 한옥독채풀빌라스테이소월,펜션,5.0,6,전주시 완산구 풍남동,전북특별자치도 전주시 완산구 향교길 97-16 
전주 한옥 스테이 사라,펜션,5.0,15,전주시 완산구 풍남동,전북특별자치도 전주시 완산구 최명희길 16-5
전주 우아동 첫마중,모텔,3.0,221,눌러서 위치확인,전북 전주시 덕진구 도당산로 68
전주 금암동 로즈마리,모텔,4.0,191,전주고속버스터미널 인근 위치,전북특별자치도 전주시 덕진구 용산1길 11-1
익산 하늘숲펜션,펜션,4.7,25,익산시 금마면,전북 익산시 금마면 향산길 12-2 
전주 시간무늬펜션,펜션,5.0,1,전주시 완산구 동서학동,전북특별자치도 전주시 완산구 천경로 15-16
전주 알지비 게스트하우스,게스트하우스,5.0,35,한옥마을내 위치,전북특별자치도 전주시 완산구 전주천동로 86-1 (알지비 게스트하우스)
전주 인후동 라임 무인텔,모텔,2.3,11,전주한옥마을 10분,전북특별자치도 전주시 덕진구 팽나무4길 22-4 (덕진장모텔)
전주 우아동 호텔단아,호텔,5.0,13,한옥마을 차량 10분,전라북도 전주시 덕진구 아중4길 14-11
전주 우아동 호텔단아,호텔,5.0,13,한옥마을 차량 10분,전북특별자치도 전주시 덕진구 아중4길 14-11
전주 경기전 별당채 한옥스테이,게스트하우스,4.8,52,전주시 완산구 풍남동,전북특별자치도 전주시 완산구 최명희길 16-4
전주 우아동 D드라이브인 무인텔,모텔,3.8,21,전주시 덕진구 우아2동,전북특별자치도 전주시 덕진구 아중2길 10-5
전주 한옥미쁨펜션,펜션,5.0,5,전주시 완산구 풍남동,전북특별자치도 전주시 완산구 은행로 15-6
전주 스타호텔,호텔,5.0,1,전주시 완산구 중화산1동,전북특별자치도 전주시 완산구 한두평2길 9
전주 독채펜션달빛소리,펜션,4.0,15,전주시 덕진구 우아2동,전북특별자치도 전주시 덕진구 산정2길 12-21
전주 행복가득 한옥스테이,게스트하우스,5.0,27,전주 한옥마을 내에 위치,전북특별자치도 전주시 완산구 전주천동로 64-3
전주 소소정,펜션,5.0,4,전주시 완산구 풍남동,전북특별자치도 전주시 완산구 향교길 155-11
전주 사랑나무한옥펜션,펜션,4.6,5,전주시 완산구 풍남동,전북특별자치도 전주시 완산구 은행로 96
전주 서신동 투썸스테이,모텔,4.9,372,터미널5분 한옥마을10분,전북특별자치도 전주시 완산구 여울로 31
전주 1928 쉼마루 한옥스테이,게스트하우스,5.0,36,전주한옥마을 내 위치,전북특별자치도 전주시 완산구 향교길 51-4 (일신상사)
완주 카리브,모텔,4.8,47,⭐우동공원 도보5분⭐카리브 위치보기,전북특별자치도 완주군 봉동읍 과학로 995-4
전주 한옥마을 호스텔 Ark,펜션,5.0,2,전주시 완산구 풍남동,전북특별자치도 전주시 완산구 기린대로 68 
전주 우아동 호텔 늘,모텔,4.7,45,한옥마을10분 전주역2분 버스터미널7분,전북특별자치도 전주시 덕진구 아중4길 23
전주 산정동 호텔토랑,모텔,4.8,278,"#한옥마을 10분, 전주역 2분",전북특별자치도 전주시 덕진구 산정2길 23 (호텔토랑)
카누 호텔,호텔,1.0,31,전주역 1.8km,전라북도 전주시 덕진구 산정2길 12-7
전주 한옥마을 독채 강령전,게스트하우스,5.0,16,전주 한옥마을 내 위치,전북특별자치도 전주시 완산구 태조로 26-24
전주 달빛향펜션,펜션,5.0,3,전주시 완산구 풍남동,전북특별자치도 전주시 완산구 전주천동로 64-16
전주 태평동 케이비호텔,모텔,2.0,31,전주시 완산구 중앙동,전북특별자치도 전주시 완산구 대동로 65-3
전주 한옥마을 예술가의집 시간무늬펜션,펜션,5.0,1,전주시 완산구 동서학동,전북특별자치도 전주시 완산구 천경로 15-16
전주 휴게스트하우스,펜션,4.5,2,전주시 완산구 풍남동,전북특별자치도 전주시 완산구 오목대길 50-7
전주 명문가 한옥스테이,게스트하우스,3.7,4,전주시 완산구 풍남동,전북특별자치도 전주시 완산구 오목대길 50-3
전주 한옥마을숙박 가인당,펜션,5.0,1,한옥마을 내,전북특별자치도 전주시 완산구 경기전길 165-9
전주 자만재,펜션,후기,1,전주시 완산구 풍남동,전북특별자치도 전주시 완산구 오목대길 45-31
전주 그날을 담다,펜션,0,0,전북 전주시 완산구 풍남문5길 23-7,전북특별자치도 전주시 완산구 풍남문5길 23-7
전주 루와펜션,펜션,0,0,전주시 완산구 풍남동,전북특별자치도 전주시 완산구 향교길 145-16
전주 한옥마을그리고봄펜션,펜션,0,0,전주시 완산구 풍남동,전북특별자치도 전주시 완산구 은행로 65-11
전주 모련,펜션,0,0,전주시 완산구 풍남동,전북특별자치도 전주시 완산구 향교길 82
전주 전주하숙,게스트하우스,0,0,전주시 완산구 풍남동,전북특별자치도 전주시 완산구 풍남문2길 98-6
전주 한옥마을하늘기와,펜션,0,0,전주시 완산구 풍남동,전북특별자치도 전주시 완산구 전주천동로 54-8
전주 건축의선율,펜션,0,0,전주시 덕진구 덕진동,전북특별자치도 전주시 덕진구 가련산로 7
전주 해밀펜션,펜션,0,0,전주시 완산구 풍남동,전북특별자치도 전주시 완산구 향교길 19-23
전주 스토리모텔,펜션,0,0,전주시 덕진구 금암동,전북특별자치도 전주시 덕진구 용산2길 8
전주 스테이 한울자쿠지독채펜션,펜션,0,0,전주시 완산구 풍남동,전북특별자치도 전주시 완산구 은행로 84-10
전주 나루한옥스테이,펜션,0,0,전주시 완산구 풍남동,전북특별자치도 전주시 완산구 전주천동로 58 
전주 나성하우스,게스트하우스,0,0,전주시 덕진구 금암동,전북특별자치도 전주시 덕진구 금암2길 7-3
전주 다나하루 게스트하우스펜션,펜션,4.0,1,전주시 완산구 풍남동,전북특별자치도 전주시 완산구 향교길 11 (다나하루 게스트하우스)
전주 해솔한옥펜션,펜션,0,0,전주시 완산구 풍남동,전북특별자치도 전주시 완산구 충경로 124-3
전주 모헌한옥펜션,펜션,0,0,전주시 완산구 풍남동,전북특별자치도 전주시 완산구 한지길 108
전주 귀거래사한옥펜션,펜션,0,0,전주시 완산구 풍남동,전북특별자치도 전주시 완산구 향교길 97-30
전주 행복가득한옥펜션,펜션,후기,23,전주시 완산구 풍남동,전북특별자치도 전주시 완산구 전주천동로 64-3
전주 선물 한옥스테이,게스트하우스,5.0,1,전주시 완산구 풍남동,전북특별자치도 전주시 완산구 경기전길 57-13
전주 독채 전주 수,게스트하우스,0,0,전주시 완산구 풍남동,전북특별자치도 전주시 완산구 태조로 26-24
전주 정담전통한옥펜션,펜션,0,0,전주시 완산구 풍남동,전북특별자치도 전주시 완산구 최명희길 21-4
전주 여별게스트하우스,펜션,0,0,전주시 완산구 풍남동,전북특별자치도 전주시 완산구 팔달로 94-6
전주 그림게스트하우스펜션,펜션,0,0,전주시 완산구 풍남동,전북특별자치도 전주시 완산구 향교길 149-13
전주 행복헌한옥독채펜션,펜션,0,0,전주시 완산구 풍남동,전북특별자치도 전주시 완산구 은행로 83-20
전주 명문가펜션,펜션,0,0,전주시 완산구 풍남동,전북특별자치도 전주시 완산구 오목대길 50-3
전주 색동저고리 펜션,펜션,후기,2,전주시 완산구 풍남동,전북특별자치도 전주시 완산구 전주천동로 64-10
전주 민트게스트하우스펜션,펜션,후기,1,전주시 완산구 동서학동,전북특별자치도 전주시 완산구 서학로 27-2
전주 관광호텔 꽃심,3성급 호텔,4.9,378,전주경기전 도보 5분,전라북도 전주시 완산구 팔달로 171
완주 HOTEL ONE,모텔,5.0,16,전주혁신도시 인근,전북특별자치도 완주군 이서면 오공로 21-13
전주 한옥마을 그여자네집한옥독채펜션,펜션,0,0,전주시 완산구 풍남동,전북특별자치도 전주시 완산구 향교길 101
전주 한옥마을숙박모란펜션,펜션,0,0,전주시 완산구 풍남동,전북특별자치도 전주시 완산구 오목대길 75-6
전주 한옥마을한옥그곳펜션,펜션,0,0,전주시 완산구 노송동,전북특별자치도 전주시 완산구 관선1길 25-3
임실 숨펜션,펜션,4.8,257,임실군 운암면,전북 임실군 운암면 운정길 91-7 
전주 산정동 짬,모텔,3.9,522,#신규 리모델링✔️산정동 짬,전북특별자치도 전주시 덕진구 동부대로 523
칼튼힐 전주,호텔,4.8,82,전주시 덕진구 금암동,전북특별자치도 전주시 덕진구 용산3길 35
전주 웨이,게스트하우스,후기,13,전주한옥마을위치,전북특별자치도 전주시 완산구 은행로 16
전주 한옥마루펜션,펜션,후기,6,전주시 완산구 풍남동,전북특별자치도 전주시 완산구 한지길 103
전주 한옥마을지우당한옥독채펜션,펜션,0,0,전주시 완산구 풍남동,전북특별자치도 전주시 완산구 오목대길 45-9
전주 자만재 게스트하우스,게스트하우스,0,0,전주시 완산구 풍남동,전북특별자치도 전주시 완산구 오목대길 45-31
전주 한옥만화정한식밥상펜션,펜션,0,0,전주시 완산구 풍남동,전북특별자치도 전주시 완산구 향교길 149-14
전주 한옥마을한옥미담게스트하우스,펜션,0,0,전주시 완산구 풍남동,전북특별자치도 전주시 완산구 동문길 54-41
전주 사계게스트하우스펜션,펜션,0,0,전주시 완산구 서서학동,전북특별자치도 전주시 완산구 서학3길 27-4
전주 한옥마을 경복궁,게스트하우스,후기,1,전주 한옥마을 내에 있습니다.,전북특별자치도 전주시 완산구 은행로 74-11
전주 강령전게스트하우스펜션,펜션,후기,1,전주시 완산구 풍남동,전북특별자치도 전주시 완산구 태조로 26-24
전주 금농헌 한옥독채펜션,펜션,0,0,전주시 완산구 노송동,전북특별자치도 전주시 완산구 관선5길 32-3
전주 한옥마을타샤의정원독채펜션,펜션,0,0,전주시 완산구 동서학동,전북특별자치도 전주시 완산구 황학2길 4
전주 성심게스트하우스펜션,펜션,후기,1,전주시 완산구 풍남동,전북특별자치도 전주시 완산구 은행로 30-3
전주 산야초 한옥스테이,게스트하우스,후기,1,한옥마을 중심/경기전 돌담길 동문 인근,전북특별자치도 전주시 완산구 경기전길 57-15 (수정암)
전주 우아동 모로코,모텔,후기,4,#눌러서 우아동 모나코 위치보기,전북특별자치도 전주시 덕진구 도당산로 65-5
전주 교동94 한옥스테이,게스트하우스,0,0,전주시 완산구 풍남동,전북특별자치도 전주시 완산구 은행로 84-8
전주 진북동 도당하우스,모텔,0,0,전주교육문화회관 도보 5분⚡️위치보기,전북특별자치도 전주시 덕진구 팔달로 340-17
전주 하루 감성한옥,게스트하우스,후기,1,전주시 완산구 풍남동,전북특별자치도 전주시 완산구 태조로 12-16
전주 해피니스온자쿠지독채펜션(애견동반가능),펜션,0,0,전주시 완산구 풍남동,전북특별자치도 전주시 완산구 전주천동로 64-6
전주 한옥마을스테이하루애견동반가능펜션,펜션,0,0,전주시 완산구 풍남동,전북특별자치도 전주시 완산구 풍남문3길 9-16
전주한옥마을 독채 재우성,게스트하우스,0,0,전주 한옥마을 제3공영 주차장 동측,전북특별자치도 전주시 완산구 간납대2길 16
전주 시인과짜몽게스트하우스펜션,펜션,0,0,전주시 완산구 서서학동,전북특별자치도 전주시 완산구 서학3길 15-1
전주 꽃마르트 한옥스테이,게스트하우스,후기,2,전주시 완산구 완산동,전북특별자치도 전주시 완산구 곤지산3길 14-27
전주 이목대 게스트하우스,게스트하우스,0,0,오목대 건너편 이목대 뒷집,전북특별자치도 전주시 완산구 자만동2길 15-3
전주 한옥독채 하현,게스트하우스,후기,3,전주시 완산구 풍남동,전북특별자치도 전주시 완산구 최명희길 8
전주 어사화 한옥스테이,게스트하우스,후기,1,전주한옥마을 중심부,전북특별자치도 전주시 완산구 한지길 106-1
전주한옥마을 독채덕수궁,게스트하우스,후기,1,전주 한옥마을 내,전북특별자치도 전주시 완산구 최명희길 26-40
전주 그림 한옥스테이,게스트하우스,후기,9,전주한옥마을 근처,전북특별자치도 전주시 완산구 향교길 149-13
전주 톡 게스트하우스,게스트하우스,후기,8,전주한옥마을 도보 5분/ 객리단길 5분,전북특별자치도 전주시 완산구 풍남문4길 25-7
전주 교동 알지비게스트하우스,모텔,후기,1,#알지비게스트하우스위치,전북특별자치도 전주시 완산구 전주천동로 86-1 (알지비 게스트하우스)
전주 부경당 한옥스테이,게스트하우스,후기,3,전주 한옥마을 내 위치,전북특별자치도 전주시 완산구 한지길 99-5
전주 담소 한옥스테이,게스트하우스,0,0,전주한옥마을,전북특별자치도 전주시 완산구 향교길 71
전주 자요 게스트하우스,게스트하우스,후기,3,전주시 완산구 풍남동,전북특별자치도 전주시 완산구 현무3길 10-1
전주 한옥마을사랑가득펜션,펜션,4.9,247,전주시 완산구 풍남동,전북특별자치도 전주시 완산구 향교길 149-8
전주 한옥미담 스테이,게스트하우스,후기,243,한옥마을 공영주차장,전북특별자치도 전주시 완산구 동문길 54-41
전주 달달잠 한옥스테이,게스트하우스,후기,3,전주한옥마을,전북특별자치도 전주시 완산구 간납대2길 28
전주 가원당 한옥스테이,게스트하우스,후기,3,"오목대, 경기전 인근",전북특별자치도 전주시 완산구 경기전길 125-9
전주 가원당 한옥스테이,게스트하우스,후기,3,"오목대, 경기전 인근",전북특별자치도 전주시 완산구 경기전길 125-9
전주 별하 게스트하우스,게스트하우스,후기,2,한옥마을내 위치,전북특별자치도 전주시 완산구 향교길 85-20
전주 한옥마당 스테이,게스트하우스,후기,8,전주시 완산구 풍남동,전북특별자치도 전주시 완산구 전주천동로 80-13
전주 사계한옥 스테이,게스트하우스,후기,1,전주시 완산구 서서학동,전북특별자치도 전주시 완산구 서학3길 27-4
전주 산정동 큐피트,모텔,후기,23,전주역까지 차로 5분(위치보기),전북특별자치도 전주시 덕진구 산정3길 19-1
전주 앤 게스트하우스,게스트하우스,후기,2,전주시 완산구 서서학동,전북특별자치도 전주시 완산구 서학3길 83
전주 동락원 한옥스테이,게스트하우스,후기,1,전주시 완산구 풍남동,전북특별자치도 전주시 완산구 은행로 33-6 (동락원)
전주 풍류헌 한옥스테이,게스트하우스,0,0,전주시 완산구 중앙동,전북특별자치도 전주시 완산구 풍남문5길 21-7
전주 우아동 스마트,모텔,후기,188,"전주역 차량 2분,전주 한옥마을 10분",
전주 민트 게스트하우스,게스트하우스,후기,5,전주시 완산구 동서학동,전북특별자치도 전주시 완산구 서학로 27-2
전주 모꼬지 한옥스테이,게스트하우스,0,0,향교 ,전북특별자치도 전주시 완산구 향교길 124-6
전주 어울림 한옥스테이,게스트하우스,후기,55,전주시 완산구 풍남동,전북특별자치도 전주시 완산구 은행로 75-5
전주 혜윰 한옥스테이,게스트하우스,후기,15,전주시 완산구 풍남동,전북특별자치도 전주시 완산구 향교길 42-5
전주 뜨레가 한옥스테이,게스트하우스,0,0,한옥마을 남천교 도보 1분,전북특별자치도 전주시 완산구 전주천동로 58-10
전주 그네 한옥스테이,게스트하우스,후기,10,남천교 도보 2분,전북특별자치도 전주시 완산구 전주천동로 44
전주 우아동 올렛,모텔,후기,27,전주역,전북 전주시 덕진구 도당산4길 40
전주 천년의아침 한옥스테이,게스트하우스,후기,8,전주 한옥마을내,전북특별자치도 전주시 완산구 기린대로 71-1
전주 산정동 스테이 호텔,모텔,0,0,"한옥마을10분, 전주역2분, 터미널7분",전북특별자치도 전주시 덕진구 산정2길 6-5
전주 금암동 아리랑 호텔,모텔,후기,40,전주고속버스터미널 인근 위치,전북특별자치도 전주시 덕진구 용산2길 17-6 (아리랑호텔)
전주 우아동 호텔 야,모텔,후기,"1,728",전주NEW오픈 추천숙소,전북특별자치도 전주시 덕진구 아중4길 14
전주 호텔 늘,호텔,0,0,전주시 덕진구 우아2동,전북특별자치도 전주시 덕진구 아중4길 23
전주 다나하루 게스트하우스,게스트하우스,후기,63,전주시 완산구 풍남동,전북특별자치도 전주시 완산구 향교길 11 (다나하루 게스트하우스)
전주 고사동 게스트하우스,게스트하우스,후기,2,영화의 거리,전북특별자치도 전주시 완산구 전주객사4길 87-34
전주 교동백작 한옥스테이,게스트하우스,후기,2,전주시 완산구 풍남동,전북특별자치도 전주시 완산구 경기전길 165-16
전주 대명여관 게스트하우스,게스트하우스,후기,8,전주시 완산구 중앙동,전북특별자치도 전주시 완산구 풍남문4길 25-10 (대명여관)
전주 우아동 인터네셔널 호스텔,모텔,후기,2,전주역 바로 앞 ◀ 눌러서 위치 확인하기,전북특별자치도 전주시 덕진구 동부대로 694-8
전주 소리풍경 한옥스테이,게스트하우스,후기,18,전주시 완산구 풍남동,전북 전주시 완산구 태조로 12-5
전주 한옥숙박체험관,게스트하우스,후기,5,한옥마을 중심,전북특별자치도 전주시 완산구 은행로 56-1
전주 똘랑 독채 한옥스테이,게스트하우스,0,0,무향유산원,전북특별자치도 전주시 완산구 서학로 63-17
전주 태조마루 한옥스테이,게스트하우스,후기,5,전동성당,전북특별자치도 전주시 완산구 팔달로 150-15
전주 교동외갓집 한옥스테이,게스트하우스,후기,3,전주한옥마을 근처,전북특별자치도 전주시 완산구 향교길 85-14
전주 몽유화원 한옥스테이,게스트하우스,후기,17,전주 한옥마을 인근에 위치,전북특별자치도 전주시 완산구 서학3길 85
전주 좋은날 한옥스테이,게스트하우스,후기,2,전주시 완산구 풍남동,전북특별자치도 전주시 완산구 전동성당길 37-7
전주한옥마을 게스트하우스,게스트하우스,후기,40,전동성당 맞은편 풍남문 방면,전북특별자치도 전주시 완산구 풍남문4길 26-34
전주 라온 꿀잠 한옥스테이,게스트하우스,후기,3,전주시 완산구 풍남동,전북특별자치도 전주시 완산구 한지길 99-6
완주 그린파크장,모텔,1.5,4,완주군 봉동읍,전북특별자치도 완주군 봉동읍 봉동로 48-12
전주 은행로 86.2 게스트하우스,게스트하우스,후기,3,남천교,전북특별자치도 전주시 완산구 은행로 86-2
전주 시인과짜몽 게스트하우스,게스트하우스,후기,3,전주시 완산구 서서학동,전북 전주시 완산구 서학3길  15-1
전주 두울나비랑 한옥스테이,게스트하우스,후기,17,전주한옥마을 내 위치,전북특별자치도 전주시 완산구 향교길 97-16
전주 우아동 큐브 505 (CUBE 505),모텔,후기,"2,095",전주역 도보 5분 이내,전북특별자치도 전주시 덕진구 동부대로 700-17
전주 뷰티 호텔,호텔,0,0,전주시 덕진구 금암동,전북특별자치도 전주시 덕진구 용산3길 8
전주 덕진동 호텔 쏘울(Hotel Soul),모텔,후기,"1,697",덕진공원 앞 눌러서 위치 확인 GO!! ,전북특별자치도 전주시 덕진구 덕진연못2길 11
전주 덕진동 호텔 와이케이,호텔,0,0,명륜5길 10-2,전북특별자치도 전주시 덕진구 명륜5길 10-2 (코원빌딩)
전주 우아동 호텔 라임(HOTEL LIME),모텔,4.9,704,"한옥마을10분,전주역2분,버스터미널7분",전북 전주시 덕진구 아중4길 13-3
전주 산정동 호텔 에이플러스(A+),모텔,4.8,125,"전주역 차량 5분, 한옥마을 8분",전북특별자치도 전주시 덕진구 동부대로 527
전주 소담소담펜션,펜션,후기,55,전주시 완산구 동서학동,전북 전주시 완산구 내원당길 69-6 
전주 스마트24nFG,펜션,0,0,전주시 완산구 서서학동,전북특별자치도 전주시 완산구 학봉1길 39
전주 한옥마당예쁜집펜션,펜션,0,0,전주시 완산구 풍남동,전북특별자치도 전주시 완산구 향교길 79-8
전주 우아동 호텔단아,모텔,4.9,"1,410","한옥마을(10분), 전주역(2분)",전라북도 전주시 덕진구 아중4길 14-11
전주 우아동 호텔단아,모텔,4.9,"1,410","한옥마을(10분), 전주역(2분)",전북특별자치도 전주시 덕진구 아중4길 14-11
전주 우아동 우아장,모텔,후기,4,전주시 덕진구 우아1동,전북특별자치도 전주시 덕진구 도당산4길 8-15 (우아장모텔)
전주 덕진동 핀앤핏하우스,모텔,4.8,992,◀ 눌러서 위치 확인하기,전북특별자치도 전주시 덕진구 덕진광장로 8-1
전주 산정동 NABI(나비),모텔,4.5,221,전주한옥마을차량10분 / 전주역차량 3분,전북특별자치도 전주시 덕진구 산정3길 28
전주 덕진동 호텔히든(HOTEL HIDDEN),호텔,1.0,1,전주시 덕진구 덕진동,전북특별자치도 전주시 덕진구 덕진연못2길 9-5
