리뷰,실제,예측
오늘은 전주 이츠 호텔 솔직한 후기 적어봅니다 우선 청소하시는 분 상당히 친절하세요 번 객실 종류는 어떠셨나요 오픈 특가 랜덤 룸을 예약했습니다 번 장점은 조식 스타일러입니다 번 주차시설은 준수한 편입니다 번 청소상태는 어떠셨나요 침구 화장실 테이블 등 상당히 깨끗하게 청소를 하셔서 만족합니다 담배 냄새도 전혀 나지 않았어요 전주 출장 및 여행 가면 몇 번 방문한 호텔이고 전체적으로 깔끔하고 모던한 숙소입니다 이 가격에 이 정도 시설은 전주에 없습니다 하루 잘 있다 가요,중립,긍정
객실이 아주 좁습니다 쓰레기통조차 안 치워져 있었고 사용하기 찝찝 스타일러 일회용품 조식도 포함 안된 평일 치고 가격도 비쌌고요 여성분들 일회용품 일절 없으니 특히 빗 챙겨가세요,중립,부정
깨끗한 모텔 근데 방음이,부정,중립
주차장도 너무 협소하고 엘베 없이 계단 타고 올라가야 해서 좀 불편한 듯 요 객실 청결은 좋았습니다,중립,부정
기본적인 수건이 두 장밖에 안 돼서 좀 불편했습니다 하지만 시설은 기본적으로 깨끗하고 침대도 편했고 담배 냄새가 나지 않는 부분은 좋았습니다 다음에 기회가 되면 또 들릴 의향이 있는 곳입니다,부정,중립
싼 맛으로 간 건데 시설도 그다지 청소도 잘 안 된 것 같고 다음엔 안 갈 것 같네요,중립,긍정
객실 사용 안내 문자가 입실하니까 들어오네요 잘 쉬다 갑니다,중립,부정
시설 청결 등 기타 등등 괜찮은 편입니다,긍정,중립
체크인 시간 빨라서 오래오래 쉴 수 있어서 너무 좋아요,중립,긍정
남친이 남원쪽에 살아서 전주에 한달에 네번정도 오는편이에요 히든모텔은 터미널이랑도 가깝구 인적이 약간 드문곳에 있어서 드나들때 크게 거리낌이 없어서 좋아요 인적이 드물다고는했지만 분정도만 걸어가면 전북대 대학로가 있어서 늦은시간에두 이것저것 편리한점이 많아요 자주 이용하던곳인데 진작 여기어때 가입할껄그랬어요 한번오면 일정도 묵을때도 있었는데 여튼 히든은 다른분들말씀대로 생긴지 얼마안된곳이라 아주 깨끗해요 아직도 새집냄새가 날정도에요 우아동에 모텔촌이 있어서 그쪽도 많이 다녀봤는데 우아동쪽은 가격은 비슷비슷한데 시설이 노후된곳이 많더라구요 물론 이쁜 인테리어에 아기자기하게 잘꾸며놓은곳도있지만 전 가격대비 히든이 더만족스러웠다능 히든은 고데기를 대여해줘서 일단 좋구요 다른모텔이랑 약간의 차이점이라면 헤어드라이기가 조금 크다는거 긴생머리인 저는 요것들이 참 맘에 든다는 어쩔땐 아주머니가 계시구 어쩔땐 젊은남자분이 계셨는데 두분다 모두 친절하셨어요 객실마다 빵빵터지는 와이파이는 기본이에요 와이파이 안돼면 은근 짜증나거든요 글구 히든은 일반실이라도 방크기가 꽤 큰편이어서 다른 이쁜모텔보다가도 방크기땜에 일부러 더오게돼요 우아동의 어떤곳은 같은가격에 방크기가 반절이더라는 일층에 스낵바가 있긴한데 딱히 먹을만한건 별로 항상볼때마다 사탕만 가득 쌓여있드라구요 음 그래도 전 아직 한번도 이용한적은 없긴한데 칸터에 컵라면 요청하면 섭스로 주시는듯했어요 전주와서 여기저기 많이 댕겨봤지만 역시 히든이 젤 만족스러웠네용 아 근데 오늘은 사진찍다가 주인을 알수없는 꼬부랑 털을 세가닥이나 발견 고건 사진안찍었어요 다른게다 만족스러워서 고정도는 애교로 넘어가기로 고럼 번창하세요 담에 또올께용,중립,긍정
온 제나 이용하는 곳이어서 예약했는데 사정으로 인해서 못 갔어요 너무 아쉽더군요 그래 더 쿠폰까지 해서 결제했던 거라 다행이네요 다음에 꼭 이용하겠습니다,긍정,중립
늘 한결같은 숙소입니다,부정,중립
오랜만에 이용했는데 자는데 침구류가 푹신해서 너무너무 편했어요 다만 샤워할 때 조금 물 온도 조절이 힘들어서 애먹었습니다 그래도 잘 될 땐 잘 됐어요 다음에 또 이용할게요,중립,부정
딱히 다시 갈 곳은 아닐 듯,부정,중립
주차장이 협소하고 엘리베이터가 없습니다 그리고 침대 방향과 텔레비전 방향이 일직선이 아니고 수직입니다 이 개를 제외한 나머지 거의 모든 부분들에서는 지금까지 가본 곳들 중에 가장 좋다고 생각합니다,중립,부정
컴퓨터가 매우 매우 느린 게 조금 아쉬웠어요 그 외에 시설이나 다른 것들은 매우 만족했어요,긍정,중립
아무리 랜덤 숙소로 방을 잡았다지만 너무 최악의 방이었습니다 장점이라고는 방이 넓은 것 그리고 티브이가 크고를 볼 수 있었다는 거 단점은 너무 많습니다 침대 위 천장에는 구멍이 뚫려있고 침대는 딱딱하며 수압은 안 좋고 드라이기도 약하며 변기 뚜껑은 부러져 있고 먼지에 거미줄까지 월풀스파는 고장이어도 상관없었지만 너무 못 파는 방 랜덤방으로 주신 것 같아 기분이 좋지 않았습니다,부정,중립
진짜 장난 아닙니다 엄청나게 현실적인 후기 씁니다용 전주 여러 곳 머물러봤지만 침구 엄청 좋구요 다른 곳은 엄청 가렵고 조금만 움직여도 바스락 거릴 때 있어서 잠 못자고 나온 적 많은데 여기는 절대 아니예요 남자친구가 불편하면 몸에 알레르기 올라오고 잘 못 자고 뜬 눈으로 새는데 새벽 시에 자서 시 반에 약속이라도 한 듯 깼는데 진짜 개쩔어욤 거의 기절했다 깬 수준으로 잘 자버렸습니다 위치도 덕진공원 쪽 아니고 북대 쪽에 있어서 밥 먹고 주변 빙수집 갔다가 다시 들어오기 너무 좋았어요 장미맨숀 건물이여서 처음엔 엥 뭐지 이런데에 숙박이 있나 하고 들어갔는데 엘레베이터 층 딱 내리자마자 무슨 엄청 잘 꾸며놓은 게스트하우스인 줄 키 받구 방 들어가는데 창이 커서 후끈하고 더웠는데 에어컨 켜니 너무 시원하고 지상낙원이 따로 없었습니다 진짜 그리고 술집가는 척 엘레베이터 타고 들어가는 거여서 남자친구랑 들어가는데 민망하지도 않더라구요 헤헤 다른 곳들은 거의 덕진광장 쪽에 있어서 여름에 조금만 걸어도 힘들고 오래되고 들어가자마자 담배냄새나고 그렇단 말이죵 저희는 비흡연자여서 진짜 스트레스 받아가면서 다닐 때마다 향수 들고다녔는데 여긴 냄새는 조차 안나고 그냥 청결 그 자체입니다 인스타에 동영상 올렸더니 친구들이 여기 대체 어디냐고 전주에 이런 곳이 있냐면서 완전 물어봐서 다 대답해줬어요 일단 체크인 시 체크아웃 시인 점에서 개꿀이고 창 개큰데 앞에 높은 건물 없어서 하늘이 내 세상같고 현장결제 시 학생증 할인 가능 번 하면 숙박 회 무료이고 왓차 티빙 넷플릭스 유튜브 다 되고 시원하고 침대 넓고 화장실 문으로 닫을 수 있고 개좋고 깔끔하고 제발 꼭 가라 라면서 대답했더니 전주에 이런 곳이 있냐고 남자친구랑 꼭 가겠다그러고 제발 오라고 막 설명하니까 무슨 그 모텔 사장님이냐면서 홍보대사냐고 그 만큼 제발 왔으면 좋겠더라구용 전주에 이런 곳은 제발 널리 알려져서 유명해졌으면 집에선 창문 밖 잘 내다보지도 않는데 여기선 햇빛쬐서 더운데도 커튼 계속 열고 남자친구는 탄다고 닫으라그러고 거의 창과 방패였습니다 그리고 사장님이신지 엄청 친절하셔용 엄청 배달 일회용품 부탁드렸는데 안와서 층 인포 가서 부탁드렸더니 바로 찾아서 주시더라구요 걱정했는데 그냥 감동받고 떡볶이 먹을 수 있어 다행이고 그랬습니답 진짜 굳이굳이 단점을 꼽자면 리모컨이 잘 안눌려요 정말 손톱이 너무 아플 정도로 눌러도 안먹었어요 제가 리모컨 조작 방법을 몰랐던 걸까용 외부입력은 정말 잘 안눌렸는데 에어컨은 처음에 안눌리는 줄 알고 더운 날 너무 화나서 도까지 올려두고있다가 너무너무 추워서 끄려고 하니깐 눌리질않더라구요 그렇게 오들오들 떨다가 그냥 코드를 뽑았습니당 그리고 더워서 다시 틀고 조작하려하니 리모컨에 있는 에어컨 전원 버튼을 누르고 하면 되게 잘 되더라구용 저랑 남자친구는 머무르는동안 정말 너무너무 좋았어요 시간 꽉 채워서 있다가 왔는데 처음엔 하룻밤인데 가격이 너무 쎈 거 아냐 하고 돈 아까울까봐 걱정했는데 막 서울에 엄청 좋은 창 큰 오피스텔 같아요 너무 청결하고 방음도 잘 되고 볼 것도 많고 저는 진짜 앞으로 계속 가서 번 채울 생각이예요 진짜 너무좋음 다들 기념일이나 기분 내고 싶을 때 꼭 스카이뷰 가세여 진짜 꼬오오옥 정말 너무너무 잘 놀다 갑니다,부정,중립
갑자기 전주여행을 가서 예약했는데 룸 컨디션 좋고 뜨거운 물 잘 나오고 주차불편한 거 없음 개인적으로 침대나 이불을 많이 보는 편인데 얇은 이불 인편이라 그것은 별로 그 외에는 괜찮았음,부정,중립
확실히 신설이라 모든 시설이 다 깨끗하고 꿉꿉한 냄새 담배 냄새 전혀 없습니다 여자 사장님 남자 사장님 두 분 다 엄청 친절하시고요 출장으로 와서 정장이 있었는데 숙소에 스타일러가 구비되어 있어서 옷 관리도 돼서 매우 좋았어요 공기청정기도 있어서 방안이 엄청 쾌적해요 진짜 그냥 집에서 쉬는 느낌 화장실도 곰팡이 없이 깨끗하고 바닥에 물도 금방 말라요 수건 침대 이불 모두 뽀송뽀송하고 깨끗하고요 엄청 큰 티브이로 넷플릭스 영화 보는데 영화관에서 보는 줄 알았어요 청결 친절 시설 모든 게 완벽한 숙소였어요 다음에 전주에 다시 오게 된다면 또 묵고 싶은 숙소에요,중립,부정
와우 사장님 너무 친절하시고 다른 것보다 방음 잘 돼요,중립,긍정
가을의 전주는 축제도 많고 행사도 많아서 호텔에 사람이 굉장히 많았습니다 조식 입장 시에 조금 기다리긴 했지만 음식도 바로바로 리필이 돼서 괜찮았습니다 조식 음식 가지 수가 그렇게 많은 편은 아닙니다 총 박 일 머물렀는데 이틀째에 룸 청소 부탁드리고 나왔는데 흰색 티셔츠가 사라진 걸 알고 로비에 연락드렸습니다 결국 체크아웃 때까지도 못 찾고 그다음 날 찾았네요 호텔에서 잃어버린 게 맞는데 찾을 수 없다고만 하셔서 조금 마음이 아팠지만 그래도 잘 찾아서 다행이라고 생각합니다 흰 침대 위에 흰 티는 두지 않아야 한다는 교훈과 함께 잘 쉬다 왔습니다,중립,부정
객실 상태는 청결했습니다 복도는 환기가 안돼서 그런지 이상한 냄새가 났지만 다행히도 객실은 괜찮았습니다 화장실도 깨끗했고 인터폰으로 퇴실 시간을 고지해 주신 것도 좋았습니다 앱에서는 시간으로 고지되어 있었는데 실 이용 시간은 주말은 시간이더군요 미리 알고 있었다면 좋았을 텐데 앞으로는 앱으로 예약 시 혼동이 없도록 수정해 주셨으면 좋겠습니다,중립,긍정
특가 이벤트 대실로 쿠폰 받아 호텔처럼 저렴하게 이용했습니다 들어가는 순간 침대도 개고 욕실도 너무너무 넓고 욕조가 명이 들어가서 씻을 정도로 넓고 북대에 이런 럭셔리하고 모던하고 호텔 분위기 나는 데다가 있다는 게 의아할 정도로 재방문 있머요단 샤워기가 물이 찢어지게 나와서 씻을 때 따가움 일회용품도 잘 구비돼있어서 너무 맘에 드네 요한 번 가보세요 신랑하고 좋은 시간 보냈습니다,중립,부정
여기 가성비 극강이었던 것 같습니다 출장으로 많이 피곤했는데 푹 쉬고 왔습니다 일단 사진처럼 깔끔합니다 방 안쪽으로 테라스도 있어 담배도 필수 있어요 물론 저는 비흡연자라 주인 어르신께서 친절하셨고요 제가 중요하게 생각하는 청결과 침대가 맘에 들었습니다 화장실에 고급은 아니지만 샴푸 린스 보디 샤워가 비치되어 있었습니다 그리고 호텔 건물 층의 피자집이 참 맛있었네요 참고로 층 카운터가 있고요 음료와 간식이 비치되어 있어 층 숙박이 걸리시면 미리 가져가시면 좋을 것 같네요 만족하며 다음에 또 드를 의향 있습니다 번창하세요,중립,부정
덕진공원에서 가깝고 청결상태도 양호하고 방이 생각보다 넓어서 맘이 들었어요 주변에 식당도 많고 좋아요 늘 채움 식당 점심은 추천합니다 취향 식당은 지저분하고 불친절해요 숙소는 전체적으로 만족합니다 재방문의 사 있습니다,중립,긍정
호텔 아닙니다 준호텔 아닙니다 모텔입니다 바닥에 머리카락이 어질러 있었고 화장실은 하수구가 안 뚫려 있어서 샤워하다 바닥에 물 차서 욕조에 들어가서 샤워했어요 사장님 불러서 말씀드리니 해결해 주시더라고요 사장님은 친절하셨어요 저는 조식이 있다고 해서 갔는데 코로나 때문에 조식 안 한다고 하시더라고요 그럼 앱에 조식 안 한다고 꼭 표기 부탁합니다 저는 조식 때문에 이곳을 선택한 거였거든요 장점은 침구가 정말 좋습니다 마약입니다 제가 화났던 것들을 잊을 정도로 좋습니다 그리고 난방이 엄청 잘됩니다 저는 이때까지 후기 숫자와 별점을 믿고 선택하였는데 이곳은 저의 고정 관념을 깨게 해주었습니다 비즈니스를 위해 잠만 잔다면 추천합니다 근데 그러실 거면 저는 이곳보다 더 저렴한 곳을 가겠습니다 사장님 깨끗하게 청소 좀 깔끔하게 부탁합니다 이 후기 보시고 많이 달라지셨으면 좋겠습니다,부정,중립
깔끔한 객실과 킹 욕조에서 피곤에 어든 몸을 담갔더니 너무 개운합니다 화장실도 별도로 있어서 너무 만족스러운 곳이네요 아주 굿입니다,중립,긍정
전반적으로 깔끔하고 청결한 곳인 듯 침대 깔끔 중간 정도 위치가 맘에 좀 문 입구 쪽으로 있어서 중수한 사이즈 넷플 사용 가능 만족 욕실 아담 수암 너무 약함 아쉬움 샤워 부스 좀된 느낌 망가져있는 부분 있음 청결상태 양호 괜찮습니다 깨끗이 청소함 느낌 주차장 별도 주차장 있어 좁지 않음 전반적으로 만족 이 정도 단가에 이 정도면 좋음 다음에 재방문 가능할 것 같음 나중에 출장 오면 재방문할게요,부정,중립
엘리베이터 없음 도보 특가 예약 시 주차장 이용하고 싶은 경우 추가요금 천원 발생 수건 기본 장 키오스크 옆에서 다 가져다 쓸 순 있음 방 크기는 침대 하나 책상 하나 끝 정말 좁긴 함 크게 불편하진 않음 방에 비해 욕실이 더 좋음 내 기준 사장님의 친절도가 별 게 물론 내 기준,부정,중립
한옥 뷰 조식 짱짱,부정,중립
잘 지어 놓고 방치한 모텔이네요 시설 자체는 깨끗하고 좋아요 근데 관리 상태는 꽝 이해요 베개 터버 누렇고요 군데군데 먼지가 쌓여서 여엉 화장실 불이 안 들어와서 전화했더니 바로 장 바꿔주네요 직원 응대는 좋아요,중립,긍정
우선 사진을 믿고 숙소에 방문한다면 후회하십니다 저는 출장을 자주 다녀서 지방 여러 곳의 모텔을 자주 이용하는데 비용이 저렴한 곳을 중점으로 찾아다니다가 이곳을 찾게 되었습니다 오래된 호텔을 개조하여 운영 중인 숙소로 여러 가지 문제점이 있으나 잠만 자고 온다면 크게 문제는 없습니다 장점 저렴하다 비흡연 객실 단점 시설이 부족하다 컴퓨터 넷플릭스 충전기 비흡연 객실 전 흡연자 주차공간 협소,부정,중립
시설도 깔끔하고 일용품도 많이 제공해 주셔서 편하게 푹 쉬다 다녀갑니다 굳이 아쉬운 덤을 하나 꼽자면 화장실 바닥이 너무 미끄러워서 자칫 실수하며 크게 다칠 것 같아요,중립,긍정
깨끗하고 좋았어요 다만 소파가 일인용 한 개이고 간이 의자가 개 있어서 둘이 마주 보고 앉아 있기에는 살짝 부족함이 있어 보였습니다 나름 디럭스룸인데,부정,중립
쉬기에 적당하고 위치도 적당해서 잘 쉬었다 갑니다 시설도 깨끗해서 이용에 불편함이 없었습니다 빠른 체크인과 간편한 체크아웃으로 정말 편리하게 이용했어요 다음에 또 방문할 의사가 있습니다,긍정,중립
숙소 규모는 큰 편이네요 로비도 넓은 편이고 인테리어나 기타 시설들 불편한 점도 딱히 없고 주차장도 주차하기 괜찮은 편이며 전체적으로 가성비 훌륭한 호텔이네요 주변에 먹거리 등 번화가 쪽이어서 걸어나가면 구경거리도 많고 먹거리도 많고 위치도 좋아요 방 크기는 크지도 너무 작지도 않지만 침대 사이즈는 커서 숙면하는 데 도움이 되네요 침구류도 포근하고 개별난방이라 따뜻하고요 한 가지 아쉬운 건 청결은 전체적으로 깨끗했으나 침대 위 먼지 제거 등 디테일하게는 청소가 안 된 것 같아요 그리고 방음이 살짝 아쉽네요 옆방인지 말소리가 들려요 그래도 가성비를 따지면 괜찮은 호텔입니다,중립,부정
시설 깨끗하고 아침 조식도 있어요 말이 필요 없습니다,부정,중립
주차 공간도 많고 무인 시스템도 같이 있어서 매우 편리하게 이용했어요,중립,부정
시설 청결 모두 매우 만족합니다,긍정,중립
빵 자체가 따뜻하다는 느낌은 없었어요 전기장판 있어서 따뜻하게 잤어요,중립,부정
여사장님 친절하시고 저녁에 계신 남자 사장님도 나이스하십니다 리노베이션 하고 새로 오픈해서 호텔 컨디션 좋아요 담배 냄새 엄청 민감한데 냄새도 안 나고 객실도 아주 깨끗합니다 전주에 다시 오면 재방문하겠습니다,긍정,부정
시설이 깨끗하고 객실도 깨끗해요 공기청정기가 있어요,긍정,중립
깔끔해서 잘 쉬다 갑니다 다만 간단한 작업의 피씨 사용은 괜찮지만 게임 돌리는 건 어렵긴 하더라고요 물론 게임하기 위해 고른 숙소가 아니기에 게임이 잘 안 돌아간다고 해서 불만인 것은 절대 아닙니다 남자친구가 굳이 굳이 게임을 돌리려다 실패해서 말씀드립니다 남자친구가 여기서까지 게임하는 게 싫으신 분은 이 숙소를 추천드랴욬 저는 좋았거든요,중립,긍정
대실 이용했는데 싸고 시간도 많이 주네요 괜찮네요 자주 이용할깨요,중립,긍정
걕실은 간판이 눈에 잘 띄지 않아 찾는데 잠깐 헤맸어요 객실은 깨끗했어요 다만 올라가는 입구가 좁아 좀 답답했어요 침구도 깨끗했어요 난방을 너무 잘해놔서 좀 더웠지만 겨울엔 따뜻할 것 같아요 객실이 좀 좁았지만 가격 대비 혼자 하룻밤 묵는다면 좋은 장소 같아요,중립,긍정
사진이랑 좀 다르기도 했고 에어컨이 빠른 시간 내에 시원해지지 않더라고요 역과 한옥마을 중간에 있어서 둘 다 거리 있어서 불편했어요 이런 점을 빼면 나름 만족했어요,부정,중립
전주에 오래 머물면서 주변에 있는 모텔들을 자주 이용하는데 주차시설도 괜찮고 객실 침대랑 화장실이 깨끗했어요 이용하기 너무 좋습니다 주변에도 시켜 먹을 곳이 많아 고르는데 애먹었네요 다음에도 이용하겠습니다,중립,긍정
객실이 깔끔하게 잘 관리되는 느낌이었습니다 편히 잘 자고 왔습니다 조식 라면도 맛있게 잘 먹었습니다 다른 테이블에서 드시는 토스트를 보고 혹시나 다음 기회가 생긴다면 그때는 토스트를 먹어봐야겠다는 생각이 들었습니다 조식으로 컵라면과 시리얼 식빵 정도만 제공하는 곳도 많은데 이곳에서는 직접 조리과정을 거쳐 성의 있는 식사를 제공하는 모습이 인상적이었습니다,중립,긍정
새벽에 서울에서 출발하고 너무 피곤해서 잠깐 들어갔는데 내 집처럼 편하고 포근함,중립,긍정
선풍기 틀면 방에 먼지 날아다니는 게 보일 정도로 먼지가 너무 많고 화장실은 세면대랑 목욕탕이랑 막혀서 물도 제대로 안 내려가고 청소 상태가 정말 최악이네요 샴푸린스 같은 것도 다 안 채워져있었어요 직원분 친절하신 것만 좋아요,부정,중립
전주 여행 때 숙소로 사용했습니다 일단 접근성도 좋고 전북대와 붙어 있어 상권이나 볼거리도 있고 좋았습니다 하지만 단독 건물이 아닌 점과 화장실에서 새벽에 올라오는 냄새는 조금 아쉬웠습니다 그 외 밤 컨디션은 만족합니다,중립,긍정
침대에 티 테이블 욕조가 갖추어져 있을 깔끔하고 한옥마을을 이용하기 편리해요 방에서 내려다보는 뷰가 좋아요 그러나 주차장 엘리베이터와 객실 엘리베이터가 분리되어 있어 좀 불편해요,중립,긍정
평범하고 나쁘지 않았어요,중립,부정
장점 위치 객사에 사도 매우 중심부에 위치해 있어서 주변 시설을 편히 관광할 수 있는 최고의 위치였습니다 침구 세탁이 잘 되어있고 뽀송뽀송한 침구여서 잠이 잘 왔습니다 수건 커다란 수건이 있어서 좋았습니다 없는 곳도 종종 있어서요 분위기 오래된 호텔인데도 불구하고 크게 낡은 느낌은 덜해요 세련된 건 아니지만 하룻밤 묶기에 나쁘지 않습니다 단점 크기 방이 좁아요 음료 냉장고에 물 밖에 없고 기본 차나 커피는 제공되지 않아요 직원 프런트에 잘 안 계세요 그래도 계실 땐 친절했습니다 각종 건물 시설 엘리베이터 점검 중 샤워가운 호텔에서 샤워 후에 가운 입고 있는 게 편한데 여긴 샤워가운이 제공되지 않습니다 전반적으로 만족입니다 워낙 위치가 좋아서요 기회가 된다면 재방문의 사 있어요,부정,중립
전주 뮤직 페스티벌을 보러 가서 급히 잡은 베스트웨스턴 플러스 전주 호텔 어린 아들과 같이 식구 가서 잘 쉬다 왔습니다 전주 한옥마을 멀지 않은 곳이라 다녀오기 괜찮고 위치는 괜찮았습니다 주차장도 지하 지상으로 있어서 넉넉해 보였고요 뷰도 괜찮았습니다 욕실도 수압도 세고 괜찮은데 욕실 등 을 켜고 문을 닫으면 환풍 되는 소리 압력이 좀 크게 나더라고요 바닥이 카펫 크라 먼지가 좀 많이 날리기도 하고 복도 소음도 조금 들리는듯합니다 전반적으로 만족합니다 재방문 의사 있습니다,중립,긍정
항상 만족스럽게 다녀갑니다,중립,긍정
번째 방문이에요 이번에는 아침 조식도 이용해 봤는데 매우 만족이었어요 아침시오 후 시까지 넉넉한 이용 시간과 두 가지 종류의 시리얼 우유주 스 삶은 달걀 토스트 쨈 이렇게 이용할 수 있는데 맛있게 먹었어요 올 때마다 만족도가 높아지네요 스킨로션 보디용품들도 좋은 제품으로 구비되어 있고 배그 룸 이용하는데 늘 게임도 잘 돌아가고 의자도 편하고요 공청기가 있어서 담배 냄새 연기도 금방 빠지고 스타일러 덕분에 냄새도 안 베서 좋아요 또 방문할게요,중립,긍정
배게 피는 곰팡이 쓸어있고 컴퓨터는 윈 더욱 가 안 깔려있고 총체적 난국입니다 다행히 벌레는 안나욌지만 수건 청결도 안 좋아요 각 겨 이 싸도라도 다시 가고 싶지는 않아요,중립,부정
처음 방문했는데 아주 만족스럽게 숙박합니다 숙소들 룸이 좀 작으면 답답한 느낌인데 여긴 화장실도 정말 넓고 뭐 시켜 먹기도 딱 좋았네요 평일엔 이벤트로 가격도 착해서 추천드려요 비품들도 잘 구비되어 있고요 번창하세요,중립,긍정
침대가 제일 맘에 들었던 거 같아요 아주 포근히 잘 쉬었다 갑니다,중립,부정
전주 오면 늘 이곳으로 오려고 합니다,중립,긍정
전주 여행을 계획하면서 한옥 마을 근처 숙소를 찾던 중 알게 된 호텔입니다 근처에 유명한 숙소 여러 곳 중에 가격이 합리적이라서 가장 마음에 들었습니다 스탠더드에서 디럭스 패밀리로 룸 업그레이드를 받으면서 더블 싱글 구조로 된 방을 배정받았고 캐리어 개를 펼쳐도 넉넉한 크기였습니다 침구는 습기 없이 뽀송했고 청결에서 문제 되는 포인트는 찾지 못했습니다 연 박이다 보니 중간에 룸 클리닝 서비스도 받을 수 있었는데 카드 키를 제거했을 때만 가능하다는 점이 좀 독특하기는 했습니다 여름이다 보니 카드 키를 제거해서 추후에 방에 들어왔을 때 덥지 않을까 걱정했는데 중앙제어로 쾌적한 상태라 만족스러웠습니다 전반적인 직원들의 서비스 한옥마을 도보 분의 거리 훌륭한 가성비가 더해진 호텔로 다음에 또 방문하고 싶습니다,중립,긍정
항상 한 달에 한 번씩 들르는 곳입니다 나쁘지 않아요,중립,긍정
우선 입실할 때 카운터에 계시는 사모님은 매우 친절하셨습니다 가운이 필요하시면 카운터에 요청하라는 문구도 입구에 적혀있어서 하나 부탁드렸더니 친절한 말투로 한 벌이면 되겠어요 하십니다 방에 입실했을 땐 전체적으로 정돈된 느낌에 나름 깔끔한 인상을 받았지만 걸으면서 실내화는 비치 안됨 바닥에 돌멩이 같은 게 몇 번이나 밟히고 쓰레기통에 전 고객이 버린 게 정리가 덜되어 있어서 좀 실망스러웠네요 욕실에 부분부분 보이는 물때 곰팡이는 노후돼서 그러려니 했네요 심하지는 않습니다만 유독 예민하신 분들에겐 거슬릴 수도 냉장고에는 생수 개와 음료수 개가 있고 입실할 때 주시는 어메니티는 잘 갖춰져 있었습니다 가격이 우선 착하고 주변에 식당도 많고 편의점도 바로 앞에 있어서 재방문 의사 충분합니다,중립,긍정
일단 주차장이 꽤나 크고 프런트도 널찍해서 처음 들어갈 때 좋은 인상을 받았습니다 객실 크기는 그다지 크진 않지만 그래도 있을 건 다 있고 비품도 정상 사용 가능했습니다 아쉬운 건 창문이 그다지 크진 않아서 좀 그런데 그래도 채광이나 통풍에는 문제없습니다 욕실은 그리 크진 않지만 욕조도 있고 깨끗하게 정돈된 편입니다 역시 아쉬운 건 세안용품의 퀄리티 그다지 저처럼 저주받은 피부를 가지신 분들에겐 개인이 휴대하시길 적극 권장 드립니다 전체적인 평을 하자면 적당한 가격대 빠른 체크인 이동 편리한 위치 적당한 시설이라고 말하고 싶네요,중립,부정
당일 방이 없어서 스위트 예약 가격 대비 쏘 쏘 디럭스 기준 만원 초반에 이용하면 위치 시설 등 만족할 수 있을 것 같음 추천함,중립,긍정
주차장 찾는 게 조금 힘들었네요 한번 스쳐가면 한참을 돌아서 다시 와야 해서 입지조건 좋습니다 호텔에서 나오면 바로 시내여서 저녁에 놀 곳 많아요,중립,긍정
안마의자 너무 좋습니다 일하고 쉴 때 이용해서 그런지 안마의자에만 시간 있었네요 넷플릭스도 바로바로 연결돼서 재밌게 봤습니다 숙박 가격도 적당해서 아주 만족스럽게 지내다가 왔네요 다음에도 오겠습니다,중립,긍정
침구가 깨끗해서 마음에 들었어요,중립,긍정
주차공간이 대 가능하고 저는 여유 있게 주차했고 데스크에 혹시나 해서 객실에 담배 냄새가 나는지 문의했는데 다 금연실이라고 설명 주셨습니다 객실 컨디션 좋아요 담배 냄새 없고 도 크고 시트 베개커버 다 좋았고 제 재방문 찜 리스트 상위에 있어요,중립,부정
건물도 깔끔하고 안내도 친절하시고 특히 전동 커튼이 편리해서 좋았습니다 다만 불편했던 점은 시 정도에 입실해서 샤워를 했는데 뜨거운 물이 나오지 않고 미지근한 살짝 차가운 온도 물이 나왔던 점입니다 프런트에 문의해 보니 현재 객실에 있는 사람의 거의 없어 물탱크에서 데워진 뜨거운 물이 빠지는 시간이 걸리기 때문에 물을 계속 틀고 있으면 나온다는 안내를 받았습니다 한 분 동안 틀었음에도 뜨거운 물이 나오지 않아 결국 어찌저찌 샤워는 했으나 이 부분은 조금 아쉬우면서도 평일이라 어쩔 수 없는 부분인 것 같기도 해서 이해가 되긴 했습니다,부정,중립
바로 옆에 모텔하고 같이 운영하고 있어 키를 받으러 옆에 모텔로 가야 합니다 가운은 비치되어 있지 않으니 참고하시고 문이나 외관은 좀 연식이 되어 보였는데 내부는 나름 깔끔합니다 바닥은 장판이 아니라 타일 같은 종류였는데 난방은 잘되어 오히려 더웠습니다 냄새는 별로 나지 않았고 스타일러와 대형은 좋았습니다 나름 가성비가 좋은 숙소라고 생각합니다,중립,긍정
처음 이용해 보고 난 소감 시설 티브이 침대는 쌔꺼가틈 가구는 약간 올드풍임 가격 예약하고 포인트 써서 입실해서 대만족 서비스 사장님은 친절하신 거가 틈,부정,중립
오랜만에 갔는데 카운터에 계신 사장님 직원분 엄청 친절하셔서 기분 좋았어요 방 업그레이드 시켜주셨눈데 감사합니다 딱 열자마자 바닥이 후끈후끈해서 아늑한 기분 들었고 컴퓨터 두 대 있어서 좋아했는데 둘 다 안 켜지더라고요 아쉽 옛날에 테라 한창 갔을 때 컴퓨터 두 대 있는 방은 게임하러 가는 맛으로 갔었는데 전기장판도 고장 났는지 코드 다시 꽂고 온도 아무리 높게 올려도 하나도 안 따뜻해졌어요 그래도 다음에 또 방문하겠지만 전기장판은 방마다 확인해 주셨으면 해요,긍정,중립
깨끗하고 위치도 걸어서 한옥마을 갈 수 있어서 좋았습니다 조금 좁은 늑낌은 있지만 숙박하기에 불편사항 없었네요 덕분에 잘 쉬다 갑니다,중립,긍정
비가 엄청 쏟아지는 하루라 체크인을 한 시간 앞당기고 체크인을 했습니다 추가요금은 오천 원입니다 지하층까지 있는 주차장은 주차하기에 넉넉하고 좋았습니다 전체적인 호텔 외관은 깨끗하고 좋아 보여 기대치가 높아 보였고 내부 첫인상은 좀 좁아 보이네요 룸은 깔끔하고 특히 침대가 편안해서 잠자기 너무 좋았고 욕실도 밝은 조명이라 환했고 샤워기 수압도 엄청 세요 방과 욕실 모두 아딤한사이즈 크기라 생각하면 됩니다 에어컨 작동 잘되고 싱크대는 왜 있는지 의문입니다 문 열고 닫기가 좀 불편하지만 나름 이유가 있겠지요 침대가 편해 잠자기 좋았습니다,중립,긍정
아침에 조식도 해주시고 감사합니다,중립,부정
가성비는 좋은데 침구류가 냄새나고 지저분함 매트리스는 뒤척일 때 스프링 소리 나고 스프링 몸에 자국 날 정도로 다 보임 밤새 못 잠 가렵고 냄새나고,중립,부정
객실이 넓고 따뜻한 물도 잘 나와요 욕조가 있어서 편안하게 쉬다 갑니다 전주 여행하느라 많이 걸었는데 반신욕으로 몸 풀고 가요 주변에 맥도날드랑 편의점 걸어서 오분 거리에 있어서 야식도 간단히 먹을 수 있어요,긍정,중립
층에 커피 머신 등도 잘 갖추어져 있고 사이다 등 음료도 구비되어 있어서 더 편리하고 유용하게 숙소에 머물 수 있었어요 방음이 조금 아쉽지만 시설 등 전체적으로 만족스럽습니다,긍정,부정
주차공간이 협소하여 밤늦게 가니 건물 밖 대지에 주차하였습니다 비가 왔다면 곤란한 상황 연출될 수 있을 것 같음 방은 청결하였으나 뜬금없이 주방 싱크대 공간이 왜 있는지 모르겠음 공간 활용이 조금 아쉬움 조식은 코로나로 도시락 받았는데 아쉬움 불고기는 질기고 그래도 가격 대비 하룻밤 지내기엔 괜찮았던 것 같습니다,긍정,중립
오랜 기간 여행 중이라 스타일러 된다 그래서 잘 됐다 싶었는데 안돼요 컴퓨터도 이상하고 키보드도 안 쳐지고 고장 난 거고 먼지며 뭐며 많아요 그냥 기본만 하면 만족하는데 여러모로 아쉬움이 많이 남는 곳이었어요 밑에 지방 마지막 여행지로 전주여행은 정말 재밌었고 일전에 한번 왔었던 곳이라 좋았는데 다음부턴 숙소는 좀 더 자세히 알아보고 와야 할 것 같아요 다른 곳과 차이가 스타일러라서 선택했는데 의미 없어지니 쪼금 짜증 났지만 많이 비싼 건 아니라서 하루 쉬었다 간다 생각하려고 합니다,중립,긍정
산정동에 위치한 에이치에비뉴입니다 두번째 방문입니다 자세히 이름은 기억은 안나지만 이전호텔을 와본기억이 있습니다 모텔 급이였는데 구조는 여인숙여관 에서 영감을 가진거같은 좀 거부감이 들더군요 그래서 두번다시 안갔구요 여인숙세대입니다 오픈은 한지 꽤 되었지만 예전 트라우마 덕인지 안갔었는데 누가 가보라고 억지로 예약을 해줘서 방문했습니다 그땐 담배냄새 안나고 친절해 에어컨 깨끗해 침구좋아 카드키 반납하러 퇴실 데스크방문때 빼곤 완벽 그리하여 내돈내산 두번째 방문입실전 데스크방문부터 전부 불쾌 리뷰볼줄아시는분은 다들 아실겁니다 리뷰는 절대 좋은것만 보면 안됩니다 낮은평점순으로보고 안좋은걸 본후 악의적인지 아닌지 걸러낸다 이렇게하여 판단하니 성공률이 꽤 높은쪽에 속합니다 이곳 리뷰도 공통적인게 있을겁니다 전화 저도 겪었습니다 무려두번이나 한번은 실수라 생각되지만 두번은 아니다 입실하자 분이내 퇴실 시간전 퇴실때 강력하게 클레임걸자 하지만 전날본 남자분이 피곤함에 쩔어계시는거보고 저분이 사장님이구나 인건비 아끼기위해 고생하는구나 찰나에 생각과 함께 그냥 내가 안오면 되지하고 나왔습니다 사설이 길었고 요즘시대는 숙박업소는 쉬기위해가는곳이고 놀러가는곳입니다 힐링 호캉스 그렇기에 침구류 어메니티 청결이 우선입니다 이곳은 머리카락 하나 찾기 힘들정도에 청결과 깨끗한 침구류 완벽한 어메니티 샴푸 리스제외 이지만 너무 피곤하신 나머지 입실전 데스크때부터 입실후와 퇴실전까지 지속적인 실수들은 개선해야할 최우선 과제가 아닌가 싶습니다 컨디션 좋으실때는 완벽에 가깝습니다 이점 참고하시길 바랍니다,부정,중립
이번에 전주여행 와서 처음 이곳에서 숙박을 했는데 출입구 들어오자마자 음료수샌드위치 만들어먹을수 있는곳토스트기에다가 데어먹을 수 있는 식빵 햄 치즈 피클 양배추 케찹 마요네즈 딸기쨈 등 구비 커피머신 팝콘이 있었고 프런트 옆에 다양한 아이스크림이 있어서 무제한으로 이용할 수 있어서 먹을 것을 좋아하는 우리는 정말 기분이 좋았고 객실에 들어오자마자 창문에 아기자기하게 여러 나라 국기들이 메달려 있어서 귀여웠고 옷을 살균하고 건조시킬 수 있는 스마트옷장도 있고 고급안마기도 있어서 옷도 살균하고 안마기도 계속 이용했습니다거기서 시원해서 안마 받다가 잠들어버렸었어요 그리고 개의 컴퓨터도 있었는데 졸려서 자는 바람에 아쉽게 게임을 못했네요 아쉬워요 욕실도 매우 넓었어요 좀 부끄러운 것은 변기있는 곳이 방안에서 봤을 때 적나라하게 보여서 매우 부끄러웠네요부끄 부끄 그리고 참고할 점은 냉장고에 냉동실이 약해서 아이스크림도 조금씩 가져와서 드셔야해용 정말 잘 쉬다갑니당 다음번에 또 여행 갈 기회가 있다면 또 이용하고싶네용,중립,부정
난방이 중앙관리식이에요 카운터에 말하니 온도 높여주셨는데 많이 따뜻하진 않으니 참고하세요,부정,중립
모텔이 모여있는 동네에 위치해 있다 보니 주변에 편의점이나 식당들이 많아서 좋아요 남자 직원분이 사장님이 듯한데 엄청 친절하시고 인상도 좋으시네요 객실의 크기는 적당하고 서비스로 넷플릭스디즈니플러스티빙왓챠애플라프텔유튜브 개나 있어서 심심할 틈이 없어요 모텔 입실시간이 시부터이고 퇴실 시간이 시라 꼬박 시간 사용할 수 있어서 영화도 보고 드라마도 보고 웹툰 만화도 보고 정말 정말 짱입니다 숙박 고객을 위한 간단 토스트 시리얼 라면 이 구비되어 있어서 좋아요,중립,긍정
북대는 항상 여기로 오는데 오늘은 주신 방 라인과 반대 라인으로 갔는데 테라스도 있고 좋았어요 테라스에서 흡연하도록 만들어놓은 것 같은데 담배 냄새도 안 나고 역시 와이 케이 자주 이용할게요,부정,중립
층의 스낵바는 실제로 사용하진 않는 것 같아요,중립,부정
대실 하러 종종 이용하는데 이 가격에 이 시간이면 가격 대비 이쪽 근방에서는 최고네요 객실 청결상태는 깨끗하긴 하지만 에어컨이 너무 더러워요 청소 안 한 지 너무 오래된 것 같습니다 안에 곰팡이와 먼지가 너무 적나라하게 보이네요 이 부분은 조치가 필요할듯싶습니다,부정,중립
침대도 포근해서 잘 보냈어요,중립,부정
침대가 생각보다 넓어서 너무 좋았어요 침대에서 뒹굴 수 있을 정도여서 다음에도 방문하고 싶네요,중립,긍정
착한 가격에 가성비 좋은 곳입니다 평상시와는 달리 이번에는 층이라 그런지 물 수압이 너무 약해서 사용하는데 좀 불편했어요 욕조도 있었으나 사용 불가 문구가 적혀져 있는 거 보니 고장인듯하네요 그래도 스타일러나 커다란 티브이로 만족했습니다 주차장도 여유가 있어서 주차하는데 큰 무리 없이 이용했습니다 깨끗하고 조용해서 푹 쉬었다가 퇴실한 거 같아요 요즘 날씨가 더워져서 에어컨 사용을 하게 되는데 성능도 좋아서 시원하게 이용했습니다 담에 재방문 의사 있네요,긍정,중립
다 좋은데 담배 냄새가 방으로 들어오는 게 안 좋네요,긍정,중립
트윈 침대 남자들이 사요 하기 작았지만 침대 푹신하고 좋았어요,중립,긍정
주차장은 널널하고 입실시간이 시부터라서 전주 와서 체크인하고 외출 동물원 분정도 걸리는듯하고 한옥마을도 분정도 걸리는듯합니다 주변상권은 모텔촌 층에 슬러시 팝콘 원두커피는 없고 믹스커피 녹차티백 몇개와 정수기 전자렌지만 있었구요 객실 가격대비는 최고입니다 침대린넨류는 교체는 하였으나 침구에 오염과 머리카락 변기는 왜 뚜껑이없는지는 몰겟구옹 드라이기와 고데기가 욕실 내부에잇어 습기가 맨첨 입실하자마자찍엇는데 욕조에는 물기가 전혀 제거되지않은 상태였고 물빨은 보통보다 조금 약하다고 보시면될듯합니다 침대는 딱딱한편 베게는 솜베개 다소 딱딱 모든게 가격대비 그래도 객실 청결은 괜찮은편이고 리모델링해서 깨끗한편입니다 또한 티비 크기 매우만족 넷플과 티빙 잘됩니다 방음은 문하나 사이두고 닫으니 생각보다 조용 문여니까 엘베앞이라서 엘베 소리가 거슬렷는데 문닫고 하니 그래도 갠찮은것같아요 이왕이면 예민하시다면 엘베에서 좀 멀리 가시는걸 추천해드립니다,중립,긍정
폼클렌징도 안 들어있고 뭘로 씻으라는 건지 아무것도 없네요 키트는 한 번 더 신경 써주셔야 할 듯 너무 그랬어요 충전기도 잘 달아놓으셔야 할 거 같음 충전기도 없어요 아무것도 러브 어 폼클렌징은 꼭 넣주세요,부정,중립
모기만 마리 잡았네요 대체 객실 관리를 어떻게 해야 모기가 마리나 있나요 수건도 개 더 구비되어 있었으면 해요 그래도 시설이나 스파는 좋았어요 청결에 조금 더 신경 쓴다면 더 좋았을 것 같아요,중립,긍정
택시 타고 가는데 설마 저기 저기 헐 이게 내 솔직한 심정 여기 어때에 있는 사진은 밤에 야간이라 괜찮아 보이지만 낮에 가면 연식 오래된 건물이 나옴 관광호텔 이 의미를 여기서 알게 됨 방은 넓은 편 다만 창문 열면 바로 도로 앞이고 오래된 가구들 화장실도 넓은 편이나 오래된 건물이라서 낡은 티가 남 화장실 변기가 작은데 비데를 껴놓아서 변기보다 튀어나온 그렇게 안 불편한데 변기도 자기 부분이 앉으면 닿음 그리고 방에 놔둔 디퓨저 냄새가 단 포도향이라서 더 싸구려처럼 느껴지던 샴푸 린스도 오렌지향 과일을 좋아하시는 듯 좋은 점은 조식은 빵 아니면 라면을 만들어주는데 간단히 먹기 좋음 다만 전주에 미식여행 오신 분들은 굳이 먹을 게 많은 뎁 가격 대비 좀 실망스러움,부정,중립
첫 이용입니다 객사 쪽 대실 자체가 처음인데 나쁘지 않았습니다 기본적인 어메니티는 제공되고 객실 청결 상태는 가격대를 감안해도 괜찮았습니다 특히 화장실은 기대 이상이었네요 조금 아쉬웠던 점은 전기장판이 없어 날씨에 따라 추울 수 있겠다는 것 스타일러가 고장 나있었다는 것입니다 그래도 근처 시가지 객사 한옥마을 등 접근성이 괜찮기에 가성비 숙소로 추천할만합니다 첫 이용입니다 객사 쪽 대실 자체가 처음인데 나쁘지 않았습니다 기본적인 어메니티는 제공되고 객실 청결 상태는 가격대를 감안해도 괜찮았습니다 특히 화장실은 기대 이상이었네요 조금 아쉬웠던 점은 전기장판이 없어 날씨에 따라 추울 수 있겠다는 것 스타일러가 고장 나있었다는 것입니다 그래도 근처 시가지 객사 한옥마을 등 접근성이 괜찮기에 가성비 숙소로 추천할만합니다,중립,부정
처음 방문했어요 급하게 찾던 중 발견한 곳 객실 업그레이드해 주신 거 같더라고요 들어가니 침대가 개방도 넓고 욕실도 엄청 넓더라고요 세면대 쪽에 턱이 있어서 잘못하면 다칠 수 있는 단점이 있지만 인식하고 다니면 되겠더라고요 침구 푹신하고 좋더라고요,중립,부정
깨끗하고 청결했습니다 다시 찾고 싶은 곳이네요 방음에 신경 좀 쓰면 될 거 같아요,중립,부정
건물은 조금 오래된듯했지만 가격도 저렴하고 이용에 불편한 건 전혀 없었습니다 내부는 깔끔한 편이였는데 찬물을 열면 밖이 훤히 보여서 창문을 열기엔 불편했어요,부정,중립
아주 편하게 쉬다 갑니다 침대 굿입니다 시설 깨끗하고 숙박 시간 착하고 주변 여러 모텔 중 잴 나은 듯,중립,긍정
일단 입실시간이 시라서 너무너무 좋았어요 밤새우고 입실하는 거라서 많이 피곤해서 일찍 들어갈 수 있는 곳으로 갔는데 방도 업그레이드해 주시고 너무너무 잘 쉬다 갑니다,긍정,중립
다른 건 다 좋았는데 화장실 수압이 좀 약했던 거랑 아침에 따뜻한 물 나오려면 좀 걸리더라고요 그리고 새벽엔 방 안이 좀 추웠어요 그래도 만족합니다,중립,부정
마리는 언제나 믿고 이용합니다,부정,중립
저렴한 가격에 이곳만큼 좋은 곳은 없는 거 같습니다 복도에 정수기도 있고 내부도 깔끔했습니다 침대커버와 베개 이불도 눅눅하지 않고 좋았습니다 그리고 스타일러도 있어 옷도 눅눅함을 없앨 수 있었습니다 또한 안쪽에 위치해 있어서 주변이 시끄럽지 않았고 편의점도 바로 앞에 있어 이용하기 편리했습니다 전주 출장 시 거리가 멀지 않는다면 계속해서 이용할 예정입니다,중립,긍정
생각보다 괜찮았어요 후회하지는 않을 듯,긍정,중립
전주에 잠깐 겨유하는 일정으로 하루 묵고 갑니다 침대에 전기장판이 깔려있기는 한데 창쪽으로부터 찬 공기가 스며드네요 겨울인데 조금 서늘한 느낌이었습니다,부정,중립
직원분들 친절해서 좋아요 감사합니다 침구는 푹신하고 좋아요 개별 난방이라서 따뜻하게 쉬다 갑니다 하지만 화장실에서 담배 냄새가 심해요 다른 호실에서 담배 피우는 냄새가 그대로 올라오는 거 같아요 입구에 흡연 금지라고 되어있는데 안 지키시는 분들이 있는가 보네요 화장실 샤워기 호수 교체해 주세요 까만 때 같은 게 많이 붙어있어요 세면대가 흔들거려서 불안한 것도 있네요 가성비는 좋아요 자주 이용할게요,중립,부정
전주 출장은 오랜만인데 여기 어때 보고 전주 브라운 도트 아중지구점 예약했는데 숙소가 역시 너무 깔끔하고 환기가 잘되어 있고 침구류 상태도 매우 양호하고 욕실도 잘 청소되어 있네요 그리고 금연이라 너무너무 쾌적하네요 또한 카운터 직원분도 너무 친절하시네요 역시 어느 지역을 다녀도 브라운 도트 닉네임 값을 하네요 혼자서 출장 왔는데 주변에 먹거리는 유흥가 및 모텔들이 군집된 곳이라 혼자서 먹을 수 있는 곳이 있어 다행이네요 잘 머물다가 갑니다 감사합니다,중립,긍정
가 대나 있어 아이들이 너무 좋아했어요,중립,부정
깔끔해요 그런데 담배 냄새가 조금나요,중립,부정
객실 컨디션 좋고 충전기도 방에 구비되어 있어서 좋았어요 화장실도 깨끗하고 잘 이용했습니다 다만 베개 놓여 있는 부분 시트 위에 뭔가 부스러기 같은 게 있어서 제가 털어서 누웠는데 좀 찝찝하더라고요 청소를 조금 신경 써주시면 좋을 것 같아요,중립,긍정
일단 숙소가 안쪽에 있어 조용하고 청결 상태도 딱히 문제가 될만한 점은 찾지 못했고요 리뷰들 본 것들 중 가장 많이 지적됐던 엘베 냄새가 걱정됐는데 이젠 그런 걱정 안 하셔도 될듯해요,부정,중립
후기가 매우 좋아서 이용하였는데 시설은 사진과 똑같지만 객실 상태는 벽에 구멍도 많고 샤워기 고정 불량에 먼지도 많고 넷플릭스 이용할 때가 다른 곳보다 연결에서 이용하는 부분이 많이 불편했던 것 같네요 다른 곳보다 가격이 높았으면 이용하지 않았을 것 같네요,부정,중립
가격 대비 시간도 충분하고 깔끔하고 좋습니다 근데 방음은 잘 안되는 것 같아요 복도 소리 옆방 소리 신경 쓰이는 정도였네요,중립,긍정
침구 상태 및 청결상태가 너무 좋았습니다,중립,긍정
출장이 많은 관계로 여러 모텔 이용해 봤는데 정말 가성비로는 전주 최고입니다 겉외관에 살짝 불안한 마음이 없지 않아 있었는데 내부 시설이나 청결 등 흠잡을게 없네요 정말 잘 쉬다 갑니다,중립,긍정
항상 저렴하게 잘 이용하고 있어요 시설도 너무 깨끗하고 안마의자에 앉아서 티브이 볼 때가 제일 좋네요 계속 여기만 이용할 거 같아요 항상 저렴하게 잘 이용하고 있어요 시설도 너무 깨끗하고 안마의자에 앉아서 티브이 볼 때가 제일 좋네요 계속 여기만 이용할 거 같아요,중립,긍정
일단 룸 컨디션 깨끗하고 너무 좋았고 도 원하는 거로 빌려와서 들을 수 있었고 만화도 보고 싶은 거 골라서 재밌게 봤어요 다음에도 또 올 수 있음 숙박하고 싶은 곳이었습니다 감사합니다,중립,긍정
북대 근처에 갈 때마다 이용하는 데 매번 좋아요 이날은 침대 이불에 이물질이 조금 묻어있어서 바로 교체를 부탁드렸더니 교체해 주셨고 고데기가 고장 나 있어서 그 부분은 조금 아쉬웠습니다 매번 잘 이용하고 있는 만큼 조금씩만 더 신경 써주시면 더할 나위 없이 좋을 것 같아요,부정,중립
새벽에 들려 잘 이용했습니다 입실시간이 새벽이라고 해서 그 시간부터 시간을 주는 게 아닌 퇴실 시간은 정해져있으니 늦게 들어가실 분들은 참고하면 좋을 거 같아요,부정,중립
전체적으로 나쁘지 않았습니다 새 학기 특별 이벤트로 예약해서 모주 병 받았습니다 덕분에 모주 따로 사지 않아도 돼서 감사합니다 한옥마을까지 걷기엔 좀 먼듯해서 시내버스 정거장 정도 탔어요 침구류 깨끗하고 푹신하고 호텔 특유의 침구류 냄새가 덜 나서 좋았어요 특이하게 싱크대가 있더라고요 주차장 입구 출구 주차 간격이 넓지는 않아요 끝에 방이어서 방음 크게 신경 안 썼는데 중간 방이나 엘리베이터 근처는 시끄러울듯해요 복도 조명이랑 방 조명이 어두워요 천장에 히터가 침대 방향이라 너무 건조해서 껐는데 자면서 추웠어요 천장 히터에 가림막 설치 등 해야 할듯싶습니다 그래도 박 잘 쉬다 왔습니다,부정,중립
전체적으로 깔끔했어요 올라온 사진과 동일합니다 티브이도 크고 화장실도 넓어요 엘리베이터 있어서 다니기 편해요 객실에 큰 창이 있어서 답답하지 않고 침대에 전기장판 있어서 따뜻하게 머물다 갑니다 아 비치된 물 브랜드가 맛있어서 더 좋았어요 웅진 다음에 전주 오면 또 이용하고 싶습니다,중립,긍정
물 잘 나오고 금방 따뜻한 물 나와요 침대 편해요 방바닥 따뜻해요 주차공간 넓어요 체크인 아웃 빠르고 편리해요 엘베에서 내리면 담배 냄새가 나요 객실에서도 좀 나요 담배 냄새가 좀 나는 거 빼고 다 만족합니다,중립,긍정
늘 이용합니다 방은 만족 조식은 가성비 떨어지네요 해장국 드세요,중립,긍정
깔끔하게 잘 정돈된 숙소였습니다 안마기에 에어 드레서까지 있어서 겉옷을 에어 드레서에 넣고 미세먼지 관리 버튼을 누르고 나서 안마기를 이묭하면서 티브이를 보니 딱 좋은 휴일의 여유를 만끽할 수 있었어요 여러 가지로 맘에 드는 숙소라서 담에 또 방문할 예정입니다,중립,긍정
서비스 청결도 뭐 다 무난하게 좋았어요 대실 시간이 긴 편에 속하는 모텔이라 그 점이 좋아요 티브이 크고 잘 작동하고 피시도 게임 잘 돌아가네요 일회용품 제공 잘 되고 냉장고에 물도 충분했어요,중립,긍정
깨끗하고 주차장도 넓어요 아이스크림도 무료 객실에 냉장고가 없으니 주의하세요 객실 카드에 호실이 안 적혀있는 건 불편해요,중립,긍정
여자친구 전주 살아서 갈 때마다 여기 들름 굳,긍정,중립
그냥 그냥 그렇습니다 날파리가 많고 바닥이 청결하지는 않네요 그래도 저렴하게 잘 잤어요,중립,긍정
요즘 코로나 때문에 밖에는 돌아다니지 못하다 보니까 방 빌려서 시간을 보내는데 처음엔 너무 추워서 난방 틀면 너무 뜨거울 정도로 따뜻해서 너무 편하게 잘 쉬다 갈 수 있어서 좋습니다 매번 잘 쉬다 갑니다,중립,긍정
주차장이 있어 주차 편히 했어요 고속버스터미널 주변이라 버스 이용 시에도 이용이 편할 것 같아요 음식은 웬만한 곳 매 민권이라 좋습니다 친절한 응대와 방 배정 받았습니다 객실 문을 열고 들어갈 때 제일 먼저 맡게 되는 게 냄새인데 쾌적했어요 비흡연자라 담배 냄새에 좀 민감한 편이거든요 시트와 커버는 청결했어요 화장실도 깨끗했어요 샴푸린스 보디워시가 비치되어 있고 일회용품 가방도 있어서 불편 없이 이용했어요 넓은 와 스타일러가 있어 좋았습니다,긍정,중립
환기도 엄청 잘되고 후기 보고 갔는데 너무 좋았습니다 담배 냄새에 예민한데 환기가 너무 잘 돼서 좋았어요,중립,긍정
모텔 같지 않은 디자인인 거 같아서 뭔가 놀러 온 느낌이었어요 관광호텔이라 그런가 다만 물을 사용하는 부분에서 물줄기가 약하고 온도조절이 시간대가 다른 객실하고 겹쳤는지 매우 힘들었습니다 나머지는 다 만족해요,중립,부정
대실로 머물다 왔습니다 일반실 갔는데 엄청 깔끔하고 신축이어서 시설 다 좋았어요 팩도 있고 침대도 엄청 푹신푹신해요 특히 여기 티브이가 엄청 커요 넷플만 로그인되어 있고 나머지는 내가 로그인해야 합니다,긍정,중립
솔직한 평으로 시설 괜찮습니다 주차장도 조성을 잘해뒀고요 로비에도 먹거리를 다양하게 구비해둬서 좋았습니다만 미리 예약을 하고 가방이 없다고 다른 방을 주신다는데 모텔 측 불찰로 인해서 다른 방을 내줘야 하는 상황이면 업그레이드를 해주는 게 고객 불만이 없지 않을까요 다운그레이드 시켜놓고 싫으면 취소해라란 식의 응대가 사람 어처구니없게 하더군요 앱 이용자분들은 전화를 해보고 가시길 권해드릴게요,긍정,중립
깔끔하고 넓어서 좋았어요 다만 이전에 이용할 땐 안 그랬는데 이번엔 화장실에서 냄새가 심하게 나더라고요 그 부분만 개선하면 더 좋을 거 같아요 층에 스낵바도 있고 화장실 빼곤 전반적으로 만족하고 갑니다,중립,긍정
직원분들 서비스가 좋네요 조식도 정성이 담겨있어요 영업 마지막 날이라네요 새 단장하면 재방문 하겠습니다,중립,긍정
여기 두 번 갔는데 너무 친절하시고 방도 따뜻하고 깔끔합니다 싼 가격이라 별로겠지 하고 넘기지 마시고 한번 방문해 보세요 저는 한번 가고 나서 가격이 싸니까 다른 모텔보다 시설이나 청결이 떨어지겠지 했던 생각이 싹 사라졌습니다 외풍 심한 호텔 모텔이 많아서 추운 날 방에서 옷도 못 벗을 정도로 추운 곳도 있고 더운 날 옷을 벗고 에어컨을 틀어도 더운 곳이 있는데 여긴 그런 스트레스 없이 좋았습니다,중립,긍정
화장실 배수구 물이 너무 안 빠져요 공사가 필요할 거 같아요 샤워기 수압이 너무 약해요 공간은 넓어서 좋아요 조명도 밝아서 좋아요,긍정,중립
잘 쉬다 갑니다 리뷰가 늦었네요,부정,중립
전주 출장 올 때마다 방문하게 됩니다 사장님 친절하게 맞이해 주시고 언제나 올 때마다 청결하고 깨끗합니다 입실하기 전에 로비와 복도에서 좋은 향기도 납니다 방 컨디션 좋고 냄새 없습니다 베개는 침대에 개 있고 도 상당히 큽니다 가지 서비스를 볼 수 있습니다 수건도 넉넉하게 있고요 커다란 비치타월이 있어서 개인적으로 좋았습니다 화장실도 깨끗하고 비데 설치되어 있네요 주차장은 넓은 편은 아니지만 주변에 주차할 곳이 많이 불편함은 없습니다 주변의 식당도 많이 있고 배달 앱 활성화도 많이 되어 있습니다 출장 시에 다시 방문하겠습니다 잘 쉬고 갑니다,긍정,중립
전날에 예약했음에도 불구하고 가보니 방이 다 나갔다고 맞은편 노이 호텔로 안내받았어요 일부러 미니멀 디럭스 말고 디럭스로 한 단계 높여서 예약했는데 안내받은 방은 미니멀이랑 크게 차이가 안 나 보였던 것 같은 느낌이라 무슨 차이인지 궁금했습니다 심지어 건물이 달라져서 비교해 볼 수도 없고 아쉽,부정,중립
역하고 가까운 거리 모텔 밀집 지역에 위치한 여러 업소 중 한 곳입니다 주변에 식당 및 편의점이 많아서 불편함이 없는 거 같아요 착한 가격에 웬만한 시설 커다란 티브이 욕조 스타일러 비데 넷플릭스 시청까지 두루 갖추어진 가성비가 너무 좋아요 사장님도 친절하시고 주차장도 그리 좁지 않아서 주차하는데 그다지 큰 불편함이 없었어요 혹시 만차 시 주변 공용주차장이나 인근 골목길에 주차해도 괜찮다고 하네요 참고로 욕실 바닥이 좀 미끄러운 편이니 조심하세요,긍정,중립
생각보다 방 사이즈가 매우 작더라고요 금연을 너무나도 강하게 어필해놔서 불쾌했고요 인포에 앉아있는 안경 쓴 여자분도 매우 불친절에 딱딱한 말투 거슬렸고요 다시는 이용하고 싶지 않은 곳이더라고요 된장 국입니다,부정,중립
아침식사 빼곤 보통이지만 그래도 전주에선 갈만한 듯,부정,중립
입실시간 빠르고 시간적 여유가 많아 만족합니다 주차할 곳 여유 있습니다 늦은 시간은 이용하지 않아서 잘 모름 그래도 여유 있을 것 같습니다 객실 청소 만족합니다 침대 시트는 호텔식으로 커버 상태 깨끗합니다 일회용품 충분합니다 수건 장 에어컨 정상작동 컴퓨터 설치 사용 안 했음 친절하고 주변 소음도 괜찮습니다 이중창인 것 같은데 조용한 욕조 설치 샤워 수압 정상 선풍기 비치 정상작동 빠른 입실 여유 있는 주차장 친절하고 객실 청소 침대 시트 일회용품 바닥청소 전체적으로 만족합니다 추천합니다,중립,긍정
전주 중화산동 모텔촌에 위치하고 있습니다 전북도청이랑 가깝고 한옥마을도 멀지 않아요 방은 적당하고 깨끗한 편입니다 창문이 커서 환기시키기에도 좋습니다 넷플릭스 가로 그 아웃되어 있어서 이용할 수 없는 상태였어요 에어컨 시원하고 선풍기도 설치되어 있습니다 침대는 적당하게 푹신해서 편하게 잘 수 있어요 샤워기 수압도 좋고 온 수도 잘 나와요 방에 기본으로 스타일러가 설치되어 있습니다 전주에 오면 다음에도 재방문할 의사는 있습니다 가운은 층에서 요청하셔야 합니다,중립,긍정
주변 모텔 중에 제일 깨끗하고 젛았습니다,중립,긍정
간만에 이용했어요 하지만 이번엔 객실이 청소를 조금 소홀히 하셨는지 냉장고에 음료 하나 있었고 세면대에 누렇게 물때가 많이 껴있었어요 평소엔 만족하면서 용하고 있습니다,부정,중립
담배 묵은 내가 심해요 예민한 분은 안 맞을 거 같아요,부정,중립
숙소 예뻐요 재방문입니다,긍정,부정
특실을 만 원대 가격으로 사용할 수 있었어요 너무 넓고 침대도 많고 좋았어요 내부도 청결하고요 다만 저희가 보일러를 어떻게 하는지 몰라 틀어놓기만 했다가 새벽에 약간 추웠어요 그래도 이불 덮고 자면 따뜻했답니다 너무 만족해요 다음에 또 여기서 자야지,중립,긍정
객실 청소상태는 양호합니다 수건은 위 사진처럼 많이 낡고 변색이 되어 걸레로 닦는 기분이었습니다 큰 문이 있어 좋았는데 방충망이 없어 무용지물입니다 욕실에 작은 창문이 높은 곳에 있는데 문이 열여있어 새벽에 모기 때문에 잠을 잘 수가 없었어요 스타일러에 바지 걸이 같은 건 누군가가 가져갔나 봅니다 스타일러가 있어 좋았어요 방충망이나 수건 같은 거 신경 좀 쓰시면 좋을 거 같습니다,중립,긍정
처음엔 깨끗해 보여서 좋았는데요 방음이 전혀 안되어서 정확히 시분에 잠들었네요 티브이 소리 대화소리 심지어 술 따르는 소리가 들려서 도저히 힘들어서 프런트에 말씀드리니 투숙객이라고 소리 지르고 가족여행이었는데 아 괴로웠네요 프런트는 친절했는데 방음에 문제가 많았어요 이 부분만 개선되면 좋겠어요,부정,중립
방들이 다 깔끔해요 그리고 만 오천 원에 대실 이용할 수 있다는 게 제일 가장 장점 단골 될 거예요,중립,긍정
늘 호텔 새로 인테리어 공사를 한 것 같아요 분위기가 상당히 좋아졌고요 이제는 늘을 자주 이용하려고요 다음에도 또 방문하겠습니다 앞에 방을 원하지 않아서 다른 방 받을 수 있는지 물어봤는데 업그레이드해 주셔서 감사했습니다 너무너무 편하게 쉬다 갑니다 물도 방에 올라가면서 더 추가로 들고 갈 수 있었고요 시끄러운 잡음도 크게 많이 들리진 않았어요 점점 여름이 다가오는데 이제는 시원하게 에어컨 필터 청소도 진행시켜주셨으면 좋겠습니다 여름에는 여기서 쉬려고요,긍정,중립
저번 이용 때 너무 좋아서 다시 이용했습니다 물이나 수건 더 필요하면 프런트에서 받아 가면 되고 자판기에 인 음료수 늦게 가면 품절된 음료수가 많으니 체크인 전에 들고 가시는 거 추천해요 두 번째 이용 때는 방충망에 담뱃재가 보였어요 누가 몰래 피고 뒷정리 안 하고 간 듯 저번 이용 때 너무 좋아서 다시 이용했습니다 물이나 수건 더 필요하면 프런트에서 받아 가면 되고 자판기에 인 음료수 늦게 가면 품절된 음료수가 많으니 체크인 전에 들고 가시는 거 추천해요 두 번째 이용 때는 방충망에 담뱃재가 보였어요 누가 몰래 피고 뒷정리 안 하고 간 듯,중립,긍정
지금까지 지냈던 숙소 중에 베스트입니다 또 방문하겠습니다,중립,부정
년 동안 열심히 일만 하고 퇴사 기념 살 딸과 박 일간의 랜덤 뽑기 전국 여행 중 마지막 숙소입니다 전주 난장에서의 재미를 그대로 이어온 최고의 호텔 입구에서부터 화장실까지 그냥 완벽 그 자체 어린 딸과의 여행이라 나름 후기 꼼꼼하게 읽어보고 예약했는데 실망스러운 곳이 많았어요 여기는 정말 담배 냄새 도 안 나고 청결하고 감성 미쳤고 진짜 난리 난리 전주 또 올 거예요 전국 여행의 마지막 도시 아름다운 추억으로 마무리할 수 있게 해주셔서 감사합니다,중립,긍정
화장실은 아쉬웠지만 개별난방이라 뜨겁게 잘 수 있었고 침대는 너무 푹신해서 좋았습니다,중립,부정
좋은 숙소입니다 시설에 비해 가격이 저렴해요 스타일러도 좋은 게 설치되어 있었습니다 하지만 아쉬운 점도 있었습니다 전기장판 외에는 난방이 안 되는 건지 이불 밖으로 내놓은 팔이 시리더라고요 화장실에는 샤워기를 걸어놓는 고리가 없어서 샤워기를 들고 샤워를 했습니다 이러면 물을 많이 쓰게 되는데 빨리 수리가 되면 좋겠네요,중립,부정
전주역에서 내려오면 금방인 가까운 위치입니다 위아래로 식당가도 있고 편의점도 붙어있어서 뭐든 먹을 때 편리합니다 층 카페테리아에는 강냉이 커피 등 간단히 먹을 수 있는 것들이 제공됩니다 아침에는 조식도 있고요 객실은 적당한 크기의 공간에 화장실도 답답하지 않은 크기로 붙어있습니다 티브이로는 유튜브 시청이 가능하기로 되는데 넷플릭스 등을 이용할 수 있는 게 많네요 숙박 시 입태실 시간이 입실 시 퇴실 시로 굉장히 여유로운 편입니다 지하공간에 즐길 것도 많아서 추천합니다,부정,중립
침대가 너무 푹신해요 근데 티브이가 자꾸 한 번씩 화면이 나갔다가 돌아와요,부정,중립
출장 때문에 이용함 그냥 잠만 자는 정도,부정,중립
대실이 시간이나 되는 데라서 벌써부터 추천드려요 주말에 이용하는 건데도 굉장히 저렴하고 가성비 있어요 숙소 자체가 막 엄청 좋다거나 그렇지는 않은데 그래도 이 가격이 이 정도 하는 숙소 없습니다 이번에 배정받은 숙소는 좀 작은 편이더라고요 그래서 음식 배달 시켜 먹을 때 책상이 없어서 조금 불편했어요 그리고 방음이 잘 안되긴 하더라고요 햇빛이 너무 잘 들어와서 밝았어요 영화를 보는데 밝아서 조금 불편했어요 그래도 편하게 쉴 수 있어서 좋았습니다,중립,긍정
꽃구경이랑 한옥마을 구경하고 잘 쉬고 왔어요 다음 여행 시 꼭 추천할게요,중립,긍정
굉장히 저렴한 가격에 깨끗한 시설 이용할 수 있어서 좋았습니다 시내 한복판이지만 전혀 시끄럽지 않아 만족하며 숙박할 수 있었습니다 다음에도 이용하고 싶습니다,중립,긍정
너무 깨끗하고 뜨거운 물도 잘 나와서 아주 잘 쉬다가 갑니다,중립,긍정
대실 시간을 이용하였습니다 인치 티비 방을 예약하였구 앞에 노이호텔과 같이 하시는건지 자리를 비우셨는데 전화도 안받으시고조금 기다렸구요 방은 티비도 진짜크고 화질도좋고 너무 좋았고 스타일러 안마의자 욕조 다좋았지만 전부 조금씩 부족했습니다 스타일러는 객실청소할때 물통이랑 필터를 안비우시는지 필터갈아달라고 계속 안내문구가 나오고 물통도 처음쓰는데 꽉차있어서 제가비웠네요 안마의자는 다좋은데 발부분이 고장난건지 뒤로 누우면 같이 안올라오더군요종아리까지만 되더라구용 이게제일 최악 화장실이 욕조랑 욕조안 샤워기하나 그리고 샤워공간에 샤워기 개가 있습니다 그런데 욕조샤워기는 줄이짧아서 서서 샤워는 못할정도라서 샤워공간 샤워기를 이용해야되는데 찬물밖에 안나오더라구요뜨거운물쪽 틀으면 물이 그냥 끊어집니다 아무것도 안나와요진짜 얼어죽는줄 알았습니다 제가 키도큰편이라 욕조샤워기는 짧아서 쓰지도못하고 이거는 고쳐주셨음 좋겠습니다 근데 그거빼고는 티비는 짱입니다 크고 화질도좋고 아주 최고였습니다,부정,긍정
진주 출장 와서 이용했습니다 방은 랜덤이지만 적당한 방 크기에 욕조 작지만 이용에 부족함 없고 작지만 넷플릭스 잘되고 스타일러도 있고 주차장 걱정 없고 혼자 출장에는 딱이네요 잘 자고 갑니다,중립,긍정
장점 룸 컨디션이 생각보다 좋았어요 트윈침대를 붙여서 한 개의 침대로 되어있었는데 넓고 푹식해서 그게 가장 맘에 들었습니다 화장실도 너무 깔끔하고 드라이기도 좋았어요 아쉬운 점 엘리베이터가 두 개인데 프런트가 층이고 객실이 층까지 있어서 엄청나게 오래 걸리고 한번 놓치면 본 이상 기다려야 합니다 주변에 맛집 같은 게 거의 없어요 거의 사들고 와야 합니다 주차장에 주차하기가 빡셉니다 층까지 주차장인데 장애인 주차장과 전기차 전용 그리고 층은 지하인가 골프장이 있어서 골프장 주차장이라 실질적으로 호텔 이용자가 이용할 수 있는 주차장이 많지 않아서 층 모퉁이나 구석에다가 대야 합니다,중립,긍정
오래된 숙박시설이지만 청결합니다,중립,긍정
방이 은근 크고 티브이가 진짜 정말 크네요 화장실도 깨끗하네 요 침대도 크고요 이불도 따듯하고 전기장판도 있어서 완 전 따듯해요 완전 잘 쉬다 갑니다 정말 최고예요 매번 갈 때마다 후회 한적 없던 거 같아요 빵도 먹을 수 있고 빵이 진짜 맛있어요 전자레인지도 있고 물도 원하는 만큼 가져갈 수 있어 요 젓가락 숟가락도 있고 세면도구에 필요한 거는 다 있어 요 아주 만족스럽습니다 암막 커튼도 있고요 전기포트도 있고 신발도 있어 편하네요,부정,중립
아무래도 오래된 건물이라 어쩔 수 없는 부분들이 있지만 그래도 잠만 자기엔 조용하니 괜찮아요,중립,긍정
숙소 청결도 숙소 청결하고 냄새 좋고 침구도 깨끗해요 수압 수압 세고 화장실 물도 잘 내려가요 주차 주차가 할 말이 많은데 발레해 주신다고 차 키 가져가서 다른 숙박객에게 주차 대신 시키시면 어떡합니까,중립,부정
객실 청소가 잘 되어있고 청결,중립,부정
먼저 준 방에서 전 손님이 담배를 피웠었는지 냄새가 심해서 방 바꿀 수 있는지 전화드렸더니 바로 안내해 주시고 바뀐 방 괜찮냐고 전화 주시고 확인해 주시고 죄송하다고 하셨어요 바뀐 방은 공기 쾌적하고 향도 좋았어요 그리고 친절해서 감사했습니다 방에서 담배 왜 피나요,중립,부정
바닥이 엄청 차갑고 하루 종일 냉기가 돌아서 기장 장판 싫어하는데 전기장판 키고 잤네요 엘리베이터 바로 옆방이었는데 다른 호실 문 열고 닫을 때마다 공기 압력 때문인지 내 방문이 계속 열리려고 하는 그런 소리와 느낌이 나서 계속 신경 쓰였네요 나가면 바로 앞에 편의점이 있어서 편했고 근처에 조금 걸으면 음식점이 있어서 좋았습니다 약분 거리에 은해 장국 있는데 해장국이 원인데 별로였다는 주차공간은 넉넉한 편이었어요 전체적으로 중간 정도의 숙소라고 생각됩니다,부정,중립
지은지 얼마 안 된 곳이라고 해서 이용했습니다 체인이라 들었고 그래서 기본 서비스하겠다는 생각이 들었고 생각한 대로 깨끗했습니다 한옥마을 가까운 점이 관광에 편리합니다,중립,긍정
매트리스 쿠션이 몸 전체를 포근히 감싸줘요 청결 상태 또한 별 다섯 개입니다,중립,부정
전주 출장 올 때마다 들러요 담배 냄새도 안 나고 좋습니다,중립,긍정
명 자기엔 딱 좋아요 다만 엘베가 없어요 짐 있는 분들 힘든듯해요,긍정,중립
스탠더드 선택했어요 주차장은 넓어서 좋았어요 급하게 그나마 싼 곳 잡은 건데 밑에 클럽이 있어서 좀 시끄러웠지만 많이 피곤해서 잠드는데 방해되진 안 있지만 새벽에 한번 깼었고 화장실에 문이 없네요 싼 맛에 출장 오는 사람들은 괜찮지만 쉬러 가시는 분들은 아쉬울 거 같아요 급하게 그나마 싼 곳 잡은 건데 밑에 클럽이 있어서 좀 시끄러웠지만 많이 피곤해서 잠드는데 방해되진 안 있지만 새벽에 한번 깼었고 화장실에 문이 없네요 싼 맛에 출장 오는 사람들은 괜찮지만 쉬러 가시는 분들은 아쉬울 거 같아요,중립,부정
객실 컨디션 노후된 시설에 인테리어 하신 거 같은데 뭔가 허술함 깨끗하지도 않음 오래돼서 냄배 냄새가 안 빠짐 어떤 부분이 가장 이용하기 좋았나 별로 다음에 또 방문하고 싶은 숙소 아뇨,긍정,중립
출장으로 자주 오는데 항상 대만족 단골이에요 라면도 무제한,긍정,중립
전주 친구들 모임 있을 때마다 안중리 숙소를 이용하는데 현재까지 이용했던 숙소 중에 가장 최고입니다 다음에 전주 방문할 때도 예약할게요,긍정,중립
출장 시 이용하는 숙소인 니나,중립,긍정
디즈니랑 넷플릭스 그리고 웨이브까지 다 나오는데 저렴해서 잘 놀다 갑니다 에어컨도 잘 나오고 비 오는 날은 슈드레서도 있어서 뽀송하게 밖 나갈 수 있어서 좋네요 나름 깨끗해요,중립,긍정
청결하고 다 새것 같은 느낌이에요 여름에 피서는 여기로 와야 할 듯요,중립,긍정
추천할 만한 숙소예요,긍정,중립
입실시간 빠르고 시간적 여유가 많아 만족합니다 친절하고 주변 소음도 적습니다 객실 청소상태 양호합니다 주차할 곳 여유 있습니다 주차장 지붕 설치 돼요 있습니다 일회용품 충분합니다 냉장고 생수 두 개 수거장 에어컨 정상작동 시원합니다 소음 없습니다 욕조설치 샤워기 수압 정상 사용하는데 불편함 없을 정도 침구 상태 깨끗합니다 호텔식 교체 시트 깨끗합니다 주변 편의점 여러 곳 있습니다 식당도 근처 있고 숙박에 불편함 없을 정도입니다 고객에 대한 친절도 만족합니다 이벤트 가격에 주위 업소보다 깨끗합니다 추천합니다,부정,중립
시설 괜찮네요 자주 올게요,중립,긍정
텐트 온돌침대 방을 아이들이 아주 좋아했고 그래서 박 머물렀습니다 시설 청결하고 일하는 분들 전반적으로 친절하십니다 단점은 보일러 컨트롤을 제어하지 못합니다 첫날은 진짜 냉방이었고 둘째 날은 너무 더워서 진짜 심한 몸살감기에 걸렸지만 침대만 있는 방이었으면 좀 덜 민감했을 거 같고 감기에 걸렸더라도 다시 방문할 의사가 있습니다 조식도 기대치 않게 잘 먹고 갑니다,중립,긍정
주위에 식당도 많아 밥 먹을 곳도 많습니다 바로 옆에 도 있어서 영화도 보고와도 좋았습니다 주차장도 자리가 넓어 잘 사용했습니다 지하주차장 도 있는 것으로 보이는데 저는 사용하진 않았네요 화장실이 아주 깨끗하고 욕조도 있어 좋았습니다 도 있어서 컴퓨터가 필요할 때 기본적인 작업도 가능할 것 같습니다 침구도 깨끗하고 전기장판도 좋았습니다 소파와 테이블도 있어서 여럿이 방문 시에도 간단한 식사나 맥주 등 먹기에 좋을 것 같습니다 충전기도 있어서 잘 썼습니다,중립,긍정
객실 청소 상태가 아쉬웠습니다,긍정,중립
객실 컨디션 좋고 끓여 먹는 라면 책인 할 때 아웃할 때 한 번씩 먹었네요 아이랑 둘이 방문했는데 정말 좋았어요 담배 냄새 전혀 없음요 재방문의 사 있습니다 프런트에 안경 쓰신 남자분 남자 천사네요 요즘 계절에 금귤 고마워 유,중립,긍정
장점 수압이 세다 주차장 넓다 단점 조식 방가 타 브라운 도트 대비 미흡 컴퓨터 상태가 별로 좋지 않다 객실에서 바깥으로 통하는 창문이 작아서 좀 답답,중립,긍정
전주 오면 항상 찾는 숙소,긍정,중립
이불 상태나 화장실 벽면 상태 욕조 상태는 별로였어요 가격 대비엔 괜찮았어요,중립,부정
시 넘어서 갔는데도 주차 자리 있을 정도로 주차장 넓었어요 친절 불친절할 것도 없이 이름 말하고 키 받아서 편하게 들어왔습니다 숙소 크기는 넓었고 청결 도는 무난했어요 스타일러 있어서 좋았습니다 침대 푹신했어요,중립,긍정
덕진공원이 가까운 위치라 좋습니다 방충망도 비교적 깨끗해서 너무 좋았어요 다만 온수를 틀면 수압이 약해지는 건 있더라고요 침대도 폭신한 편은 아니었습니다 그러나 넷플릭스도 이용 가능하고 욕조도 커서 좋았어요 욕실도 큰 편이고 샤워할 수 있는 공간과 변기가 나눠져있는 점도 좋았습니다 세면대는 침대 옆쪽에 있더라고요 컴퓨터도 두 대였고 고데기는 없어서 조금 아쉬웠습니다 청결하다는 점과 위치가 큰 장점이라서 저는 만족스러운 숙소였습니다,중립,긍정
시설은 깔끔한데 방바닥이나 침대에 머리카락과 먼지가 많네요,부정,중립
객실은 매우 깨끗하고 청소가 잘 되어 있었어요 침구류도 냄새나 얼룩 없이 청결했고요 매트리스에 민감한 편인데 푹신하니 아주 마음에 들었습니다 사장님도 친절하시고 앞으로 단골 예약입니다,긍정,중립
잘 쉬고 갔어요 늘 좋은 서비스 굿이에요 특히 스타일러스가 정말 마음에 들었어요 저녁에 고깃집에서 식사를 하는 탓에 코트에 냄새가 배었었는데 말끔하게 내새가 제거돼서 상쾌하게 입을 수 있었습니다 강추해요,부정,중립
가성비 갑 모텔이요 테이블이 덜렁거려서 바닥에서 밥 먹었어요 그 점만 고쳐주세요 이불에도 얼룩 너무 많고 다른 건 다 괜찮았어요 다음엔 조금 신경 써주세요,부정,중립
피시방 컴퓨터까진 아니지만 괜찮았어요 또 올게요,긍정,중립
깨끗하고 침대도 푹신푹신 주차가 좀 협소하긴 합니다,부정,중립
여행 왔다가 시간이 애매하게 남아서 잠깐 쉴 겸 일부러 안마의자 있는 곳 했는데 너무 잘 쉬었어요,부정,중립
벽에 벌레 잡힌 것들이 조금 있는 거 빼고 좋았어요 난방 너무 잘되고 저렴한 가격으로 따뜻하게 잘 자다 나온 것 같아요 방에 린스가 없어서 조금 아쉬웠어요 불도 훤히 켜지지 않고 난방은 지대로 잘 돼서 굿,중립,긍정
테라 호텔에 세 번째 오는 것 같네요 처음으로 층 주차장에 자리가 없어서 당황했습니다 벽면에 층에 자리가 없으면 지하주차장을 이용해 달라고 쓰여 있어서 건물 밖으로 나가 오른쪽으로 돌아보니 지하주차장으로 가는 통로가 있네요 지하주차장은 상당히 넓습니다 층 주차장보다 더 넓은 것 같습니다 주말에도 테라 호텔은 주차 걱정이 없을 것 같네요,중립,긍정
최근 잦은 출장으로 모텔에 자주 가게 되는데 지금까지 숙박했던 모텔 중 최고였습니다 청결과 깨끗함 리모델링 해서 그런지 욕실도 곰팡이도 없고 모든 곳이 청결했네요 비용 저렴한 곳과 만원 차이라면 이곳이 정답일 듯합니다 그래서 오늘도 여기서 숙박하려고 합니다 번창하세요,중립,긍정
항상 감사합니다 번창하세요 여기 이제 단골로 등록해 주셔야 할 거 같아요,긍정,중립
원래 시설 그저 그래도 좋다고 리뷰써주는데 정말 리뷰 좋게 써줄 수가 없네요 늘로 예약하고 갔는데 프론트에 사람이 없더군요 전화번호로 전화하니 내려갈게요 해놓고 분을 더 기다린 것 같네요 분을 기다렸더니 하는 말이 안 좋은 방만 남았다며 길 건너 노이도 사장님이 같다고 업그레이드 해드릴테니 노이로 가시라고 그래서 노이로 갔는데 업그레이드 라더니 업그레이드 맞는 건가 싶었습니다 카드키는 인식이 안되는지 불도 안켜지는 방이었네요 내려가서 상황 말했더니 분을 기다려도 안켜지냐는 말이 말인가요 누가 현관앞에 서서 분을 기다립니까 불이야 제가 켜면 되니까 크게 불편함 없으니 그냥 쓰자 맘먹고 올라와서 짐을 풀며 방을 보는데 저는 사용도 안 하는 컴퓨터가 켜져있었어요 본체 돌아가는 소리 거슬려서 컴퓨터 먼저 꺼버렸네요 바닥엔 머리카락이 뭉텅이로 돌아다니고 샤워실엔 최소한 선반은 설치 해주셔야 하는 거 아닌가요 커다란 통도 아니고 작은 통으로 바닥에 놔두다니요 침대는 수평이 아닌 다리쪽을 약간 올라가게 해두셨던데 일부러 그러신 건지 허리가 푹 꺼져서 좀 힘들었네요 베개엔 긴 머리카락 침대보를 분명 갈았을텐데 베개 아래쪽으로 머리카락들이 쌓이고 쌓여있고 씻으려고 어메니티 봉투 열었더니 썼던 치약이 들어있네요 진짜 어이가 없어서 사진도 첨부합니다 출장 다니며 많은 숙박시설 이용했는데 이런 곳 처음입니다 업그레이드 라더니 이게 업그레이드면 늘은 대체 어떤 방인지 상상도 안 되네요 다음은 없을 것 같네요,부정,중립
주차장이 있어 주차 편히 했어요 음식은 웬만한 곳 매 민권이라 좋습니다 친절한 응대와 방 배정 받았습니다 객실 문을 열고 들어갈 때 제일 먼저 맡게 되는 게 냄새인데 쾌적했어요 비흡연자라 담배 냄새에 좀 민감한 편이거든요 시트와 커버는 청결했어요 화장실도 깨끗했어요 샴푸 린스 보디워시가 비치되어 있고 일회용품 가방도 있어서 불편 없이 이용했어요 자주 애용합니다 터미널 근처라 대중교통도 이용 좋아요,긍정,중립
좋아요 퇴실 시간이 여유로워서 너무 좋네요 평일이라 주차 자리 부족하지 않게 잘 이용했어요 침대는 매우 편안하고요 가끔 불편한 곳은 다음날 피곤하고 그런데 좋더랴 구 요 컴퓨터도 처음엔 렉이 좀 있었는데 나중엔 잘 돌아갔고요 로비에 물 음료 여유분도 있고 잘 이용햤습니당 화장실 물도 잘 나오고 비데있구옹 스타일러도 있어서 잘 사용했습니다 드라이기는 살짝 선이 고장 났는지 바람이 냐오다 안 나오다 해서 조금 불편했습니다 나중에 또 이용할게요,중립,긍정
엘리베이터가 없는 게 조금 아쉬웠지만 운동한다 생각하고 계단을 올랐습니다 방도 시설이 너무 깨끗하고 말끔하니 잘 되어 있어서 머무르기에 쾌적한 환경이었던 것 같습니다 다음에 또 이용할게요,중립,긍정
가격도 저렴하니 하루 묵고 갈 숙소로 괜찮은 것 같아요,긍정,중립
화장실도 예쁘고 넷플도 잘 돼요,중립,부정
일주일에 한 뻔 무조건 이용하는 곳,중립,부정
신시가지 방문할 때마다 오는 곳인데 제일 좋은 것 같아요 시설 서비스 위치 등등 딱히 모자란 게 없네요,중립,긍정
조용하고 깔끔하네요 중앙난방이라 그게 좀 아쉬웠어요 더운데 에어컨도 안되고 창문 열어도 시원하지가 않아서 화장실 문도 안 잠기고 문도 반만 열려서 화장실 왔다 갔다 하기 불편했어요,부정,중립
와이파이가 연결은 되는데 잘 안됐다 됐다 그러네요 다른 건 다 좋은데,중립,긍정
전주에서 처음으로 숙박해 보는데 객실은 나름 괜찮았습니다 다만 비누랑 헤어드라이기가 없었고 어댑터도 빠져있어서 불편했었습니다 비누도 없길래 밖에서 사 오고 썼습니다,부정,중립
일단 참대가 넓고 깨끗하면서 전 객실 금연 건물이라 담배 냄새도 안 났어요 옆방 소리가 조금 들리기는 하지만 그래도 대화할 수 있는 정도는 아니어서 괜찮았고요 층 로비는 넓고 쉴만한 곳도 있고 편했어요 그리고 객사랑 매우 가깝기 때문에 좋아요,중립,긍정
여기 항상 가는 숙소입니다 원래 인근에 식사할 장소도 많고 활기찬 동네인데 점점 상권이 축소되는 느낌입니다 하지만 비즈니스로 숙박하기에는 더할 나위 없이 좋은 장소입니다 굿,중립,긍정
터미널은 가까운데 벌레가,중립,부정
생각보다 방도 크고 좋았어요 침대에 전기장판 있어서 따듯해서 꿀잠 잤습니다 그리고 창문이 어두워서 시시 되도록 아침인 줄 몰랐네요 다음에 전주 놀러 오면 또 이용하고 싶어요,중립,긍정
주차장 찾기가 힘들었지만 새로 생긴 데라 깨끗하고 좋았네요 조식은 도시락으로 나와서 조금 아쉬웠어요 미리 공지되었으면 신청 안 했을 텐데 한옥마을에서도 멀지도 않고 잘 쉬다 갑니다,중립,긍정
전주역에서 내려오면 가까워서 접근이 편합니다 모텔 위아래로 거리에 식당도 많고 바로 앞에 편의점도 있어 편리합니다 객실이랑 화장실은 너무 좁지도 않고 깨끗하고 깔끔한 편입니다로 넷플릭스가 가능하고 유튜브 시청도 티브이 화면으로 가능합니다 컴퓨터로 게임도 가능하네요 롤 같은 국민게임은 여유 있게 돌아가고 옵션 낮추면 사양 필요한 게임도 할 수는 있겠네요 층 카페테리아에서는 식빵이랑 커피 등을 넉넉하게 제공합니다 간단히 때우기에 괜찮은 거 같습니다,긍정,중립
리뷰할 생각이 없어서 사진을 안 찍었는데 리뷰를 쓰게 됨 사진에서 본 것과 룸 사이즈는 비슷했다 그리고 신축이라서 그런지 룸 인테리어도 좋았으며 룸 컨디션도 굉장히 마음에 들었다 평소에 방 잡을 때 룸 컨디션하고 담배 냄새에 신경을 굉장히 많이 쓰는데 여긴 만족스러웠다 프런트 직원분도 친절했으며 대응도 빨라서 만족스러웠기에 리뷰를 쓴다 그리고 프런트 옆에 가면 조식으로 이것저것 있는데 상시 이용 가능하다 사장님 번창하세요,중립,긍정
넷플릭스만 있다고 나와있는데 티빙이랑 디즈니 다 있어서 정말 다행이었어요 왜 안 적어놓으셨나요 그리고 침대랑 이불이 너무 좋아요 물도 엄청 잘 나오고 따뜻한 물도 잘 나와서 완전 푹 쉬다 갑니다,중립,부정
가격은 진짜 저렴해요 근데 진짜 옛날식 숙소 대신 침대는 진짜 푹신,중립,부정
주차장이 일단 넓어서 아주 좋은 거 같아요 침대가 엄청 커서 둘이 누워도 여유 있어요 아주 좋은 거 같아요 있을 거 다 있고 근처에 편의점도 있고 불편한 거 없어요,중립,긍정
깨깟하고 좋아요 화장실이 방음이 조금 부족한 거 빼고는 늘 잘 이용하고 있습니다,부정,중립
시내 안에 있어서 편리했어요,긍정,부정
일단 시설이 깨끗하고 모던해서 정말 좋습니다 방안에 담배 냄새도 나지 않아서 참 조 터라고요 침대나 시트 화장실 방안의 청결도가 전 중요하다고 생각하는데 만족합니다 침대나 베개도 품질이 좋았습니다,중립,부정
오랜만에 방문했어요 지금까지 번 정도 방문한 거 같은데 예전에는 좋다고 생각했는데 이번에는 그럭저럭이었어요 같은 가격에 다른 곳을 갈 걸 그랬다 생각이 그래도 잘 쉬다 갑니다,중립,긍정
매번 제일 먼저 찾는 숙소 중 하나입니다 최고의 용 침대도 푹신 컴퓨터도 두 대랑 게임도 같이 할 수 있고 티브이랑 서비스 짱입니다,부정,중립
전주 호텔 히든 가격도 서비스도 다 만족입니다 방마다 색깔이 특히 맘에 드네요,부정,중립
깨끗합니다 숙박 대전 쿠폰 받아서 저렴하게 이용했어요,중립,긍정
다른 평들에서 숙소가 춥다 물이 안 나온다 더럽다 이런 이야기가 많아서 방문 당일까지도 숙소 예약취소해야 하나 고민했었는데 진짜 넓고 정말 좋았어요 뜨거운 물도 잘 나오고 방도 따뜻했고 더럽지도 않았어요 아쉬운 점 굳이 하나 뽑자면 고데기가 없다는 점 다 만족했습니다,중립,부정
온수가 너무 늦게 나와요 수압도 낮아요,부정,중립
특이한 콘셉트의 숙소네요,부정,중립
침대 두 개 방도 넓고 남편이랑 아주 편하게 쉬었네요 한옥마을까지는 걸어서 분 정도 걸려 요 맛집도 많던데 코로나라 가지는 못하고 호텔 근처 가득이란 스시집에서 포장해왔는데 만족 입실은 시이고 그전에 입실할 수 있는데 시간당 만 원이래요 주차는 미리 가능하다 해서 세워놓고 구경하고 왔습니다,중립,긍정
시간도 넉넉하고 괜찮게 이용하고 왔어요 터미널 근처에선 다들 만족하실 만큼의 깨끗함이고 난방이 너무 잘 돼서 잘 때 더웠어요,긍정,중립
이른 시간에 입실해서 대실 시간도 길었고 모든 면에서 만족스러웠습니다 정말 푹 쉬다 갑니다,중립,긍정
객실 컨디션 굿 화장실 청소 굿 일회용품 덜 쓰기 운동 중이라고 자세히 설명해 주시며 필요한 물품 챙겨주신 프런트 이 모 식당 소개도 시켜주시고 얼음을 부덕했더니 챙겨주셨어요 고마워서 커피 사 다렸어요,중립,부정
잘 이용했네요 박하고 담 일정이 길어져서 대실 시간 이용,중립,부정
꾸준히 이용하는 곳입니다 꾸준히 이용하는 이유가 있겠죠,중립,부정
숙소는 역시 브라운 도트죠 다음에도 무조건 이용합니다,중립,긍정
그럭저럭 근처 음식점 방문 때문에 숙박하였으나 재방문은 없을 거 같아요 화장실 욕조 배수구가 밑에까지 뚫려 작은 나방 같은 벌레가 많았어요 최대한 빨리 고치셔야 할 거 같습니다 평수는 넓어서 그건 좋았어요,중립,긍정
전주 놀러 와서 방문하게 된 곳 숙소가 매우 청결 주차장 지상 지하 여유 많음 헬스장 시 무료 이용 가능 기구는 러닝머신이랑 사이클 두 대씩 정도 시 세탁실 조식 종류 많고 맛도 와이파이 가능 티브이는 스마트티브이가 아니라서 핸드폰 연동 불가 지상파 정도 가능 한옥마을까지는 걸어가기 애매한 거리 택시 잘 잡혀요 주변 인프라 먹거리는 아쉽지만 요즘 배달 잘 되고요 택시 타고 기본요금 거리 정도에 먹거리 인프라가 좋지만 전주에서 이만한 숙소는 없습니다 직원분들 너무 친절하시고 잘 쉬다 갑니다,중립,긍정
룸이 아담하기는 하였지만 그래도 쉬기 딱 적당했습니다 일단 룸이나 화장실 청결 상태 좋았고요 인테리어도 전반적으로 심플해서 좋았습니다 바닥이 타일이고 온돌같이 따스해서 더 좋았던 것 같습니다 그리고 청결 상태가 좋아서 그런지 묵은 냄새 혹은 담배 냄새와 같은 불쾌한 냄새가 아닌 깔끔한 향기가 나서 맘에 들었습니다 다음에도 기회가 되면 이용해 보겠습니다,중립,긍정
그다지 침대도 별로고 안 좋아요,중립,긍정
너무 친절하시고 도 깨끗해서 사용에 불편함 없이 잘 머물렀습니다,중립,긍정
객실은 그냥 생각했던 정도 싱크대가 굳이 왜 있지 했는 데 있어서 편했습니다 한옥마을에서 가까운 듯 먼 듯 먼 듯 가까운 듯 어디를 가느냐에 따라 조금 달라질 듯함 프런트 여직원들은 표정이 없고 무뚝뚝 그렇다고 불친절은 아니지만 대체적으로 만족합니다 그러나 재방문 의사는 미만 이유는 위치 가격 시설 친절도 전부 애매함 특출난 한 가지가 없어서 망설여지는 곳,긍정,중립
입실시간도 빠르고 스타일러에 안 마의사까지 너무 푹 쉬다 왔어요 티브이가 커서 좋았어요 다만 연식 땜에 담배 냄새나는 건 어쩔 수 없고 에어컨이 막 시원하지 않은 거 그래도 선풍기도 있고 불편한 거 없이 착한 가격에 잘 쉬다 왔네요,부정,중립
화장실 문도 깔끔하고 청결해서 좋았어요 벽지도 깔끔하니 이뻤고요 다만 들어가자마자 담배 냄새가 많이 나서 이불에도 담배 냄새가 배어있어서 좀 힘들었습니다 지난번에 왔을 땐 환기시키면 괜찮아지던데 이번은 이것만 아니면 계속 오고 싶어요,부정,중립
건물은 오래되었지만 내부 청결상태가 양호하며 직원 친절해서 다시 숙박하고픈 숙소입니다,부정,중립
전주에 출장이 잡혔는데 늦게 도착하기도 했고 저녁에 술 약속도 잡힌 터라 잠만 자고 바로 나갈 생각에 근처에서 최저가로 잡았습니다 가격도 가격이지만 최우선 청결하지 않으면 안 갈 생각으로 잡았는데 정확히 말씀드리자면 시설이 오래되고 살짝 오래된 향이 나긴 하지만 그건 시설이 오래돼서라 생각 드는 게 이불이 굉장히 깨끗했고 바닥청소도 먼지 한 톨 없이 잘하셨습니다 게다가 침대가 넓고 탄탄해서 허리도 안 아프고 꿀잠 잤습니다 여기는 늦게 왔을 때 잠자기로 가성비가 정말 좋습니다,중립,부정
오랜만에 이 숙소에서 머물다 갔네요 하지만 예전 그대로 내요 비품들 시설들 하지만 이 가곅에 만족합니다 시즌 때라 주변 시세가 많이 비싸서 그전 머물던 곳도 방이 없어서 하루 머물기엔 나쁘지는 않습니다 단지 주차장 적어서 그건 불편해요,부정,중립
편안하게 잘 쉬다가 나갑니다 방이 깨끗하고 편의점도 맞은편에 바로 있고 주변 편의시설도 마음에 들어요 특히 객실 안 인테리어는 숙면에 편안한 상태로 만들어 주네요 넷플릭스도 잘 나오고 있지만 화장실 청결 상태는 좀 아쉽습니다 타일 거품 자국 그대로 음료수도 로비에서 가져올 수 있고 침대도 크고 시트도 청결합니다 티브이도 괜찮아서 쾌적한 상태를 유지할 수 있습니다 다만 방음은 잘 안 되는 편이라 복도에서 목소리는 들리지만 방 안에서 다른 방 소리는 괜찮았습니다 엘리베이터나 카운터도 깔끔합니다,부정,중립
자주 가는 곳인데 오늘 방을 이용하고 있는데 다른 투숙객에게 같은 방 키를 건네서 해당 방을 이용 중에 문을 열어서 몹시 당황을 했고 상황 설명을 직접 들으러 갔을 때 다른 투숙객에게는 사과를 했는데 카운터 직원분이 빠지셔서라고 변명부터 하시는 사장님과 그제야 사과하시는 모습에 실망했습니다 이런 일이 있으면 바로 연락을 주시거나 노크를 하셔서 먼저 오셔서 사과를 주셔야 하지 않나 생각이 듭니다 다음부터는 주의해 주셨으면 좋겠습니다,부정,중립
여기 일단 룸 청소도 깨끗하고 시설도 잘 정비되어 있어 좋습니다 물도 잘 냉장고에 넣어져 있고요 타월도 수납함에 깨끗하게 보관되어 있네요 근데 큰 수건도 있었으면 합니다 편하게 잘 쉬었다 갑니다,중립,긍정
조식으로 나오는 떡라면은 너무너무 맛있어요 떡도 많이 들어있고 김치도 맛있어요 우유랑 주스도 있어서 골라 마실 수 있습니다 강추합니다 퇴실 시간도 길어요,중립,부정
출장으로 이용했습니다 출장을 상당히 많이 다 너는데 항상 가던 곳만 이용하는데 요기는 처음 이용했습니다 방 창문이 커 환기 자체가 잘 돼서 쾌적하게 이용했습니다 청소도 잘 되어있었네요 미흡한 점이 있긴 하네요 티브이도 크고 넷플릭스 이용할 수 있어서 좋았습니다 주차장도 넓어서 주차하는 데 크게 어려움 없는 것 같아요 주변에 식당도 꽤 있는 것 같아 저녁 먹기 편리합니다 방도 크고 침대도 편안해서 잘 잔듯합니다 전기장판도 있네요 다만 다른 곳보다 난방이 약한지 살짝 추웠어요 다시 방문 의사 있어요,중립,긍정
번째 방문 조식 도시락 생각보다 맛남,부정,중립
애들 데리고 전주에 좋은 추억 남기고 갑니다 주변에 먹거리가 많아서 애들도 아빠도 좋아하더라고요 아들내미 딸 데리고 놀러 다니는 거 힘들었는데 침대 세 개 있는 방 싸게 잘 이용한 것 같네요,중립,긍정
객실 청결 및 컴퓨터 마우스 문제가 있었으며 화장실 문도 안 닫힌 거 빼곤 방도 따뜻하고 입실 및 퇴실 시간 길어서 좋았어요,중립,부정
가성비적으로 나쁘지 않았습니다,중립,긍정
주차장 칸도 넓고 엘리베이터도 깔끔하고 좋았어요 그런데 수건에서 냄새가 좀 나고 화장실에서 담배 냄새가 올라와서 힘들었어요 물론 손님이 객실에서 몰래 담배를 피우는 게 호텔 측 잘못은 아니지만 흡연에 대해서 더 강하게 규제를 해줬으면 합니다 또 객실에 모기가 있어서 밤새 물어 뜯겼어요 위치 주차 가성비로는 정말 좋았어요 룸 컨디션만 더 신경 써준다면 좋겠어요,중립,긍정
깔끔하고 무난해요,중립,긍정
차가 너무 밀려서 새벽 시가 다 되어서야 도착해서 직원분께 너무 죄송했어요 전화드리니까 늦게 오셔도 괜찮다고 친절하게 대해주셔서 감사했습니다 들어갔는데 커튼이 없어서 당황했는데 창문이 암막 커튼 역할이더라고요 아침인데 아직도 밤인 줄 알았다네요 저렴한 가격에 욕조도 있어가지고 상당히 만족스러웠습니다 근데 컴퓨터가 네이버나 이런 것도 안 들어가지고 지원이 거의 종료된 인터넷 익스플로어 쓰고 계셔서 제약이 좀 있네요 크롬이나 파이어폭스 설치해 주시면 컴 사용하기에 좀 더 편할 것 같아요,중립,긍정
다른 선택지가 없어서 여기를 처음 이용해 보게 되었는데 인테리어는 그렇다 쳐도 에어컨이 좀 오래된 기종처럼 보여서 깨끗하기만 하면 틀어야지 하고 열어봤는데 도저히 저걸 보고 틀 수가 없었어요 그래서 에어컨을 안 틀고 있다 보니 너무 더워서 한 시간만 머물다가 나왔습니다 에어컨만이라도 청결하게 해주셨으면 해요,부정,중립
중화산동에 무한대실을 할 수 있는 곳이 없었는데 평일 무한대실울 할 수 있는 곳이 생겨서 너무 좋아요,긍정,중립
매번 쾌적하게 잘 이용하고 갑니다,긍정,중립
깨끗하고 무엇보다 이뿝니다 여러 지역 다니면서 묶었던 숙소 중에 기억에 많이 남을 것 같아요 손잡이들 의자들 알록달록 너무 이쁘고 새하얀 침대도 티브이 화장실 모두 다 좋았습니다 만 원 더 내구 큰 창문 할걸 싶은 생각 들어 카운터 전화도 했는데 전화연결이 안돼서 못했네요 다음번 전주 방문하면 그때도 주저 없이 숙박하려고요 잘 쉬었습니다,중립,긍정
인테리어는 너무 예뻤는데 방안에 거미줄이 있었어요,중립,긍정
들어가자마자 이상한 냄새가 났긴 했지만 깨끗하고 친절하십니다,긍정,중립
진짜 너무 잘 쉬다가 갑니다 피곤에 찌들어서 선택한 곳이었는데 만족스럽게 잘 쉬었어요 침대랑 이불도 깨끗하고 좋아서 아침까지 한 번도 안 깨고 잠도 푹 잘 잤어요 한 번도 안 깨고 깊게 잠든게 얼마만인지 어두침침한 조명이 아니라 환한 조명이라서 더 좋더라고요 입실하면 무선 주전자 상태 꼭 보는데 물 고여있는거 없이 내부도 깨끗했어요 층에 물 음료수랑 간단한 간식있어서 토스트랑 커피 야무지게 챙겨먹고 나왔어요 냉장고에 우유도 있으니까 라떼 만들어 먹어도 될 듯해요 저는 집 떠나면 식사 챙기는게 항상 고민이거든요 먹는건 그냥 배만 채우면 된다고 생각해서배달음식 좋아하지도 않고요 그런면에서 간단히 식사할수 있어서 너무 좋았어요 욕실도 물때 없이 깨끗하고 따뜻한 물 강한 수압 등등 나무랄데 없었습니다 시 정각에 입실했는데 방도 이미 충분히 따뜻했어요 대리석 바닥이 따땃해네여 밤에는 덥다고 느낄 정도로 난방 빵빵하게 돌아가서 전기매트는 끄고 잤어요 창문 좀 열어야되나 싶을 정도였네요 대리석 바닥에 먼지 도 없어서 비염도 안 터졌어요 제가 프로비염러거든요 아침에 일어날때 항상 콧물 한 바가지 쏟는데 진짜 여긴 콧물도 안 났어요 신기하네여사장님 친절하시고 요청사항도 잘 들어주셨어요 여기저기 보수 공사하느라 많이 바쁘신거 같더라구요 층 로비도 수리하시면서 전기 벽난로도 만드시는거 같았어요 다음에 또 오겠습니다 정말 너무 잘 쉬다가 갑니다,중립,긍정
월일 여기 어때를 통해 전주 화이트 호텔에 숙박 예약을 했습니다 전주에 몇 달 만에 왔는데 엘리베이터 새것으로 리모델링을 했네요 아주 좋습니다 객실 내 청소는 아주 깨끗하고 좋았습니다 다만 화장실 변기커버와 변기 사이즈가 맞질 않아 큰일 보기가 좀 난감했습니다 호에 숙박하였는데 샤워기 수압도 좀 약했고요 하지만 대체적으로 숙박하는데 불편함은 없었습니다 그리고 아침 조식을 무료로 주는데 감동 감동입니다 샌드위치와 떡라면 중 골라 먹을 수 있는데 전 떡라면 너무 맛있었어요 다음에도 전주 출장 오면 역시 화이트 호텔은 필수입니다,중립,긍정
욕실도 깨끗하고 스타일러 드라이기 고데기 객실 어메니티는 다 있어 편리했어요 객실 내 흡연은 금지인데 자는 내내 담배 냄새가 나서 예민하신 분은 참고하시고 가운은 땀내가 조금 냄새가 나서 별 하나 뺐는데 그거 외에는 추천해요 직원분도 친절해요 업그레이드해줘서 좋았는데 주차 못해서 근처에 했는데 발레파킹해주시더라고요 몰라가지고 주차하는데 애먹었어요,긍정,부정
급하게 잡은 숙소인데 일단 방이 너무 추웠어요 공기가 차서 너무 썰렁했음,중립,부정
저 아직 가지 보지 않았지만 커플 컴퓨터 사양 좀 알 수 있나요 컴퓨터 좋으면 은근 가는 사람들이 많아서 저처럼,중립,긍정
깔끔하고 좋았어요 다만 화장실 여닫이문은 수리 좀 해야 할듯싶어요 열고 닫기가 불편해요,중립,부정
전주 장기 출장 중이어서 전주 시내 여러 숙소를 이용 중인데 라베 호텔이 깨끗하고 시설이 좋은 것 같습니다 주차장이 좁은 게 아쉽지만 사장님께서 친절하게 안내해 주셔서 어려움 없이 이용 가능했습니다 리뷰가 높은 이유가 있네요 화장실 침구 등 객실 청결 전혀 문제없었고 방음 빵 온도 등도 전혀 문제없어 잘 쉬었다 갑니다 다음 주에도 출장 예정인데 다시 이용할 생각입니다 샴푸린스 보디워시도 일회용이어서 더 위생적으로 느껴졌습니다,중립,긍정
월일 월요일 급히 전주에 가게 됐습니다 성남에서 급히 출발하다 보니 숙소 예약도 못했는데 전주 나와서 신호 대기 시 여기 어때 앱을 통해 예약을 했습니다 전주에 오면 숙소는 역시 화이트 호텔이죠 객실 깨끗하고 넓고 일회용품 넉넉히 비치되어 있고 에어컨 팡팡 사향 좋고 침구류 깨끗하며 다만 샤워기 수압이 조금 약했습니다 그렇다고 불편할 정도는 아니었어요 그리고 숙소 부근 인프라 좋고요 머니 머니 해도 아침 무료 조식 아트입니다 편히 잘 묵고 갑니다 고맙습니다,중립,긍정
전주 로데오거리 내에 있어 한옥마을과도 멀지 않았고 먹을 곳 놀 곳들을 쉽게 이용할 수 있어요,부정,중립
들어갈 때 퀴퀴한 냄새가 살짝 나기는 하지만 금방 냄새가 빠져서 괜찮아요 청결해서 마음에 들어요,부정,중립
뭔가 독특한 느낌을 많이 받았습니다 새로 오픈한 곳 같은데 복고풍 콘셉트가 재미있네요 옛날 새삥느낌 침구류도 폭신하고 화장실 깨끗한 게 가장 맘에 들었습니다 잘 쉬다 갑니다,중립,부정
전주에 출장이 있어서 어떤 숙소가 좋을지 찾다가 선택한 숙소입니다 우선 주차장이 크고 입실이 오전 시 퇴실이 오후 시로 시간을 활용하기 좋으며 상대적으로 저렴한 가격으로 이용할 수 있었습니다 방이 큰 편은 아니지만 혼자 있기에는 충분했습니다 화장실은 크고 깨끗했으며 샤워기 수압 또한 나쁘지 않았습니다 저는 배달로 저녁을 먹었지만 주변으로 식당이 있어서 선택의 폭이 넓습니다 넷플릭스를 포함한 대부분의 시청이 가능해서 심심하지 않고 좋았습니다 전반적으로 좋은 숙소라고 생각되며 다음에 출장이 있으면 다시 사용할 생각은 있습니다,중립,긍정
대실 시간도 길고 넷플릭스 티빙 디즈니 플러스 등 여러 가지 프로그램이 되는 곳이라 잘 애용하고 있어요 원래 결제했던 방 보다 한 단계 업그레이드해 주셔서 큰 방에서 편안하게 쉴 수 있었습니다 약간 단점이었다면 모텔 밖에서 너무 큰 노랫소리가 났다는 거랑 화장실은 보일러 작동이 안 되는지 너무 추웠어요 이 두 가지 빼고는 정말 좋았습니다 자주 애용하는 곳이라 믿음도 가고 항상 갈 때마다 편안하고 좋습니다 다음번에 또 이용하러 올게요,긍정,중립
원 하루 숙박 완료,중립,긍정
정말 깨끗한 것 같아요 사진 그대로여서 매우 맘에 들고요 다음에도 들리면 여기로 들릴 생각이에요,중립,긍정
쾌적하고 매우 만족입니다,긍정,중립
전주 가족여행 와서 이용 중이에요 오픈한 지 얼마 안 돼서 시설 청결 너무 좋아요 따뜻하고 쾌적합니다 에어 드레서 있어서 사용해 봤어요 화장실 문이 불투명 창이었으면 하는 개인적인 의견입니다,중립,긍정
담에 또 올게요 신경 좀 더 써주세요,부정,중립
수건도 많고 침대도 푹신해요 물 온도가 잘 안 맞고 이불에 먼지가 많아요 그것 말고는 다 좋았어요,부정,중립
주말이라 바빠서 그러셨는지 분 기다려달라고 하셔서 이해하고 기다렸고 분 뒤에 객실 키 받았어요 욕조 있는 방으로 예약했는데 욕조 없는 방 주시면서 괜찮냐고 하셔서 또 이해하고 넘어갔는데 퇴실 시간에 대해서 다음 타임 일하시는 분과 인수인계도 잘 안 돼있고 좀 실망이었습니다 자주 이용하는 곳인데 그래도 불만이었던 부분에서 사과 잘해주시고 다음번에 이용하시면 더 신경 써드리겠다고 대응을 잘해주셔서 괜찮았습니다,부정,중립
사진과 똑같아요 객실에 욕조도 깨끗하게 비치되어 있고 화장실이랑 샤워실도 따로 있어서 넘넘 좋아요 침구를 재사용 없이 청결하게 관리하신다던데 청결도 도 너무 만족스럽습니다 신시가지 갈 때마다 여기만 가려고요 하나 아쉬운 점은 베개가 너무 높아요 낮은 베개를 하나 추가해 주시면 좋을 거 같아요 그리고 티브이 인치가 정말 커서 티브이 보는 맛이 체고에요 방 난방도 정말 정말 따뜻하고 온수도 전기매트도 잘 작동해서 추운 기 없이 잘 있었습니다,중립,긍정
괜찮습니다 굿굿굿 굿굿굿 굿굿굿 굿굿굿 굿굿굿 굿굿굿 굿굿굿 굿굿굿 굿굿굿 굿굿굿 굿굿굿 굿굿굿 굿굿굿 굿굿굿 굿굿굿 굿굿굿 굿굿굿 굿굿굿 굿굿굿 굿굿굿 굿굿굿 굿굿굿 굿굿굿 굿굿굿 굿굿굿,긍정,중립
웰컴 드링크는 커피만 됩니다,긍정,중립
라베 호텔에서 푹 쉬다 갑니다 침구류도 정말 정말 푹신하고 쾌적하더라고요 물도 매일 세 병씩 채워주고 비즈니스호텔로 묵기에 적당했어요 매일 제공되는 조식도 든든했고요 재방문 의사입니다,긍정,중립
새로 생긴 신축이라서 기대하고 갔는데 방은 아담하고 좋았는데 서비스가 별로네요 수건이 배치다 안 돼있어서 전화로 분 의했는데 죄송하다 미안하다는 말 한마디 없으시고 물론 아직 처음이라 깜빡하셨을 수도 있는데 보통 이럴 땐 죄송하다고 하지 않나요 그리고 탁자 뒤쪽을 우연하게 보게 되었는데 세면도구 담아놓은 전에 썼던 봉투들 너랑 쓰레기가 있더라고요 객실 쓰는 입장에서 청소 상태도 좀 별로 고암 튼 그런 부분까지 신경 써주시면 좋을 거 같아요 감사합니다,중립,부정
직원분 친절하고 방 내부 깔끔합니다 화장실 타일이 하나 깨져있더라고요 근데 제 방만 그런 건지 모르겠는데 외부 소음 방음이 잘 안되더라고요 제가 예민한 건지 모르겠는데 도로에 차 지나갈 때마다 그 소음 때문에 잠을 조금 설쳤습니다 그래도 잘 쉬었습니다,부정,중립
화장실 문은 좀 다른 걸로 교체 요망합니다 나머지는 다 좋았어요,중립,긍정
이불이 푹신하고 좋은데 겨울이라 차가워요,긍정,중립
저렴한 가격에 정말 편하게 머무르고 재밌게 놀다 갑니다 프런트에 계신 직원분이 너무 친절해서 좋고요 다른 모텔들은 담배 냄새가 너무 심하게 나는데 여기는 담배 냄새가 심하지 않아서 좋았어요 침대도 푹신푹신해서 잠이 솔솔 오는 게 아주 맘에 들었고요 화장실 청결 상태도 나쁘지 않았습니다 다음에 또 모텔을 예약할 기회가 생긴다면 고민하지 않고 여기를 고를 것 같네요 간단한 간식비가 있는 것도 정말 맘에 들었습니다 혹시 이 모텔을 고민 중이시라면 여기로 하세요 만족하고 갑니다,중립,부정
되는 게 없음 티브이도 안되고 와이파이도 안되고 리모컨도 안돼요 되는 게 하나도 없음 불평만 하다 옴,부정,중립
항상 깔끔해서 자주 이용합니다 만족해요 냉동실이 있긴 한데 성애로 가득 차서 넣을 수 없었지만 날씨가 추워 창문 밖에 내놔서 괜찮았네요,긍정,중립
가격 대비 좋았는데 아쉬운 점은 담배 냄새가 나고 화장실에 담배제가 떨어져 있었어요,부정,중립
아이스크림 골라 먹을 수 있어서 좋고 냉장고 안에 음료수도 종류가 개가 있어요,긍정,중립
일단 너무 청결해요 저는 담배 냄새에 엄청 예만 한편인데 담배 냄새 하나도 안 나요 보시다시피 욕실도 깨끗 한번 가고 맘에 들어서 여기만 고집하게 되네요 또 좋은 점이 여긴 음식을 시키면 문 앞까지 가져다줘요 여기 김치 가락국수 최고요,부정,중립
청소상태가 아주 꼼꼼하게 잘 되어 있었습니다 담배 냄새나거나 특유의 모텔 냄새도 거의 나질 않았습니다 컴퓨터는에 그리고 모니터여서 배그 하는데 아주 좋았네요 티브이가 커서 컴퓨터로 영화 보고 유튜브 보는데 만족스러웠습니다 침대는 적당히 쿠션감 있어서 허리 아프지 않게 잠 잘 잤고 다음날 일어나서도 어디 배기거나 하지 않았습니다 물도 넉넉히 병 있고 식혜 청포도 음료가 있으며 물은 원하면 추가로 가져다 마실 수 있었습니다 출장 와서 지내기엔 괜찮았네요 이런 컨디션 유지되면 다음에도 다시 이용할 것 같습니다,중립,부정
너무 좋았어요 지금까지 간 모텔 중에서 손가락 안에 들어갈 거 같아요 사장님도 너무 친절하시고 화장실도 구별되어 있어서 너무 좋았습니다 다만 아쉬운 점은 티브이 틀고 컴퓨터같이 키면 렉이 좀 심한 거 같아요 연결되어 있어서 그런가 어쩔 수 없지만 티브이 끄고 게임하면 렉 안 걸리고 잘 했습니다 감사합니다,중립,긍정
잘 쉬다 갑니다 깨끗하고 전체적으로 시설이 매우 맘에 드네요,긍정,중립
시설 서비스 청결합니다,중립,긍정
방 상태도 깔끔하고 시설들도 깨끗하고 좋았어요 방 안에 티브이랑 가전제품들도 다 최신식으로 잘 되어 있고 잘 작동했습니다 건물 전체적으로도 냄새도 안 나고 쾌적했고 청소가 잘 되어 있었어요 다음에 또 이용하고 싶습니다 잘 자고 갑니다,중립,긍정
방마다 차이가 있습니다 이번방은 넷플 유튜브 안되네요,부정,중립
잠시 쉬었다 갔는데 깔끔하고 수압도 좋고 변기 물도 잘 내려가고 하지만 담배 냄새가 안 빠져서 냄새 때문에 고생 좀 했네요 냄새에 민감하신 분들은 참고하시는 게 나을 거 같습니다 침대의 푹신함은 좋았습니다,부정,중립
재방문의 사 있어요 이날 갑자기 추워진 날씨 때문에 걱정했는데 방바닥 뜨끈뜨끈해서 완전 꿀잠 잤습니다 엄마랑 같이 가서 잤는데 엄마도 저도 완전히 만족한 숙소였어요 화장실 수압 도세고 물도 잘 내려가고 모든 것이 완벽 아 거기다가 엄청 저렴해서 가성비도 짱,중립,부정
티브이는 크고 좋았는데 욕실 바닥이 미끄러워서 위험,긍정,중립
가족여행으로 지내는데 부족함 없었어요 저희 말고도 가족분들 여러 팀 봤고요 전체 금연이라 아이들과 지내기 괜찮고 따뜻했고 뜨거운 물 잘 나왔어요 아들이 버즈 놓고 왔는데 전화 와서 택배로 보내주셨고 궁금한 점 문의하면 세세하게 가르쳐 주었습니다,중립,긍정
직원분도 친절하시고 엘리베이터가 있어서 편했어요 객실 컨디션은 청결했고 혼자 쓰기에도 넓어서 답답하지 않은 느낌이 가장 좋았습니다 특히 테이블과 의자가 있어서 음식을 먹기에 편했고 실내화가 있어서 잘 이용했습니다 다만 어디선가 나는 모를 냄새가 조금 힘들었어요 박 했는데 저녁부터 살살 났었고 아침에 특히 심했어요 이 부분이 제일 아쉬웠습니다 박 정도는 재이용 할 생각 있습니다,중립,긍정
샤워기 고장하고 수압이 약하나 침대가 좋고 타월도 많고 좋아요,중립,부정
호 객실 점검이 시급해 보여요 에어컨도 가스가 없는 건지 하나도 시원하지 않았고요 변기수 압도 약해서 화장실 이용이 너무 불편했어요 늘 항상 최고였는데 이번에는 좀 실망이 개선해 주세요,부정,중립
청소상태 완전 머리카락 잇고 수건은 락스 냄새인가 냄새나서 두 개씩 썼네요 카운터 아저씨는 노인 일자리인지 사장인지 모르겠지만 친절했으면 좋겠네요,중립,부정
청소도 잘 되어있고 침구도 정리 잘 되어있고 깨끗해요 욕실도 깨끗하고 수압이 셉니다 변기 청소도 잘 되어있네요 컴퓨터는 고 사양이네요 게임들이 무리 없이 잘 돌아가네요 카운터 사모님 친절하세요,중립,긍정
시설 청결서비스 모두 만족합니다 전주 신시가지 시내에 위치한 숙소로 음식 배달이나 편의점 이용하기에 불편함 없었습니다 로비에서 아이스커피를 즐길 수 있어 좋고요 주차장도 넓어서 주차하기에 문제없었습니다,중립,긍정
진짜 찐 조식 필수이며 사장님 친절하고 뜨끈하게 지지면서 잘 수 있는 완벽 그 자체입니다,중립,긍정
대실 이용했는데 카운터 친절하시고 방 깨끗해서 잘 쉬고 갔습니다 좀 특별한 점은 베란다가 있어서 나가서 앉을 수도 있게 해놨더라고요 이용하지는 않았지만 날씨 안 추우면 밖에서 맥주랑 과자 먹으며 이야기할 수 있을 것 같았기도 했습니다,중립,긍정
도보 특가로 이용했습니다 우선 카운터에 계신 분께서 친절하셨고 덕분에 기분 좋게 이용할 수 있었어요 저희가 쓰던 방에는 옷 클리너 와 안마 의자가 있었어요 안마 의자는 뒤에 있는 전원을 키고 리모컨으로 이용 가능했습니다 넷플릭스와 유튜브 둘 다 이용 가능하며 저희가 들어왔을 땐 로그인이 안 되어 있어 넷플은 이용 못했어요 욕실에는 욕조는 없었고 대신 해바라기 샤워기 코브라 샤워기같이 있는 샤워공간이 있었습니다 수압이랑 온도는 괜찮았어요 세면대 물 빠지는 속도가 좀 느리긴 했지만 그 부분 빼고 전부 가격 대비 시설이 굉장히 괜찮았습니다,중립,부정
전체적으로 시설이 깨끗했다고 생각합니다 또한 숙박객 흡연 단속을 철저하게 하는지 어디에서도 담배 냄새는 나지 않더라고요 모든 방에 있는지는 모르겠지만 제가 묵었던 곳은 스타일러도 있어서 더 좋았고 판이 있는 숙소는 처음 보는 것 같아요 주차는 발레파킹을 해주시기도 했습니다 층에서 물이나 음료수를 마음껏 마실 수 있었던 것도 매우 좋았던 점 중에 하나였던 것 같아요 이만한 시설과 인테리어 청결한 숙소에 이 가격이면 돈이 전혀 아깝지 않다고 생각합니다,긍정,중립
넷플릭스 이용하실 분은 예약 시 꼭 문의하세요 넷플릭스 되는 방이 따로 있는듯싶어요 요즘 넷플릭스는 다 되는 뎅,중립,부정
처음에 샤워실과 화장실이 분리되어 있어서 당황했는데 막상 사용해 보니 좋은 것 같네요 샤워실은 욕조는 충분히 커서 좋았는데 간단히 샤워할 공간은 상대적으로 좁은 느낌입니다 청소상태는 실내에서 담배 냄새도 안 나고 매우 좋았습니다,중립,긍정
조기 입실의 친절에 감사드렸는데 불쾌한 일이 있었네요 사과는 하셨지만 이젠 고객의 프라이버시에 더욱 조심하시리라 믿네요,부정,중립
가격 대비 가성비인 거 같습니다 난방이 잘되고 온수도 잘 나왔습니다 아쉬운 점이 있다면 치약이 없었고 먼지가 좀 있어 숙소 안 공기가 좀 탁한 거 같았습니다,부정,중립
위치 좋고 전화했을 때나 로비에 계신 분이나 정말 친절하시고 저렴했지만 녹슨 샤워기랑 화장실 손잡이 손도 못 댈 정도라 그냥 문 열고 씻었어요 숙소 상태가 이런 건 태어나서 처음 뭐 묻어있는 침대 시트 벌레는 없었지만 청결이 꽝이라서 다음엔 안 갈 것 같아요,부정,중립
레트로 감성 마치 연대를 연상케 함 시설은 엄청 오래됨 청결도 진짜 잠만 자고 가기에 충분,중립,부정
편히 쉬다 갑니다 뜨거운 물도 잘 나오고 에어컨 선풍기 있어서 좋았어요 오늘도 자러 가야 돼서 예약 전에 리뷰 올립니다 장판 없는 푹신한 침대는 없으려나요,중립,긍정
룸 컨디션 좋고 화장실도 넓고 깨끗해요 거기다가 저는 개인적으로 아주 뜨거운 물에 샤워하는 걸 좋아하는데 물이 아주 엄청나게 뜨겁게 나오더라고요 침대도 넓고 깨끗하고 합리적인 가격에 스타일러라든지 부대시설도 구비가 잘 돼 있어서 좋았습니다 다만 객실 온도 조절하는 게 어디 있는지 안 보이더라고요 방 온도가 들어갔을 때부터 춥진 않았는데 더 올리고 싶었는데 찾질 못해서 이불 덮고 자긴 했는데 조금 아쉬웠습니다 추가적으로 컴퓨터 하려고 했는데 자꾸 다운 돼가지고 못했어요,중립,긍정
여자 명에서 갔는데 넓고 쾌적하게 이용하고 왔어요 에어컨도 층 침대 있는 방까지 두 대 있고 티브이도 크고 에어 드레서도 있어서 알차게 이용했습니다 층침대는 아늑해서 진짜 꿀잠 잤어요 또 가고 싶은 숙소에요,부정,중립
전반적으로 깨끗하고 방이 넓어요 넷플릭스 나와서 잘 보고 나왔습니다 중문이 있어서 소음이 적었고 화장실도 넓고 스타일러가 있어서 좋았습니다 방이 많이 건조해서 그 부분이 좀 힘들었어요 겨울엔 좀 힘들 것 같아요 일단 대체적으로 좋았습니다 스낵바는 로비에 트여있어서 사용할 때 좀 눈치 보이는 부분이 있어요,중립,긍정
찾기 쉽고 주차장 넓고 사장님 친절하시고 방도 깨끗하고 넓고 주변 식당 편의점 많고 바로 앞 공영주차장도 있고 한데 청방에 배정받아서 그런지 창문 열면 벌레가 계속 들어오고 연발해도 청도 안 해주십니다 로비에 라면 먹을 수 있게 식탁 냉장고 다 있지만 통창이라 주변 다 보이고 주차장 앞이고 로비에 직원분이 계셔서 먹는데 계속 눈치 보여요,중립,긍정
객사 안에 위치하고 있어서 위치는 매우 좋아요 주변에 편의점도 많고 이용할 수 있는 것들도 많아서 좋습니다 객실 상태도 나쁘지는 않았는데 에어컨이 좀 지저분했어요 거미줄이 있어서 쓰는데 좀 그랬습니다는 다양하게 볼 수 있어서 좋았어요 개인 로그인 필요합니다 객사 안에 위치하고 있어서 위치는 매우 좋아요 주변에 편의점도 많고 이용할 수 있는 것들도 많아서 좋습니다 객실 상태도 나쁘지는 않았는데 에어컨이 좀 지저분했어요 거미줄이 있어서 쓰는데 좀 그랬습니다는 다양하게 볼 수 있어서 좋았어요 개인 로그인 필요합니다,중립,긍정
방이 생각보다 작지만 포근하고 잘 쉴 수 있었습니다 중문이 있는데 복도나 옆 객실 방음이 아쉽습니다 티브이가 정말 크고 욕실 구조가 특이합니다 난방도 잘되고 좋습니다 사장님도 친절하시네요,중립,긍정
주차장이 개라 주차하기가 편합니다 층 로비에 토스트 음료수 커피 과자 등이 있어 언제나 먹으면 되고요 객실은 방마다 약간의 차이 단가 차이는 있지만 전체적으로 깨끗하고 비품도 잘 준비되어 있습니다,중립,긍정
전주역에서 내려오면 금방인 가까운 위치입니다 위아래로 식당가도 있고 편의점도 붙어있어서 뭐든 먹을 때 편리합니다 층 카페테리아에는 식빵 커피 사탕 등 간단히 먹을 수 있는 것들이 제공됩니다 객실은 적당한 크기의 공간에 화장실도 답답하지 않은 크기로 붙어있습니다 티브이로는 유튜브 시청이 가능하기로 되는데 넷플릭스 등을 이용할 수 있는 게 많네요 컴퓨터는 기본방부터 이용 가능한데 롤 등 국민게임이 원활히 돌아가는듯합니다 숙박 시 입태실 시간이 입실 시 퇴실 시로 굉장히 여유로운 편입니다,부정,중립
입구 문 열자마자 바퀴벌레 먼저 봤어요 포트기 안에 뭔지는 모르겠는데 노란 물이 차있고 침대는 너무 딱딱해서 다음날 일어났는데 허리 다 부서지는 줄 너무 기대하고 갔나 봐요 아쉽,부정,중립
주변에서 제일 깨끗함,중립,긍정
방금 막 청소한 느낌으로 화장실이 물로 다 젖어있는 게 좀 그렇긴 한데 그래디 대실 시간도 길고 시설도 좋고 방마다 고데기도 있고 컴퓨터도 있고 만족했습니다,중립,부정
깔끔하고 가격도 저렴하고 정말 맘에 들어요 침대 난방매트가 정말 잘 돼서 놀랐어요,중립,긍정
시설이 좋아해서 매번 얻기는 하지만 직원분들 너무 불친절해요 어쩔 수 없이 가기하는데 좀 친절하세요,중립,긍정
시간 숙박이라 너무 좋고 주변에 편의점 및 식당가들이 많아서 이용하기에도 좋았습니다 전기장판도 에어컨도 같이 있어서 자는데 불편한 것도 없었어요,중립,긍정
지하에 주차공간 있어서 주차 아침에 무료 조식도 나와서 간단히 아침 때울 수 있어서 시설도 무난하게 좋아요 다만 방이 좀 좁은 거랑 냄새가 좀 나서 환기 좀 했었어요 그래도 가격 대비 아주 훌륭합니다,부정,중립
오래된 느낌 넷플릭스 안됨 욕실에 욕조 있는 건 좋음,부정,중립
사장님 친절하시고 객실 청결상태 깔끔하네요 특실이 없어 일반실 예약하고 들어왔는데 좋아요 담배 냄새도 안 나고요 컴퓨터하고 티브이 연결되어 있어서 영화 편 재미있게 보고 갑니다 다음에 여자친구하고 또 이용할게요,중립,긍정
가격 대비해서 대실 시간은 다른 곳보다 넉넉하게 주는 거 같습니다 객실 상태도 눈에 띄게 더럽거나 하진 않았던 거 같습니다 화장실 같은 경우도 욕조도 있고 수압도 괜찮고 배수도 나쁘지 않았던 거 같네요 일단 마음에 들었던 거는 옷걸이가 있고 세면대가 화장실까지 가지 않아도 이용이 가능한 점은 만족스러웠습니다 그런데 사장님인지 아닌지는 모르겠지만 느낌상 사장님이실 거 같은데 갑자기 인터폰이 오더니 퇴실 예정 시간보다 분 일찍 퇴실해 줄 수 있냐고 연락이 오더군요 이유를 물으니 청소를 하고 다른 손님을 받아야 한다고요 결국에는 시간 다 채우고 퇴실하기는 했지만 중간에 저런 전화를 받으니 기분은 좋지 않더라고요 시설 자체는 만족했지만 저런 일이 있으니 저는 다음에는 이용하지 않을 거 같네요,부정,중립
인테리어도 깔끔하고 객실도 냄새 안 나고 깨끗합니다,긍정,중립
전주에 올 때마다 머무는 단골 호텔입니다 매번 이용할 때마다 청결 상태가 훌륭해서 기분 좋게 머물 수 있어요 객실에 비치된 가 매우 커서 영화나 예능을 보기에도 안성맞춤이고 화장실이 객실과 분리되어 있어 더욱 위생적이고 편리합니다 전주역에서 가까운 거리에 위치해 있어서 대중교통 이용 시에도 매우 편리하며 외부 소음이나 특유의 냄새 같은 불쾌한 요소가 전혀 없어 조용하고 쾌적한 휴식을 취할 수 있었습니다 대실 시간이 넉넉한 편이라 여유롭게 시간을 보낼 수 있었고 가격도 부담스럽지 않아 만족도가 높았습니다 다음에 또 전주에 오게 된다면 망설임 없이 이곳을 선택할 거예요,긍정,중립
일단 홍보 사진과 똑같은 상태의 숙소라 좋았고요 욕조 보고 예약했는데 시원하게 목욕도 하고 잘 지냈습니다 컴퓨터도 잘 돌아가고 울 가족 만족스럽게 자고 왔네요,중립,긍정
객실도 크고 욕조도 넓고 잘 쉬다 갑니다,중립,긍정
푹 쉬었어요 너무 푹 쉬었습니다 가격대도 좋고 진짜 가성비 이상이에요 카운터에 있으신 분 친절하시고요 필요한 거 있으면 바로바로 주십니다 빵 냄새랑 먼지에 민감한 편인데 여긴 엄청 괜찮아요 창문이 잘 돼있어서 환기 시키기에도 편하고요 탁자도 있어서 배달 시켜 먹기 좋아요 티브이도 적당해서 넷플릭스 유튜브 등등 볼 수 있어요 스타일러도 있어서 옷 관리할 수 있어요 침대도 좀 편해서 잠이 잘 와요 수압도 적당하고요 욕조도 있어요 냉장고에 물개 음료 개 있어요 다음에도 이용할게요,중립,긍정
자주 이용 하니다 계속 이용할 겁니다,부정,중립
별로 기데 안 하고 그냥 고속버스터미널 가까운 싸고 적당해 보이는 호텔 잡은 건 데 기대를 안 해서 그런지 생각보다 좋았음 전날 전주 아늑 호텔 다음날 이비스 전주 투숙했는데 그렇게 처지는 느낌도 안 들고 조금 낡긴 했지만 그렇다고 남루하거나 더럽진 않고 여러 가지로 만족하는 투숙이었음 모텔 특유의 침대 방수포와 빵빵해서 꺼지지 않는 방수 배게 빼고는 크게 불편한 거 없었고 혼자 투숙하는 데 생수 병과 음료수 기대 안 했는데 조식을 층 카페에서 떡라면을 줌 다시 전주 오면 또 이용할 것 같음,중립,긍정
진짜 저만 알고 싶은 숙소는 처음이네요 장거리 커플이라서 숙박업체 유목민이에요 엄청 이리저리 돌아다녀 봤는데 이번에 새로 오픈했다고 했는데 가격도 매우 괜찮아서 이용해 보기로 하였습니다 들어오자마자 외관도 너무 깔끔하고 역시 오픈한 지 얼마 안 되었다는 느낌이 확 들더라고요 숙소 예약 확인하고 숙소 너무 좋다고 자주 이용해야지 하면서 애인이랑 즐겁게 이야기 중이었는데 자주 오라는 의미로 객실 업그레이드까지 해 주시는 사장님 센스 너무 감동받았습니다 장거리 커플이라 숙소 자주 이용하는데 앞으로 한 달에 최소 한 번 이상은 여기서 꼭 연복할 거 같네요 이제 숙소 정착하려고요 룸 컨디션 최상이고요 에어컨 매트리스 어디 하나 흠잡을 거 없네요 사장님 꼭 번창하세요 자주 이용할게요,긍정,중립
스마일은 주변에 늦게까지 대실 하는 곳이 없는데 그런 점에서 큰 메리트가 있는 것 같아요 위치적으로는 주변 먹거리 쪽과는 좀 거리가 동떨어져있어 아쉬울 수 있지만 운동한다고 생각하고 얘기하면서 좀 더 걷다 보면 어느새 도착해있으니 그러려니 합니다 평일 저녁이나 주말 저녁에 날이 춥거나 좀 쉬고 싶을 때 종종 이용하는 거 같아요 시설이나 인테리어는 그래도 좀 노후화된 게 없지 않아 있긴 한데 그래도 감안하고 이용할 만한 거 같아요 전기장판이 뜨듯하게 잘돼있는 점도 맘에 듭니다,중립,부정
날씨가 더워서 그런지 시간을 매우 여유롭게 이용해 주셔서 감사히 쉬다 갑니다 깨끗하고 청결한 항상 스마일을 이용하지만 오늘은 시간이 길어서 더욱 푹 쉬다 갑니다 재방문에 요,중립,긍정
언제나 자주 이용하는 전주 광관 호텔입니다 항상 청결하고 보일러도 따뜻해서 좋아요 내 집 같은 편안함은 덤이고요 호를 묵어본 적이 있는데 다른 방들은 방음이 잘 되는데 호는 옆방인지 윗방인지 다른 사람 말소리가 엄청 들려서 약간 신경이 쓰였어요 그 사람들 목소리가 큰 것일 수도 있고요 새벽 시까지 계속 말소리가 들리더라고요,중립,부정
전주 호텔아이 숙박은 최고였습니다 일단 금연 건물이라 숙소 전체에서 흡연이 불가한 곳이라 담배 냄새가 전혀 없었습니다 숙소를 찾을 때 가장 중요시하는 게 당연히 객실 컨디션인데요 객실의 청결도가 최고로 기대 이상이었습니다 머리카락 같은 것도 하나 없이 관리가 되고 있었습니다 특히 화장실 수압도 세고 깨끗해서 기분까지 좋아지는 숙소입니다 접근성도 따지는데요 편의점 주변 맥줏집도 가깝고 뭐하나 흠잡을 곳이 없는 숙소입니다 티브이도 크고 누워서 넷플릭스 몰아보기 딱 좋은 컨디션이었습니다 다음에도 재방문 의사 퍼 숙소였습니다 호텔아이 파이팅,중립,긍정
시설도 오래되고 청결상태도 엉망입니다 단지 직원분이 친절하셔서 감안하고 숙박했네요 너무 엉망이었어요,부정,중립
좋아요 늘 잘 다니고 있어요 샤워기 호스가 고장 났더라고요 빠른 수리하시면 좋을 것 같아요 그래도 시설 언제나 만족입니다,중립,긍정
넷플릭스가 계속 끊겨서 아쉬워요,부정,중립
주차도 내가 직접 할 수 있는데도 늘 시시티브이로 확인하시고 바로 나오셔서 주차 직접 해주시고 나갈 때도 차 밖에다가 바로 운행할 수 있게 만들어주시고 침구류가 진짜 미친 듯이 푹신해요 직장인이라 격주로 매주 쉬러 오는데 진짜 힐링 제대로 하고 갑니다,중립,부정
시설 좋고 다 좋은데 담배 냄새 잘 빼줬으면 굿,긍정,중립
일단 새로 오픈해서 객실 자체는 깨끗합니다 엘리베이터가 없어서 계단으로 이동했어요 근데 객실이 좁아도 너무 좁습니다 디럭스방으로 예약했는데 커플이 쓰기 불편해요 딱인 출장자들이 쓰기 좋은 크기 앉을 자리도 없고 의자도 없고 테이블도 없고 티브이도 침대랑 평행으로 있어서 보기 불편했어요 지하에 음악홀이 있어서 노랫소리 계속 들리고요 외풍도 심해서 공기가 차가운데 보일러 가동도 안되더라고요 수압도 너무 약하고 물도 너무 뜨겁거나 너무 차갑거나 둘 중 하나에요 중간이 없습니다 보디워시 향기는 좋았습니다,부정,중립
접근성 전주시내 중심가에 있으며 주변에 식당과 편의점 등이 있어서 편리하다 심지어 도서관도 위생 창틀까지 신경 쓸정도로 깨끗하고 무엇보다 담배냄새가 없어 좋다 매트리스 상태 라텍스로 적당히 푹신하여 좋으나 오염방지를 위해 비닐을 깐 것은 거슬린다 편의용품 샴푸 컨디셔너 비누 등 일회용품을 제공하고 있으며 생수는 층에서 언제든지 추가로 꺼내 갈 수 있다 다만 믹스커피없는 점층에서 원두커피 제공은 커피믹스를 좋아하는 사람에게는 아쉬운 점이다 조망 탁트인 곳은 아니나 그렇다고 꽉 막히지도 않아 답답하지않다 조식 간단조식으로 삶은달걀 음료수 토스트 과일 요거트 숭늉을 제공해서 아침으로 너무 잘 해결했다 난방 욕조 스타일러 스텐 커피포트 스탠다드임에도 개별난방 욕조 및 스타일러가 있어 확실히 만족했다 커피포트가 스테인레스라서 환경호르몬에 예민한 사람은 좋아할 듯 하다 친절 항상 사람이 카운터에 있어 불편사항을 들어 준다 실내사진은 호텔 소개사진과 큰 차이없어 다른 사진을 올립니다,중립,부정
신시에서 술 마실 일이 있어서 아예 방 잡고 마셨는데 메인 거리 바로 뒤라 거리도 가깝고 방도 널찍하고 화장실이랑 욕실이 분리되어 있어서 첨엔 응했는데 떨어져 있으니 좋은 점도 있더라고요 잘 쉬다가 갑니다,중립,부정
전반적으로 깔끔하고 청결한 곳인 듯 침대 깔끔 중간 정도 위치가 맘에 좀 문 입구 쪽으로 있어서 중수한 사이즈 넷플 사용 가능 만족 욕실 아담 수암 너무 약함 아쉬움 샤워 부스 좀된 느낌 망가져있는 부분 있음 청결상태 양호 괜찮습니다 깨끗이 청소함 느낌 주차장 별도 주차장 있어 좁지 않음 전반적으로 만족 이 정도 단가에 이 정도면 좋음 다음에 재방문 가능할 것 같음 나중에 출장 오면 다시 또 이용하겠습니다,부정,중립
안녕하세요 오픈 전부터 기다렸다가 오픈한 주부터 대실이나 숙박 이용하고 있는 사람입니다 생긴지 얼마 안 된 곳이라서인지 시설이 매우 좋으며 이용할 때마다 청결 도와 서비스 등 여러 가지가 매우 좋고 이용 때마다 만족하고 있습니다 이래서인지 매주 한 번 이상 마리 호텔 터미널점에서 대실이라든지 숙박을 이용 중입니다 타지에서 오고 갈 때는 숙박을 주로 이용하고 전주에 있을 때 잠시 쉬어가고 싶을 때는 대실을 주로 이용합니다 예약도 앱으로 해서 편리하게 이용할 수 있고 예약할 때 조금 더 혜택볼 수 있는 것으로 해서 저나 같이 이용하는 사람의 것으로 예약합니다 갈 때마다 직원이 같은 분이 아님에도 불구하고 서비스가 늘 친절하고 배려해 주십니다 위의 내용은 직접 경험해 보면 알 것입니다 그리고 이용 후 솔직하게 느낀 점을 리뷰로 남길 시에 무료 숙박권도 준다고 합니다 이 또한 마리 호텔 터미널점의 장점이지 않을까란 생각합니다 이곳이 오랫동안 있었으면 좋겠습니다,중립,긍정
하루만 있기에는 아쉬운 곳이라고 봅니다 며칠씩 있어도 충분히 여유롭게 지내실 수 있는 곳이고요 앞으로도 여기만 이용할 예정입니다 시간 가는 줄 모르고 가는 곳이기 때문에 이용하기 굿,부정,중립
친절도는 가득이에요 굿 쉴 수 있는 시간도 길어서 너무 좋지마는 창문이 너무 커서 환기가 좀 불편해요 그것만 좀 개선하면은 진짜 좋을 것 같아요,중립,긍정
스탠더드룸 치고는 넓어서 만족했어요 들어가자마자 방 냄새가 조금 불편해서 실망했지만 그것 빼고는 다 좋았습니다,중립,긍정
잘 쉬다 갑니다 시간이라 쉬기 충분했어요,중립,부정
사진은 없는데 시설이 청결했고 조식이 있어 아침에 일찍 나가야 했는데 유용했습니다 다만 방 배정이 먹자골목 쪽이어서 늦게까지 취객의 소리가 올라와서 조금 잠을 설쳤어요 방에 덧문이 있어서 친구랑 가서 욕실 사용하기도 편했어요 요즘 투명 문의 있는 호텔들도 많아서 전 이점에 점수를 줍니다,부정,중립
잘 쉬다 갑니다 명품 프리미엄은 역시 다르네요,중립,긍정
방이 좀 추웠는데 전기장 펀 있어서 좀 나았어요 방음이 잘 안되는 것 같고요 내부는 깨끗한 편이였고 좁지 않아서 좋았어요 화장실도 유리로 돼있지 않아서 더 좋았네요 그리고 먼지가 있어서 환기 좀 잘해주셔야 될 것 같아요,부정,중립
화장실 문이 닫히지 않았고 불은 중앙 등 외에 다른 등은 킬 수가 없었네요 방을 바꿔달라 할까 하다가 어느 정도 방을 이용해서 그냥 지냈는데 고치셔야 할 것 같아요 몇 호였는데 그 점만 빼면 위치 좋고 깔끔했습니다,중립,긍정
주인분이 카운터에 안 계셔서 책상 위 종을 치니 금방 와주셨어요 친절하시고 로비에 물 냉장고가 있어 사 부족하면 더 가져갈 수 있어서 좋아요 그리고 커피 기계도 있어 내려 마실 수 있네요 다만 움직이다가 이불 시트가 조금 벗겨졌는데 이불솜에 빨간 네임펜으로 글씨가 써져있어서 이건 좀 불편했네요 이불 내부를 한 번 확인하셔야 할 것 같아요 그 외에는 샤워헤드도 화장실 샤워실에 하나씩 있어서 둘이서 동시에 씻기 좋을 것 같네요 잘 묵었습니다,부정,중립
여러 번 다녀오지만 쾌적한 환경입니다,중립,긍정
항상 친절하게 맞아주시고 편안하게 쉬어갈 수 있는 곳입니다 저렴하면서도 청결해서 잠도 잘 와요 주차장도 넉넉해서 주차 걱정 노노 에어컨도 빵빵하고 침대도 엄청 푹신하답니다 혼자서도 이용하고 둘이서도 이용해요 그리고 어찌나 조용한지 다른 방에 손님이 있는지 없는지도 모르겠네요 비가 오나 눈이 오나 바람이 부나 제가 자주자주 찾는 곳이라서 추천해 드립니다 안 와본 사람은 있어도 한 번만 오는 사람은 없다는 그곳이 여깁니다 한번 들러보세요 후회 안해룡,중립,긍정
객실 내부 깔끔했고요 화장실도 깨끗하고 편의점도 가깝고 주변에 먹을 곳도 많고 거기에 조식은 수프에 토스트 한강 라면에 계란프라이 완전 대만족입니다,긍정,중립
한 달 만에 왔네요 재방문 의사는입니다 늘 편안하게 휴식하고 갑니다 근데 이번에 또 양말 주셨어요 감사합니다 오늘은 층에서 숙박했는데 스타일러가 누수가 있습니다 제가 숙소를 선택하는데 중요한 건 스타일러 유무입니다 겨울옷 드라이해야 하는 것도 간단 처리 가능하거든요 근데 누수는 인입되는 곳에 문제가 있는 것 같아요 사장님이 전체 객실 상태를 모르시니 빨리 신청하세요 사용하는 데는 문제는 없는데 물 소모량이 많아서 알았습니다,중립,긍정
쉴만해요 넷플릭스도 되고 너무 좋아요 데 충전기는 아무리 찾아봐도 충전기가 안 보여서 충전을 할 수가 없었어요 충전기 구비 필요가 필요해 보여요 나머지는 저렴하니 쓸만해서 다음에 또 시간 되면 또 이용할게요,중립,긍정
너무 뜨겁고 습한 월 이용 당일 무슨 비가 그렇게 많이도 오는지 입구에 토스트와 커피 머신 그리고 요거 굿굿 아이스크림을 무료로 주시더라고요 너무 감사 감사 아무리 뽀송하게 다니려 해도 땀 상의는 갈아입어도 바지는 어쩔 수 없이 손빨래해서 널어놓고 자는데 어쩜 스타일러가 있어서 뽀송하고 칼 주름잡힌 바지를 입게 됐어요 아침에 체크아웃 하면서 손님용 향수 취향껏 츕츕,긍정,중립
이번에도 잘 이용했습니다 한 가지 아쉬운 건 욕조 샤워기가 고장 나있어 사용하기 불편했습니다 그 점 제외하고는 다 좋았습니다 다음에 또 갈게요,부정,중립
오랜만에 또 재방문 하였는데 잠깐 자고 가는 느낌으로 대실 이용할 수 있어서 너무 좋았습니다 일단 넷플릭스가 기본적으로 로그인되어 있어서 편한 장점과 영화관과 비슷한 스크린으로 영상 시청을 할 수 있다는 큰 장점이 있어서 좋았습니다 화장실도 깔끔하고 담배 냄새가 나지 않아서 좋았네요 스타일러도 구비되어 있어서 냄새가 남아있는 옷들은 스타일러로 처리할 수 있어서 장점 단점이라고는 딱히 없네요 옷도 걸 수 있게 옷걸이가 마련되어 있습니다 다음에도 또 들릴게요,부정,중립
새벽 시정도 일어나 올라와야 해서 시라 대실 하려다 조금이라도 편히 자고 운전하는 게 낫겠다 싶어 반신욕 좀 하고 몇 시간 잔 후에 잘 올라왔어요 더위를 많이 타서 에어컨 바람이 약해 선풍기 있는 방 부탁했는데 들어줘서 감사합니다,부정,중립
들어왔을 때 로비가 진짜 이뻤어요,중립,긍정
지난주 토요일 층 숙박 잘 쉬다 갑니다 주말 잘 애용하는 편인데 있던 모텔을 바꿔보려 첨 가봤습니다 인테리어 청결 냄새 등등 완벽에 갑갑 더군요 티브이도 정말 크고요 아쉬웠던 점만 적어볼게요 침대 매트 아래 나무로 된 거 앉을 때도 이동 때문인지 상당히 불편합니다 맥주 한 잔 마 실려는데 테이블과도 높낮이가 안 맞아서 불편했고요 특히 소파 의자가 게 아닌 개였 으면 좋았을 텐데요 이거 빼곤 괜찮았습니다 다음에 또 들를게요,부정,중립
한 번도 방음에 대해서 불편하다는 생각을 한 적 없었는데 이 번에 방음이 안되어서 다른 방 방음이 안되어서 깜짝 놀랐어요 친절해요 주차장 넓어요 수압 좋아요 방 따뜻해요 한 번도 방음에 대해서 불편하다는 생각을 한 적 없었는데 이 번에 방음이 안되어서 다른 방 방음이 안되어서 깜짝 놀랐어요 친절해요 주차장 넓어요 수압 좋아요 방 따뜻해요 한 번도 방음에 대해서 불편하다는 생각을 한 적 없었는데 이 번에 방음이 안되어서 다른 방 방음이 안되어서 깜짝 놀랐어요 친절해요 주차장 넓어요 수압 좋아요 방 따뜻해요 한 번도 방음에 대해서 불편하다는 생각을 한 적 없었는데 이 번에 방음이 안되어서 다른 방 방음이 안되어서 깜짝 놀랐어요 친절해요 주차장 넓어요 수압 좋아요 방 따뜻해요,중립,긍정
지난주 화요일에도 테라 호에서 잤고 어제도 같은 방에서 잤습니다 일주일 사이에 화장실 타일 공사를 하셨네요 아주 깔끔하고 보기 좋습니다 그런데 침대 옆 전화기 아래의 콘센트를 누가 망가뜨려 놓았습니다 분명히 지난주에 거기에 노트북 코드를 꼽고 노트북을 사용한 기억이 나는데 사장님 수리 부탁드려요,중립,부정
리뷰 쓰고 먼가 찜찜했는데 사진을 안 올렸네요 이용 후 사진이라 죄송합니다 그냥 여기로 정하세요,부정,중립
늦은 시간 가서 반신욕을 못했다는 그래도 꿀잠 잤습니다,긍정,중립
한 달에 한 번 오네요 이번에도 저렴한 스마일로 정했습니다 가성비는 따라올 수가 없네요 리모델링을 해서 그런지 일단 외관도 깨끗하고 내부도 깨끗해요 가끔 화장실 타일이 깨져있긴 한데 그거야 머 프런트에 간단히 먹을 수 있는 커피와 식빵 등이 있어서 아침을 챙길 수 있어요 냉장고에 음료랑 생수가 있어서 하나씩 챙겨 가실 수 있어요 여기 어때 할인받아 원에 숙박했는데 감사할 따름 방에는 스타일러가 있어서 사용할 수 있어요 저는 옷을 챙겨와 안 했지만 땀 내날 때는 침대에는 장판으로 따뜻하네요 리뷰가 길었지만 좋아서요 담에 또 올게요,중립,부정
대체적으로 만족합니다 직원 친절도는 최고입니다 근덕 시설 노후로 히터가 안 나와서 방을 번 바꾸고도 안돼서 그냥 춥게 잤네요,긍정,중립
사정상 엄마 하루 묵으시라고 잡아드렸는데 처음 들어간 방에 변기에 담배꽁초랑 화장지가 들어있는 채로 물이 안 내려간 상태였고 바닥에도 머리카락이 많아서 너무 더러웠다고 하네요 청소에 신경 좀 써주셨으면 좋겠네요,부정,중립
대체로 깔끔하고 무난해요,중립,긍정
사진은 찍지 못했지만 침구도 푹신하고 층에 토스터 얼음 우유 커피 라면 등이 있다는 점이 좋았습니다 다만 라면은 객실에서 취식 불가한 점이 아쉬웠지만 만족합니다 한 가지 더 아쉬운 점은 방음이 잘 안돼요 옆방 야시꾸리 소리 다나요,중립,부정
대체적으로 괜찮은데 라면 먹으려고 포트 열었는데 밥이 들어있고 방바닥에 누가 먹다 남은 과자 찌꺼기 있었습니다 조금 더 신경 써서 청소해 주신다면 괜찮을 거 같습니다,중립,부정
사진과 비슷한데 화장실이 좀 안 좋아요,중립,긍정
코로나가 많이 줄은 추세를 보이고 있어 전주 시민으로서 뿌듯합니다 하지만 지금 시기이니만큼 더욱 조심해야 할 때라고 생각합니다 방역 처리 완료된 곳에서 잘 쉴 수 있어 좋았습니다,중립,긍정
전반적으로 좋아요 대실 시간도 길고 다만 샤워 호스 거는 곳이 헛돌아서 조금 불편했어요,부정,중립
명품 테라스 예약했는데 스타일러스가 있는 줄 알았는데 없는 방으로 주셔서 아쉬웠어요 다른 건 다 마음에 들었습니다,부정,중립
매우 만족 박일 여행 성공,중립,긍정
업무 출장으로 이용했는데 룸 컨디션 가성비 대박이요 프로트 앞에는 조식이 상시 가능하고요 커비도 캡슐 내려서 너무 편하게 먹었어요 방은 담배 냄새 전혀 없고 화장실 침구 모두 깨끗해요 주변이 조용해서 편하게 쉬었어요,긍정,중립
숙소는 깔끔하고 시설도 괜찮았어요 박 이용했는데 첫날 밤실에 자려고 불을 껐는데 불이 안 꺼지더라고요 밤 시에 박의 짐을 모두 챙겨서 다시 다른 방으로 옮겨서 잤습니다 숙소에서 미리 체크했어야 하는 부분인데 점검하지 않은 것 같아 불편했어요 그 외에는 괜찮았는데 배게 너무 높고 자는데 다른 히터 돌아가는 소리가 너무 시끄러워서 담에는 다른 숙소 이용할 거예요,부정,중립
오랜만에 다시 방문했는데 역시 그대로네요 친절하시고 더웠는데 에어컨도 켜주시고 감사해요,중립,긍정
정말 잘 쉬다 갑니다 친절한 프런트 가격 대비 정말 나이스 한 청결상태 편의점에 가깝고 방음이 잘 되고 다만 에어컨이 쪼금 더러운 건 있지만 겨울에 누가 에어컨을 쓰냐요 다 좋습니다,중립,긍정
침대가 엄청 넓어서 정말 잠만 자는 여행객들한텐 추천입니다 난방기 따로 있는데 안 켜면 개 추워요,부정,중립
어메니티 누가 쓰던 거 그대로 있어서 기분 나빴는데 개인 꺼 챙겨오기도 했고 하룻밤이라 그냥 지나갔어요,중립,부정
방은 아늑한데 창이 크게 있어서 답답하지 않고 방 안에서 담배 냄새 같은데 안 나고 청결하고 깔끔해요 침대 컨디션이 정말 좋아요 적당히 쿠션이 있어서 잠도 잘 잤어요 침구류도 깔끔하고 깨끗해서 기분이 좋았어요 쿠션 좋은 침대에 넷플 디즈니 등등 가 다 나와서 화면 큰 티브이로 보고 싶은 것 맘껏 봤어요 욕실도 크고 넓은데 샤워부스 칸막이 있어서 변기랑 세면대에 물이 튀지 않아서 사용할 때 불편하지 않고 수압도 세서 샤워할 때 기분 좋게 할 수 있어요 거기에 드라이기와 고데기까지 있어서 머리 손질이 용이하네요 여기 주차장이 넓어서 주차 걱정 없이 올수 있어요,긍정,중립
여기만 오는고 같아요 시설 깔끔해요 욕조도 크고 늘 잘 이용하고 있어요,중립,긍정
청결에 엄청 예민한 편이라 매번 여기만 오는 편이에요 이번에도 정말 좋았는데 데스크 사장님 부부 신지 직원분이신지 매번 친절하세요 이번에 한 가지 아쉬웠던 점은 지낸 방 화장실 세면대가 막힌 건지 잘 안 내려가더라고요 양치하고 세수하고 나면 분 정도 뒤에 물이 다 내려가는 정도로 하루 지내고 가는 거라 방 바꾸기도 뭐 해서 그냥 사용했는데 조금 불편했었네요 아 그리고 티브이 밑에 테이블에 먼지가 눈에 보이게 조금 있어서 세면대 물 내림 체크 테이블 청결 한 번씩만 신경 써주시면 좋을 거 같아요,부정,중립
새로 지었는지 시설 정말 좋아요 가구랑 소품들도 예쁘네요 화장실도 깔끔합니다 발코니도 맨발로 다녀도 될 정도로 청소 잘돼있어요 발코니 있어서 그런지 방에서 담배를 안 피워 담배 냄새도 하나 없습니다 근래 가본 숙소들 중 가격 대비 가장 만족합니다,긍정,중립
화장실 방이랑 따로 분리되어 있고 주차장도 넓어서 편해요 가운 비누 충전기 필요하신 분은 데스크에 말씀하고 챙겨가셔야 해요,중립,긍정
이벤트 룸이라 해서 첨가 봤는데 바닥도 따뜻하고 괜찮은데 휴지가 별로 없어가지고 좀 그랬어요 가운도 달라고 해야 준다 그래서 기찬 아서 안 썼고요 그래도 그거 말고는 다 좋았어요,긍정,부정
리뷰에서 좀 낡았다고 해서 조금 걱정이 되긴 했지만 객실에 냉난방 완전 잘 되고 푹 쉬다 갑니다 기본 서비스 물품도 여러 가지 있고요 침대가 넓어서 좋았어요 다음번에 또 이용할게요,중립,긍정
깔끔 그 자체 전주 올 일이 많진 않지만 다시 오게 되면 재방문 꼭 할 거예요,중립,긍정
하는 일이 전국적으로 출장을 다니면서 하는 일이라 모텔에서 많이 잡니다 그렇다 보니 모텔을 고르는데도 나름대로의 노하우가 생겼습니다 우선 회사 차가 크다 보니 주차가 편한 곳을 찾습니다 그다음엔 계속 빨래를 할 수가 없어 스타일러 있는 곳을 선호합니다 피로를 풀 수 있는 안마의자까지 있으면 금상첨화입니다 그다음엔 가끔 시간이 날 때 게임을 할 수 있는가 있으면 좋죠 조식도 먹을 수 있는 데면 더 좋습니다 이런 면에서 전주 마리 호텔 덕진공원점은 조식이 약간 아쉽네요 그래도 가격 대비 괜찮은 곳이라고 생각합니다,긍정,중립
첫째로 수압이 매우 약합니다 제가 사용했던 룸만 그럴 수도 있지만 호 정말 답답하고 씻어도 개운하지 않았어요 좋았던 점은 요즘 숙박업소들이 객실이 넓어 보이기 위해 화장실 벽을 허물고 유리벽으로 하는 경우들이 많은데 이곳은 화장실을 개별적으로 두어서 사생활을 많이 개방하지 않은 커플이나 동성 간의 여행으로써 좋은 것 같습니다,중립,긍정
장점 침대가 삐거덕 대지 않아서 좋습니다 공기청정기 덕분에 좋음 공기 마십니다 아침에 조식이 있습니다 대로변에 있지 않아서 외부 소음에 크게 문제 되지 않습니다 티브이가 큽니다 스타일러가 좋습니다 로비에 커피 및 음료수가 있고 잠시 대기 공간이 있어 좋습니다 아쉬운 점 수건을 사용하고자 하는데 피라고 해야 하나 세탁은 당연히 했지만 색이 안 빠져있어서 좀 더 자세히 보고 채워두셨으면 합니다 화장실 불 켤 때 화장실 불 켠다고 소리가 남,중립,긍정
방은 괜찮은데 화장실이 좀 그래요 화장실 좀 리모델링했으면 좋겠어요,중립,긍정
편안하게 잘 쉬다가 나왔습니다 중문이 있는데도 다른 방 문 닫는 소리가 되게 잘 들리더라고요 그 부분이 조금 아쉬웠습니다 갈 때마다 깔끔하고 편안하게 쉴 수 있는 곳이네요 나중에 또 방문할게요,중립,긍정
정말 정말 정말 아늑하고 포근한 잠자리를 만끽할 수 있어서 너무 감사합니다 사장님의 인심과 너무 만족했네요 항상 이용하면서 사랑을 느끼고 있습니다 항상 파이팅입니다,긍정,중립
전주 큐 모텔은 일단 가성비가 짱입니다 너무 저렴해요 여기 어때 앱의 할인쿠폰까지 더해지면 원대에 숙박 가능해요 이곳 숙박 단지가 전체적으로 오래돼요 외관 및 내장은 오래되어 보이지만 객실에 들어오면 너무 깨끗합니다 방 안 냉장고엔 음료 물 커피믹스 구비되어 있고요 핸드폰 충전기는 층 카운터에서 기종에 맞춰 충전기 달라면 줍니다 사장님이 너무 친절하세요,중립,긍정
간단히 먹을 수 있는 아침 조식 빵과 딸기잼 맛나게 먹으면서 출근했습니다 수고하세요,중립,부정
항상 믿고 오는 전주 마리,중립,긍정
평일이라 주차 편했어요 저녁에는 차가 많더라고요 주변에 편의점도 있고 식당들도 있어요 걸어서 맥도날드랑 스타벅스도 이용 가능해요 금연 숙소라 입실시 담배 냄새 안 났고 보일러 빵빵해서 저희는 좀 더웠어요 화장실도 깨끗하고 수압도 좋고 좁지 않아서 안 답답해서 좋았어요 다만 화장실이 입실하고 몇 시간 지나지 않아 조금 냄새가 나더라고요 디퓨저나 방향제가 있으면 좋을 거 같아요 스타일러랑 행거가 있어서 옷 보관이 좋네요 식탁이랑 의자 있어서 포장해온 거 먹기도 좋았어요 객실도 깨끗한 편이고 좁지 않아서 좋더라고요 화장실에 휴지도 넉넉하게 비치되어서 안심 컴퓨터 사양은 나쁘지 않았어요 흡연은 층 주차장 입구 측면에서 가능해요 전반적으로 깔끔하고 엘베나 객실에서 냄새 안 나고 침구나 매트리스도 편안하고 이불커버 안에 솜도 엄청 뽀얗고 깨끗해서 꿀잠 자기 좋았어요 재방문의 사 숙소 맘에 들어서 하루 더 머물렀답니다,중립,긍정
숙박업소 밀집 지역이라고 해야 하나요 그곳에 위치해 있습니다 옛 건물을 리모델링을 했다고 봤는데 오래된 느낌이 하나도 안 들고 새 건물 같고 굉장히 깨끗해요 방도 적당히 넓고 객실 청소 상태도 굉장히 맘에 들었고 샤워기 수압도 좋았습니다 일층 미니바에도 이것저것 있었는데 미니바 이용을 자주 하시는 분들은 만족하실 것 같았어요 방음도 좋은 편 옆방이나 복도 소음은 전혀 들리지 않았고 딱 하나 위층에서 가구 끄는 소리만 좀 요란하게 들렸네요 스타일러도 있어서 만족스러웠습니다 좋은 여행했어요,중립,긍정
방이 넓고 티브이도 잘 나와서 좋습니다 방바닥이랑 침대 위는 전기장판이 있어서 따뜻하고 좋은데 침대 바로 옆에 창문이 있어서 추워요 창문에 커튼이 없어서 방에 외풍이 심합니다 이불 잘 덮고 자세요,부정,중립
조식이 맛있어요,긍정,중립
건물 외관은 깔끔하고 예뻤고 방 크기도 큰 편이였지만 눈에 잘 안 보이는 부분까지는 청소를 안 하시는 것 같아요 티브이 뒤쪽에 먼지 많이 쌓여있었고 소파가 더러워서 안 앉았습니다 침구류도 오래되어서 그런가 흰색은 아니고 때가 탄 상태였어요 그래도 욕조도 있고 방이 넓어서 좋았습니다,긍정,중립
사진과 같은 커튼이라 창이 완벽히 가려지지 않아 아쉬웠습니다 생각보다 방이 좀 작긴 한데 아늑하고 좋았고요 침구류의 경우 누리끼리해서 조금 별로였습니다 담배 냄새도 조금 났고요 가격 값하는 거 같네요,중립,부정
비가 오는 전주 여행이라 도보여행으로 예약해서 문의하니 자체적인 주차장 이외에 코너만 돌면 유료주차장으로 안내를 해주셨습니다 차량번호 알려드리고 이용객은 무료로 이용 가능한 넓은 주차장이 있다는 게 큰 장점이었어요 들어가자마자 스타일러가 있어서 너무 좋았고 무엇보다 침대 배게 다른 종류 가지는 정말 세심하다고 느꼈습니다 욕조 앞 빔 프로젝터로 분위기도 좋아지고 아늑해서 방 이름 그대로 화기애애한 것 같습니다 조금 아쉬운 점은 화장실 하수구에서 점점 냄새가 올라와서 아침에도 지속되었다는 점 제외하면 너무 완벽한 숙소였습니다,중립,긍정
그냥 보통,부정,중립
갈 때마다 만족 하구 갑니다 다음에 또 이용할게욥,중립,긍정
아침에 온수가 안 나와서 차가운 물로 머리 감았어요,부정,중립
전주는 참 자주 오는데 오늘은 술을 한잔해야 하기에 신시가지에서 숙소를 잡았다 그렇게 가게 된 전주 음 리뷰는 솔직하게 써야 하는 것이 나만의 소박한 철칙이라 생각한다 사실 나의 리뷰가 얼마나 많은 사람에게 도움이 되고 큰 영향을 주겠냐마는 그래도 철칙을 지켜 오랫동안 솔직하게 쓰다 보면 그래도 많은 사람들에게 도움을 줄 수 있지 않을까 생각한다 다시 리뷰를 작성하자면 술을 많이 먹어서 들어간 기억은 없고 아침에 상당히 개운하게 일어났다 술에 취해 기억이 없던 것이 아니라 낯선 곳에 긴장할 필요 없이 숙소가 안전하고 아늑하며 내 집 같았던 것 아닐까 좋았던 것 같다,중립,긍정
저렴한 모텔 중에 베란다 있고 스타일러 있어서 종종 이용해요 여행 자주 오는데 여긴 거의 번째 방문인 거 같아요 청결도 도 가격 생각하면 나쁘지 않습니다,중립,부정
갑작스러운 전주 여행이었습니다 약속 장소 근처의 여러 숙소를 검색해 보았는데 대부분 게스트하우스라서 숙소를 선택하는데 어려움이 있었습니다 오랜 고민 끝에 하루 자는 거 저렴한 숙소를 선택하자는 생각으로 전주관광호텔을 선택하게 되었습니다 객실은 허름한 모텔 수준입니다 티브이는 작은데 넷플릭스는 시청 가능합니다 연인끼리 오기에는 비추이지만 가성비는 괜찮습니다,중립,긍정
다른 곳 일반실 비해 크고 깨끗하게 정돈되었네요,긍정,중립
나쁘지 않아요 또 이용할 계획이에요,중립,부정
나와있는 사진 그대로 똑같이 깔끔하고 세련된 느낌을 받음,중립,긍정
저렴해요 하루 숙박할 만합니다,중립,긍정
침대가 진짜 정말 편해요 잠 잘 옵니다 방도 깨끗하고 화장실도 깔끔,중립,긍정
일단 방음이 너무 좋았고 연방했는데 일 일 머무르고 싶을 정도로 청결상태도 너무 좋았습니다 화장실 문을 열 때 천장에 엄청 큰 소리가 나서 좀 깜짝 놀라기는 했는데 그거 말고는 화장실도 너무 깔끔했고 이틀 동안 편하게 있다가 갔습니다,중립,긍정
위치 전북 전주시 우아동 아중지구 주차장 매우 넓음 로비 매우 친절 객실 청결 상태 매우 깨끗 넷플릭스 유튜브 디즈니 냉장고 물 음료 커피 방 크기 보통 뷰 씨티뷰 먹을거리 분 내에 너무너무 많음 아쉬운 점 없음 재방문 의사 무조건 방문 조식 삼립 빵 한강 라면 유료 총평 출장 고객입니다 카운터 직원분 너무 예쁘고 친절하셔서 감사했습니다 오랜만에 방문했는데 한강 라면 이 유료로 바뀌었네요 아쉽습니다,긍정,중립
저렴한 거에 비해 괜찮아요 많이 좁지도 않고 보통이에요,부정,중립
싸고 좋습니다 침대 장판도 있고 에어 드레 서있고,중립,긍정
가본 숙소 중에 제일 특색 있고 감성 있고 깨끗했어요 이색적인 숙소 원하는 분들은 여기서 머물다 가시면 참 좋을 것 같아요 침대가 푹신푹신하니 잠도 아주 잘 오고 음식도 맛있었습니다,중립,긍정
이중문이 아니라 복도 소리가 좀 많이 들립니다 다른 건 좋습니다,긍정,중립
일단 사장님이 친절하게 잘 대해주셔서 편하게 방까지 잘 갔습니다 저는 베그 룸을 사용했는데 렉도 없이 너무 잘 돌아가는 컴퓨터여서 피시방 이상 정도로 만족했습니다 방은 깨끗해서 불편함이 없었고 방음도 되게 잘됩니다 특히 침대가 오후 눕자마자 잠이 오는 침대라 잠도 푹 잤습니다 저는 전주 시외버스터미널 근처 숙소를 잡는다면 다시 올 정도로 만족도가 높습니다,부정,중립
즐겁게 잘 묵었네요,긍정,중립
지난번처럼 춥진 않았는데 난방이 살짝 약한듯해요 그래도 항상 잘 이용하고 있습니다,부정,중립
객실 및 욕실 모두 깨끗했으나 방음이 안되네요,중립,부정
월 성수기 연휴에 급하게 예약하고 이용한 거라 가격을 많이 비싸게 이용했네요 추가 인원 비용까지 해서 명에서 만 원대면 좀 많이 비싸게 느껴지네요 모텔 리모델링한 호텔 느낌이고 밖을 볼 수 있는 창이 없어서 답답했어요 침구는 깨끗하고 포근해서 잘 잤어요,부정,중립
침대가 너무 푹신푹신해서 꿀잠 자고 퇴실 시간 겨우 맞춰서 나갔어요 오래된 느낌이 있긴 하지만 깨끗해서 좋았고요 시내에 위치해서 더욱 좋았어요,중립,긍정
침대 시트에 불 그리고 내부는 깨끗했어요 조명이 좀 맘에 안 들긴 했음,부정,중립
숙소 위치랑 내부 깔끔 한 건 맘에 들었는데 주차장 잘 주차해놨는데 키 맡기는 부분에서 설명이 잘 안돼서 답답했어요 키 안 받았는데 사장님께서 키 주신 줄 착각해서 여러 번 얘기했네욥 다른 건 다 괜찮았어요,부정,중립
오늘 처음 방문인데 흠잡을 때 없이 너무 괜찮았습니다,긍정,중립
침대가 정말 커서 너무 좋았어요 더블인데도 침대엔 명은 누늘 수 있겠더라고요 잘 쉬다 갑니다,중립,긍정
자주 방문하는 곳입니다 청결하고 나쁜 부분이 없어요 여기가 순위예요,긍정,중립
김제 출장이 잡혀있었으나 김제에 마땅한 숙소가 없어 전주에서 박을 하게 되었습니다 다만 조식이 되는 줄 알고 있었으나 조식이 되지 않아 아쉬움이 있었습니다 방은 리모델링을 하여 깔끔하였으나 동료의 방에서 바퀴가 나와 찝찝함을 감출 수 없었습니다,부정,중립
트윈을 선택했는데 업그레이드되었네요 스타일러스 있어서 옷 털기 좋네요 공기청정기 설치되어서 청정하고 좋네요 담배 냄새나는 호텔도 있던데 담배 냄새 없고 최상입니다 내부는 세면대와 욕실 화장실 분리되어서 아주 사용하기 좋습니다 주차는 호텔 앞에 외부 주자장 있어서 주차하기 좋습니다 지하는 작아서 외부 주차가 좋늡니다 숙박 고객에게는 조식도 제공되네요 고객에게 전주혁신도시 최고의 호텔입니다,중립,긍정
멋진 한옥 뷰를 볼 수 있는 숙소입니다,중립,부정
저렴해서 좋았던 거 같아요 바로 앞에 편의점도 있고 위치는 너무 좋아요 다만 너무 아쉬웠던 건 방음이 안되는 거랑 티브이 위치였어요 방음이 거의 안 되고 티브이가 왼쪽에 있어서 목이 너무 아팠어요 그래도 기분 좋게 이용했습니다,긍정,중립
전기장판이 없었는데 굉장히 따뜻했습니다 그만큼 난방이 좋다는 거겠죠 그리고 주차장도 넓어서 주차하는데 무리가 없었습니다 티브이도 크고 뭐 불편한 점을 찾는 게 힘드네요 앞으로도 관리 잘해주세요,중립,긍정
전주 한옥마을까지 위치도 좋고 가는 길에 로데오거리처럼 맛집 구경거리가 많아서 좋았습니다 엘리베이터가 진짜 빨라서 금방 이동할 수 있습니다 호텔 앞에 편의점도 있어요 수압도 강해서 아주 좋습니다 한 가지 아쉬운 점은 진짜 추워요 난방이 침대 다리 쪽 위에 있어서 온도와 바람을 높이면 눈이 건조해지고 소리가 커서 자는 데 조금 불편했습니다,부정,중립
자주 애용합니다 여름 다가와서 에어컨 청소도 한번 싹 하시면 좋을 것 같아요,긍정,중립
시설 청결 서비스 친절도까지 최곱니다,부정,중립
평소 청결을 중시하는 편이라 브라운 도트 예약하고 싶었는데 브라운 도트 가격이 저렴한 편이 아니어서 다른 더 저렴한 곳 이용하다 사 이번에 특가로 나왔길래 이용해 봤네요 청결도 너무 좋고 객실 욕실 모두 깨끗하고 잘 쉬다 갑니다,중립,긍정
일반실 사용하려다가 특실에는 안마의자도 있다고 하셔서 금액 추가해서 특실 사용했어요 안마의자 처음 써보는데 진짜 시원하더라고요 인테리어도 되게 깔끔했고 공기청정기랑 에어 드레서도 있어서 되게 신기했어요 냉장고도 일반 모텔 냉장고처럼 작은 거 아니더라고요 뭣보다 티브이 보는 거 좋아하는데 티브이 짱커서 완전 만족 다음에 올 일 있으면 무조건 특실로 예약해야겠어요 최근에 사용해 본 숙소 중에 제일 맘에 들었어요,중립,부정
벌써 몇 번째 예약인지 모르겠어요 북대는 여기밖에 안 갑니다 겨울에 그냥 쉬러 가기도 딱인 게 침대마다 매트 있는 게 진짜 짱입니다 밖에 추운데 들어가면 너무 행복해요 와이 케이 짱 담에 또 갈게요,부정,중립
주로 일 끝나고 저녁시간에 대실을 하는데 여기는 늦게까지 대실을 할 수 있어서 좋았어요 객실에서 냄새도 전혀 안 나고 깨끗해요 화장실 미끄러운 곳도 많은데 여긴 그러지 않아서 좋았어요 앞으로도 자주 이용할게요,중립,긍정
주차장이 넓어서 편하고요 방은 적당한 사이즈 방음은 중간 정도 되는 거 같고요 잘 쉬다 갑니다,긍정,중립
주차 은근 빡셈 수건이 작은 수건만 있어서 아쉬움,부정,중립
덕진공원 인접한 곳으로 식당 편의점 가깝습니다,긍정,중립
친절하시고 시설도 깔끔하니 아주 만족했네요 다만 약간 담배 냄새가 조금 나서 환기 좀 시켰습니다 그거 말고는 전부 만족스러웠네요,긍정,중립
일단 리뷰를 잘 안쓰는데 여기는 꼭 써야 할거같아서 씁니다 제가 이 인근 모텔호텔 다 가봤는데 그 중 단연 등입니다 사장님이 정말 친절하십니다 사소한거 하나하나 신경 써주신게 느껴질만큼 룸 상태가 이 인근 통틀어서 제일 좋습니다 침대 상태 티비 방크기 화장실 등등 인치로 정말 영화관이 따로없습니다 이렇게 큰 를 모텔호텔에서 본적이 없었어요 방음이 정말 잘됩니다 창문도 일반 창문이 아닌 이중창으로 되어있어서 그런가 주변 소음이 하나도 없이 푹 잤습니다 침대 상태 보통 저렴한 곳이나 인근에 있는 곳을 가면 침대가 거기서 거기지 했는데 여기 매트리스는 높고 냄새도 안나고 일반 전기 장판이 아니라 온수장판을 사용하셔서 진짜 너무 너무 좋았습니다 편의점 위치나 교통편 바로앞에 랑 가 있고 분 거리에 올리브영도 있어서 정말 편했습니다 좋았던 것들이 한 개 정도 되는데 제일 좋았던 것들을 추려봤습니다 이 인근 정말 많은 숙소 다녀봤는데 이 숙소로 정착 할거 같습니다 사장님이 주년이라고 갈때 수제 초코파이를 한박스씩 선물로 주셨는데 너무너무 감사드리고 번창하셨으면 좋겠습니다,중립,긍정
스타일러가 있어서 좋았지만 전체적으로 오래된 느낌의 모텔이에요 급하게 잡은 방이라 세심하게는 못 봤는데 막상 들어가니 눈에 보이는 셋탑박스에 먼지가 가득이더라고요 물 마시려고 냉장고 문 여는데 냉장고에서 찌든 냄새가 나서 놀랬어요 창문이 아닌 베란다 형식으로 되어있어서 문을 닫아도 서늘한 바람이 들어와요 전기장판이 잘되어 있어서 따뜻하게 잘 잤어요 수압도 괜찮고 따뜻한 물도 잘 나옵니다 다만 오래된 곳이라 낡은 느낌은 어쩔 수 없네요 급하게 묵는 거 아니면 굳이 다시 찾진 않을 것 같아요,부정,중립
전주역에서 내려오면 금방인 위치 주변에 식당도 있고 편의점도 있고 마트도 있어 좋습니다 리모델링하고 얼마 안 되었는지 깨끗하고 깔끔합니다 방 널찍하고 화장실도 큽니다 부대시설 많습니다 지하 층에 만화방 노래방 헬스 콘솔 등등할 수 있는 시설이 있고 층에선 시경부터 제공한다네요 보긴 했는데 이용은 안 했습니다 난방은 조금 아쉬웠습니다 요즘 날씨 추운 것도 있지만 방은 종 서늘했던 거 같습니다 전기장판 있고 온수 잘 나오고 수압 좋은 화장실이라 좀 나았습니다,부정,중립
좋아요 티브이도 크고 침대도 크고 에어컨도 시원해서 너무 좋았어요 충전도 잘 되고 근데 화장실 불이 하나가 나갔는지 어두웠어요 전구는 좀 갈아 안될 거 같아요 시간이라 시간 여유도 길고 다음에 또 이용하고 싶어요,중립,긍정
주차장이 있어 주차 편히 했어요 음식은 웬만한 곳 매 민권이라 좋습니다 친절한 응대와 방 배정 받았습니다 객실 문을 열고 들어갈 때 제일 먼저 맡게 되는 게 냄새인데 쾌적했어요 비흡연자라 담배 냄새에 좀 민감한 편이거든요 시트와 커버는 청결했어요 화장실도 깨끗했어요 샴푸린스 보디워시가 비치되어 있고 일회용품 가방도 있어서 불편 없이 이용했어요 넓은 와 스타일러가 있어 좋았습니다 주차 냄새 청결 섭수 재방,긍정,중립
이번 여행도 잘 쉬다 갑니다,중립,긍정
깔끔 조용했습니다 다만 퇴실 시는 좀,중립,긍정
자주 이용해요 간단히 쉬기 좋습니다 조아따조아따조아따조아따조아따조아따조아따조아따 조아따조아따조아따조아따조아따조아따조아따조아따 조아따조아따조아따조아따조아따조아따조아따조아따 조아따조아따조아따조아따조아따조아따조아따조아따 조아따조아따조아따조아따조아따조아따조아따조아따 조아따조아따조아따조아따조아따조아따조아따조아따 조아따조아따조아따조아따조아따조아따조아따조아따 조아따조아따조아따조아따조아따조아따조아따조아따,긍정,중립
두 번째 방문인데 주차공간도 넓고 카페테리아 공간도 따로 있어서 편리해요 다만 화장실 환풍기가 작동을 안 하는 거 같아서 좀 불편했어요,중립,부정
냉장고가 안돼서 곤란했고 서랍장에 먼지가 많아서 물건을 넣었다가 먼지가 많이 묻어 나와서 놀랐어요 화장실에는 누가 쓴 칫솔이 있었고요 이불이 많이 누랬어요 입지가 좋아서 이용은 많이 하겠는데 청소만 신경 써주면 좋겠습니다,부정,중립
인테리어가 좋았는데 눈으로 보이는 청결 상태는 좋았으나 룸에서 담배 냄새 같은 쾌쾌함이 풍겨 조금 아쉬웠습니다,긍정,중립
숙소는 넓고에서 게임도 가능해요,중립,긍정
여기 오픈한 기념으로 놀러 온 김에 들리게 됐는데 오픈한 지 얼마 안 돼서 확실히 깔끔하고 좋았어요 기존엔 바뀌기 전도 가봤었는데 오래된 만큼 노후된 느낌이 있었고 도중에 리모델링 한다 했었는데 페이트로만 칠해놨다 하더라고요 이번엔 다 뜯어고쳤는지 다 쌔거였어여 사장님도 친절하셨고 완벽했네요 물을 많이 마시는데 물도 냉장고 안에 넉넉하게 들어있어서 모자람 없이 마셨어요 내려가면 층에 냉장고에 추가로 마실 수 있게 넣어둔 것 같더라고요 또 오게 될 일 있음 재방문의 사 있습니다 다만 커튼이 없어서 좀 아쉬웠어요,중립,긍정
평범하고 청소가 잘 되어있어요,중립,부정
자주 찾는 숙소에요 객사에 위치해서 데이트하기 조음,중립,부정
주차장도 충분하고 주변에 식당가도 많고 한옥마을에서 멀지 않은 편이라서 위치도 괜찮네요 시설이나 인테리어도 괜찮아요 깔끔하고요 다만 조식인 서비스가 그냥 그래요 차가운 샌드위치 하나 주는데 저는 개인적으로 별로였음 그 정도면 차라리 조식이 없어도 될듯해요 아이까지 명에서 차가운 샌드위치를 먹으려니 반 이상 버렸네요 그리고 저녁에 씻는데 세면대 아래에서 물이 새어 바닥에 물이 흘러서 아이가 저한테 오다가 넘어져서 다칠뻔했고 프런트 전화해서 얘기했는데 올라와서 손보시더니 이제 괜찮다고 하고 내려감 근데 이미 바닥이 흥건한데 그건 그대로 두고 가더라고요 서비스는 별로이네요 재이용은 안 할듯해요,부정,중립
시외버스터미널 근처 이런 곳이 있는 줄 몰랐어요 오래된 건물 같은데 리모델링이 잘 되어있었고 대실 시간이 길어서 좋았고 특히 넷플릭스 재밌게 봤어요 그런데 화장실 청소 시 락스를 부었는지 얼마나 락스 냄새가 많이 나던지 들어가자마자 제가 물 청수 다시 했어요 다음에 또 기회 되면 갈게요 수고하세요,부정,중립
금연 방이라서 담배 냄새도 안 나고 창문도 크게 있어서 답답하지 않고 좋았어요 날이 너무 더워서 돌아다닐 수가 없어서 시원하게 넷플릭스 보면서 편하게 잘 쉬다 왔습니다 항상 잘 이용하고 있어요,중립,부정
수압이 많이 약해서 너무 아쉬웠습니다 변기나 샤워기 수압이 많이 약했어요 그 외엔 방이 깔끔하고 에어컨 잘 나와서 편히 잘 쉬다 왔습니다,부정,중립
방은 작은 감이 조금 있었지만 침구 깨끗하고 조용했어요 전체적으로 가성비 갑입니다 또 방문의 사 있어요,긍정,중립
생각보다 좁아서 놀랬는데 직원분들 서비스가 최고입니다,부정,중립
객실 청결상태 굿 터미널 근처,부정,중립
종류가 없어 저녁 맥주 한 잔이 아쉬웠습니다,중립,부정
주차장도 넉넉하고 청소상태도 깨끗해서 아주 잘 이용했습니다,긍정,중립
전주 올 때마다 매번 이용합니다 좋은 기분으로 떠나는데 이번은 자정 넘어서 온수가 나오고 기름냄새가 나서 좀 실망했습니다 향후에는 미리 준비해 주시기 바랍니다,중립,긍정
이벤트가였는지 저렴하게 다녀왔어요 직원분들은 친절하신데 방음이 안돼서 밤새 잠을 못 잤네요 창문으로 들리는 소리도 아니고 벽 타고 들리는 소리인듯한데 큰 보안점일듯싶네요,부정,중립
자주 가다 보니 적립제도 있으면 좋을 것 같다는 생각이 드네욥 저렴한 가격에 거리도 가까워서 잘 다니고 있습니다 자주 가다 보니 적립제도 있으면 좋을 것 같다는 생각이 드네욥 저렴한 가격에 거리도 가까워서 잘 다니고 있습니다,긍정,중립
모텔에서 담배 냄새 안 나는 객실은 진짜 오랜만이었어요 다들 금연 객실이라지만 항상 담배 찌든 냄새 때문에 힘들었었는데 정말 담배 냄새 안 나서 너무 만족스러웠고요 침구나 베개도 깔끔하고 스타일러도 처음 사용해 봤는데 좋더라고요 만족스러웠습니다 전주 여행 다시 오면 재방문 의사 있습니다 잘 지내고 갑니다,중립,긍정
대실이 길어서 좋아요 번째 방문인데 괜찮은 것 같습니다 방마다 테이블이랑 다른 것 같아요 돈 되고 티브이도 커서 맛있는 거 먹고 넷플릭스 보기 너무 좋았습니다 다음에 또 갈 의향 있어요 처음에 방에서 냄새나서 바꿔달라고 부탁드렸는데 방역 냄새였나 봐요 창문 열어놓고 시간 정도 뒤엔 없어지더라고요,중립,긍정
남자 사장님 너무 착하세요 객실은 물론 깨끗했습니다,중립,긍정
첨단도시에 위치하고 있어서 주변 식당도 많고 출장 시 이용합니다 조식도 아주 좋습니다 또 오겠습니다 친절도 합니다,중립,긍정
리뷰를 잘 안 적는데 집사람이 꼭 적으라고 하네요 감동받았나 봅니다 애들과 함께 한옥마을 구경 차 방문했다가 인근 가족룸 숙소를 알아보다 발견했는데요 장점을 말씀드리자면 한옥마을과 차로 분 거리에 있어서 가깝고요 수압이 굉장히 좋고요 시설들이 깨끗하고요 커피와 간단한 조식도 제공되고요 데스크 직원분이 친절하시고요 가격도 저렴하고요 퇴실 시간도 시로 늦고요 쓰다 보니 장점이 많네요 다음에 오게 되면 또 묵을 예정입니다,중립,긍정
올 때마다 변함없는 관리에 감사합니다 잘 이용했습니다,부정,중립
전주 인심을 알 수 있었네요,부정,중립
터미널에 시 가까워 오,중립,긍정
전체적으로 나쁘지 않았어요,중립,부정
너무 노후되었는데 청소까지 불량,중립,부정
덕진공원 주변에 위치해 있어 산책 멋진 야경을 벌 수 있는 곳이라 좋아요 객실 청결 상태도 좋고요 다만 진입로가 좁아 차량 이동 시 불편함은 있어요 전반적으로 만족스러운 곳입니다 굿,중립,긍정
다 좋았어요 넷플릭스도 되고 하지만 샤워헤드 고정 부분이 너무 낮았어요 수압도 약했고 위에 물 나오는 건 고장 났는지 안되더라고요 샤워하는 게 힘들었네요,부정,중립
중앙난방이 아니고 개별난방이어서 좋았어요 너무 더웠던 숙소에서 고통받았던 적이 있었거든요 중문이 없네요 엘베 바로 앞에 방 받았지만 시끄럽진 않았습니다 고기 냄새 밴 외투를 스타일러 돌릴 수 있어서 좋았어요 주차장도 넓었고 나와서 안내해 주셨어요 엘리베이터가 있어서 좋았고 바로 앞에 편의점도 있었어요 역전할 맥도 있고요 유리창은 열지 않아도 어두웠습니다 드라이기도 있었어요 물도 제공되었어요 수압도 괜찮고 따듯한 물도 잘 나왔어요 현관 센서가 화장실 갈 때마다 켜졌어요,부정,긍정
주말 전주 숙박 물가 엄청나네요,중립,긍정
과거 다른 브랜드 이름으로 영업할 때보다 훨씬 좋아졌네요 전주 신시가지에 이런 호텔 하나 정도 있으면 좋겠네요,중립,긍정
잘 쉬다가 갑니다 전주 오면 다시 들를게요,중립,긍정
직원분들 친절하고 객실도 깨끗해요 다만 방음이 너무 안됩니다 옆방 떠드는 소리가 정확한 대화 문장이 그대로 들려요 점심 뭐 먹은 지 고민하는 이야기가 다 들립니다,중립,부정
저렴하지만 전통적인 스타일 잘 묵었습니다,긍정,중립
일단 다른 곳에 비해서 가격이 저렴한데 룸 컨디션은 여타 다른 모텔 및 호텔에 비교해도 될 만큼 혜자스럽다고 말할 수 있겠네요 그리고 다른 곳은 방에 외풍이 있는 곳도 더러 있던데 그렇지 않아서 따뜻하게 숙면 취하고 나왔습니다,중립,부정
침구 및 청소상태 좋았고 담배 찌든 냄새 없어서 더욱더 좋았습니다 식당 및 숙박업소 밀집 지역이라 밤에 시끄러울까 걱정했는데 생각 외로 조용했습니다 주차공간은 많이 넓진 않으나 늦은 시간에는 주차 자리가 없을 수도 있겠더군요 저희는 여름휴가라 평일 조금 일찍 도착해서 상관없었지만요 그래도 사장님께서 차를 요리조리 주차해 주시는 듯하니 걱정 없을 것 같긴 합니다 다만 방에 비치되어 있던 디퓨저 향이 너무 진해서 향에 민감한 저희 신랑이 매우 힘들어했어요 그거 외에는 만족해요,긍정,중립
위치적으로도 괜찮았고 엄청 깔끔했어요 거의 호텔 안에 있었는데 엄청 답답하지 않고 좋았습니다 다만 엘리베이터가 너무 느린듯한 느낌이 아쉬워요,중립,부정
나쁘지 않았어요 다음에 또 이용하겠습니다,중립,긍정
화장실 객실 안 전부 깨끗하고 좋았습니다 잘 쉬었다 갑니다,긍정,중립
시설 자체는 오래된 느낌이 있습니다 청소상태랑 침대 소음 면에서 좋아요,부정,중립
깔끔하고 에어컨도 빵빵하고 잘 썼어요,긍정,중립
테라스 사용할 수 있는 건 아주 좋았습니다 그게 다임,중립,긍정
위치가 안쪽에 있어서 길치인 전 찾는 데 오래 걸렸어요 그래도 사장님이 착하셨고 먹을 수 있는 게 무료라 괜찮았어요 숙소에 컴퓨터가 있는데 게임하려고 하니 튕겨서 못했어요 방은 깔끔하고 정리가 잘 되어있어요,부정,중립
전주에 출장 시에 항상 묵는 숙소입니다 침구류 욕실 노트북을 사용할 수 있는 업무 공간이 있어 너무 좋은데 이번에 좀 아쉬운 건 스타일러가 고장 나서 엄청 불편했습니다 이런 부분을 제외하고는 로비에 간단 요기를 할 수 있는 장소도 있고 눈치 안 보며 편하게 먹을 수 있어 너무 좋습니다 뭐 항상 방문하니 이제는 쓸 말도 없네요 관리만 좀 더 잘 부탁드립니다,중립,긍정
밤 컨디션도 좋고 주변에 편의점 그리고 맛집들도 도보 가능한 거리에 있어 거두고 술도 한잔하기 좋아요 입실시간도 빠르고 퇴실 시간 보통 다른 곳은 시인데 시까지입니다 시간 차이는 많은 차이거든요 피로와 여독이 있는 사람에게 시간 더 잘 수 있는 건 엄청 장점이죠 인치 티브이에 넷플릭스도 되니 더운 여름 호캉스 하기 좋고 스타일러도 있어 그것도 좋네요 월풀 욕조 하면서 맥주나 커피 마시며 티브이도 함께 볼 수 있어 정말 좋았어요 가운과 프런트에 간단한 먹거리도 신경 쓰셔서 맘에 들고 욕실도 해바라기 샤워기까지 돼있고 비데도 있어 부족함이 없는 호텔이네요 고객을 위해 많이 신경 써주신 게 느껴집니다 쪼금 아쉬운 건 에어컨 바람이 좀 약한 게 바람 세게 나오면 완전한 호텔 일 거 같네요 좋아서 면박하고 갑니다 잘 쉬었다 가요 다음에 또 올게요,중립,긍정
객실이 군더더기 없고 구조도 당황스럽지 않은 평범한 구조라서 좋았어요 화장실이 백열등이라 화장을 해야 하거나 할 때 굳굳 끝방이어서 그런 건지 벽간이나 층간 소음이 없어서 저 용하고 아늑하게 잘 쉬었습니다 그리고 편의점이나 주변 상점들도 많고 위치가 너무 맘에 들었습니다 근데 컴퓨터가 좀 잔 렉이 심하고 스타일러가 고장 나 있어서 너무 아쉬웠어요 그리고 화장실 슬리퍼 냄새는 진짜 조심 그 외엔 다 만족스러웠습니다 다음에도 또 묵고 싶어요,중립,부정
서비스 직원 친절 모든 게 좋았습니다 하지만 주차공간이 좀 협소했습니다,중립,긍정
새로 지어진 곳이라 너무 깔끔했어요 난방도 잘 돼서 덥기까지 했어요 토스트도 먹을 수 있고 영화관 팝콘도 있어서 입이 심심하지 않고요 계속 이용할 듯싶어요 사장님도 친절하십니다,중립,긍정
침대에 전기장판 없는데 방도 보일러 따듯하게 돌아가는 거 아니라서 살짝 추웠어요 그렇지만 침대 푹신하고 넷플 돼서 편했습니다 대실 시간 시간이라 좀 짧긴 했네요 방 컨디션은 깨끗한 편이에요,부정,중립
별로임 올해만 최소 번 이상 왔을 텐데 이젠 안 가려고 함,중립,부정
외국인 직원분이 너무 불친절하지만 그것 빼고는 너무 다 좋아요,중립,긍정
급하게 예약해서 잘 묵고 갑니다 현장 가격과 여기 어때 가격 비슷하게 나타납니다 그 부분이 적용해서 조금 할인받을 수 있습니다 동네가 조용한 에어 고즈넉하고,중립,긍정
