name,category,rating_score,rating_count,address,source,image,lat,lng
전주 비지니스 호텔 궁,모텔,9.2,774,전북특별자치도 전주시 덕진구 용산1길 17-4,y,전주 비지니스 호텔 궁.jpg,35.8350253,127.1314096
글로스터호텔 전주,호텔비즈니스,9.1,948,전북특별자치도 전주시 완산구 팔달로 227,y,글로스터호텔 전주.jpg,35.8223482,127.1449563
신라스테이 전주 한옥마을,호텔비즈니스,9.4,372,전북특별자치도 전주시 완산구 현무1길 10,y,신라스테이 전주 한옥마을.jpg,35.8196908,127.1485428
전주 투썸스테이중화산점,모텔,9.6,709,전북특별자치도 전주시 완산구 어은로 12-4,y,전주 투썸스테이중화산점.jpg,35.8163907,127.1241473
전주 MH HOTEL 중화산동점,모텔,9.7,1324,전북특별자치도 전주시 완산구 어은로 12-6,y,전주 MH HOTEL 중화산동점.jpg,35.8161297,127.1241559
전주 MH HOTEL 객리단길점,모텔,9.2,1734,전북특별자치도 전주시 완산구 전주천동로 232,y,전주 MH HOTEL 객리단길점.jpg,35.8171608,127.1395521
전주 투썸스테이서신점,모텔,9.7,984,전북특별자치도 전주시 완산구 여울로 31,y,전주 투썸스테이서신점.jpg,35.8359971,127.1200342
전주 브라운도트 덕진점,모텔,9.2,1500,전북특별자치도 전주시 덕진구 기린대로 534,y,전주 브라운도트 덕진점.jpg,35.8460907,127.1210444
전주 노이 호텔,모텔,9.3,2140,전북특별자치도 전주시 덕진구 아중4길 21,y,전주 노이 호텔.jpg,35.8300402,127.1729791
라한호텔 전주,호텔4성급,9.4,1397,전북특별자치도 전주시 완산구 기린대로 85,y,라한호텔 전주.jpg,35.817109,127.1541068
전주 마리 덕진공원점,모텔,9.4,2194,전북특별자치도 전주시 덕진구 덕진연못3길 9-5,y,전주 마리 덕진공원점.jpg,35.8472043,127.1199323
전주 시그니처 호텔,호텔비즈니스,9.3,529,전북특별자치도 전주시 덕진구 백제대로 838,y,전주 시그니처 호텔.jpg,35.843409,127.1395351
전주 아늑료칸호텔 전주점,모텔,9.8,114,전북특별자치도 전주시 덕진구 용산2길 17,y,전주 아늑료칸호텔 전주점.jpg,35.8355082,127.1320696
전주 더케이,모텔,9.2,1554,전북특별자치도 전주시 완산구 한두평1길 10,y,전주 더케이.jpg,35.8123865,127.1240179
전주 호텔박스한옥마을 아중리점,모텔,9.3,1661,전북특별자치도 전주시 덕진구 아중4길 20-5,y,전주 호텔박스한옥마을 아중리점.jpg,35.8308616,127.1727605
전주 호텔아지트 신시가지점,모텔,9.6,760,전북특별자치도 전주시 완산구 홍산북로 46-11,y,전주 호텔아지트 신시가지점.jpg,35.8170692,127.1075208
전주 호텔모아,모텔,9.5,193,전북특별자치도 전주시 완산구 홍산북로 80,y,전주 호텔모아.jpg,35.8172913,127.1104681
전주 브라운도트 아중지구점,모텔,9.6,409,전북특별자치도 전주시 덕진구 아중중앙로 30,y,전주 브라운도트 아중지구점.jpg,35.8308778,127.171979
전주 호텔레이나구 전주 소풍,모텔,9.4,949,전북특별자치도 전주시 덕진구 산정3길 6,y,전주 호텔레이나구 전주 소풍.jpg,35.8373334,127.1707917
전주 Q큐,모텔,9.4,4403,전북특별자치도 전주시 완산구 한두평1길 12,y,전주 Q큐.jpg,35.8123141,127.1242604
전주 하운드호텔 전주아중지구,모텔,9.6,242,전북특별자치도 전주시 덕진구 산정2길 20,y,전주 하운드호텔 전주아중지구.jpg,35.8381375,127.168909
전주 YAJA전주한옥마을점,모텔,8.5,716,전북특별자치도 전주시 완산구 전주객사5길 64-4,y,전주 YAJA전주한옥마을점.jpg,35.8208666,127.1453295
전주 호텔 써밋스테이,모텔,9.7,432,전북특별자치도 전주시 덕진구 산정3길 2,y,전주 호텔 써밋스테이.jpg,35.8372357,127.1708798
베스트웨스턴 플러스 전주 호텔,호텔특급,9.3,1410,전북특별자치도 전주시 완산구 현무1길 41,y,베스트웨스턴 플러스 전주 호텔.jpg,35.8224402,127.1470122
전주 아늑호텔,모텔,9.8,1066,전북특별자치도 전주시 덕진구 산정3길 37,y,전주 아늑호텔.jpg,35.8389853,127.1684764
전주 호텔루고RUGO,모텔,9.7,265,전북특별자치도 전주시 완산구 한두평4길 5-5,y,전주 호텔루고RUGO.jpg,35.8159981,127.1235902
전주 호텔 시그니처Signature,모텔,9.8,835,전북특별자치도 전주시 완산구 한두평4길 5-4,y,전주 호텔 시그니처Signature.jpg,35.8160662,127.1238949
전주 호텔아지트 서신롯데점,모텔,9.6,927,전북특별자치도 전주시 완산구 여울로 25,y,전주 호텔아지트 서신롯데점.jpg,35.8355985,127.1206834
전주 호텔 어반스테이아중점,모텔,9.8,379,전북특별자치도 전주시 덕진구 정언신로 170,y,전주 호텔 어반스테이아중점.jpg,35.831211,127.1720514
전주 제이즈호텔,모텔,9.4,2612,전북특별자치도 전주시 덕진구 산정3길 11,y,전주 제이즈호텔.jpg,35.8375038,127.1702465
전주 화이트호텔,모텔,9.6,869,전북특별자치도 전주시 덕진구 전주천동로 501,y,전주 화이트호텔.jpg,35.8371797,127.1309731
전주 스마일,모텔,9.4,2396,전북특별자치도 전주시 덕진구 송천중앙로 12-12,y,전주 스마일.jpg,35.8475694,127.1192209
전주 와이케이,모텔,9.5,1291,전북특별자치도 전주시 덕진구 명륜5길 10-2,y,전주 와이케이.jpg,35.8432937,127.1256511
전주 에이치에비뉴HAVENUE,모텔,9.7,1005,전북특별자치도 전주시 덕진구 산정2길 6-4,y,전주 에이치에비뉴HAVENUE.jpg,35.8370331,127.1700237
전주 스타 호텔,모텔,9.6,258,전북특별자치도 전주시 완산구 한두평2길 9,y,전주 스타 호텔.jpg,35.813725,127.1239739
전주 윈져,모텔,9.1,3240,전북특별자치도 전주시 덕진구 용산1길 6-3,y,전주 윈져.jpg,35.8352903,127.1300358
전주 테라호텔,모텔,9.5,1049,전북특별자치도 전주시 덕진구 산정3길 26,y,전주 테라호텔.jpg,35.8388356,127.1696204
전주 하운드호텔 터미널점,모텔,9.8,214,전북특별자치도 전주시 덕진구 용산1길 6-5,y,전주 하운드호텔 터미널점.jpg,35.8351234,127.1298279
전주 브라이튼 호텔BRIGHTEN,모텔,9.7,522,전북특별자치도 전주시 완산구 한두평2길 8-3,y,전주 브라이튼 호텔BRIGHTEN.jpg,35.8132924,127.1239952
전주 씨투,모텔,8.9,197,전북특별자치도 전주시 완산구 홍산북로 70-7,y,전주 씨투.jpg,35.8170681,127.1097807
전주 히든호텔,모텔,9.3,1931,전북특별자치도 전주시 덕진구 덕진연못2길 9-5,y,전주 히든호텔.jpg,35.8459419,127.1217744
전주 이야기펜션,펜션NEW,9.9,66,전북특별자치도 전주시 완산구 동부대로 82-18,y,전주 이야기펜션.jpg,35.8027447,127.1931909
전주 에이치에비뉴 덕진점,모텔,9.7,163,전북특별자치도 전주시 덕진구 덕진연못3길 9-1,y,전주 에이치에비뉴 덕진점.jpg,35.8469677,127.120392
전주 라베 호텔,모텔,9.8,551,전북특별자치도 전주시 완산구 한두평2길 8-5,y,전주 라베 호텔.jpg,35.8131409,127.1239643
전주 이츠호텔,모텔,9.8,278,전북특별자치도 전주시 덕진구 아중2길 18-6,y,전주 이츠호텔.jpg,35.8297675,127.1736449
전주 호텔 늘,모텔,9.3,2027,전북특별자치도 전주시 덕진구 아중4길 23,y,전주 호텔 늘.jpg,35.8298931,127.1727387
솔 호텔,호텔비즈니스,9.3,312,전북특별자치도 전주시 덕진구 아중2길 22-4,y,솔 호텔.jpg,35.8295001,127.1733668
전주 HOTEL SOUNDS 호텔사운즈,모텔,9.4,506,전북특별자치도 전주시 완산구 한두평3길 7-6,y,전주 HOTEL SOUNDS 호텔사운즈.jpg,35.8151328,127.1239257
전주 마리 터미널점,모텔,9.6,2008,전북특별자치도 전주시 덕진구 용산3길 21,y,전주 마리 터미널점.jpg,35.8360318,127.1333311
전주 투썸호텔,모텔,9.7,1218,전북특별자치도 전주시 완산구 한두평2길 13-3,y,전주 투썸호텔.jpg,35.8139494,127.1239652
전주 프린스,모텔,9.4,862,전북특별자치도 전주시 완산구 한두평1길 9,y,전주 프린스.jpg,35.8126426,127.1242033
전주 관광호텔,모텔,8.5,1818,전북특별자치도 전주시 완산구 전주객사5길 44-5,y,전주 관광호텔.jpg,35.8204777,127.1454356
호텔 토랑 전주,호텔관광,9.6,81,전북특별자치도 전주시 덕진구 산정2길 23,y,호텔 토랑 전주.jpg,35.8382319,127.168271
전주 브라운도트 중화산동점,모텔,9.6,563,전북특별자치도 전주시 완산구 한두평2길 14-6,y,전주 브라운도트 중화산동점.jpg,35.8131639,127.1242994
전주 비지트 호텔VIZIT HOTEL,모텔,9.6,345,전북특별자치도 전주시 덕진구 아중중앙로 20,y,전주 비지트 호텔VIZIT HOTEL.jpg,35.8301208,127.1723749
전주 호텔아이,모텔,9.4,308,전북특별자치도 전주시 완산구 홍산북로 84,y,전주 호텔아이.jpg,35.8172911,127.1106728
전주 호텔다빈,모텔,9.7,180,전북특별자치도 전주시 완산구 팔달로 160,y,전주 호텔다빈.jpg,35.816772,127.1478207
전주 코자자,모텔,9.2,2074,전북특별자치도 전주시 덕진구 산정2길 18,y,전주 코자자.jpg,35.8378143,127.1690868
전주 한옥마을 비하녹,펜션,9.8,121,전북특별자치도 전주시 완산구 풍남문4길 26-34,y,전주 한옥마을 비하녹.jpg,35.8143547,127.145974
전주 필모텔,모텔,9.6,760,전북특별자치도 전주시 덕진구 도당산로 65-4,y,전주 필모텔.jpg,35.847533,127.1570846
전주 라온 호텔,모텔,9.2,109,전북특별자치도 전주시 완산구 풍남문2길 124-7,y,전주 라온 호텔.jpg,35.8145711,127.143807
전주 스테이 호텔(stay family),호텔비즈니스,10.0,15,전북특별자치도 전주시 덕진구 산정2길 6-5,y,전주 스테이 호텔(stay family).jpg,35.837312,127.1701762
전주 위너,모텔,9.5,2819,전북특별자치도 전주시 덕진구 아중4길 20,y,전주 위너.jpg,35.8303746,127.1730143
전주 호텔폭스FOX 2.0,모텔,9.6,264,전북특별자치도 전주시 완산구 홍산북로 58,y,전주 호텔폭스FOX 2.0.jpg,35.8172936,127.1081653
전주 하운드호텔덕진점,모텔,9.7,564,전북특별자치도 전주시 덕진구 기린대로 532-6,y,전주 하운드호텔덕진점.jpg,35.8460329,127.1214617
전주 넘버25 NO.25 산정점,모텔,9.7,723,전북특별자치도 전주시 덕진구 산정3길 12,y,전주 넘버25 NO.25 산정점.jpg,35.8376909,127.1704686
전주 브라운도트전주터미널점,모텔,9.7,574,전북특별자치도 전주시 덕진구 용산1길 12-4,y,전주 브라운도트전주터미널점.jpg,35.8349444,127.1299176
전주 호텔 더 빈센트,호텔비즈니스,9.8,276,전북특별자치도 전주시 완산구 전라감영로 76,y,전주 호텔 더 빈센트.jpg,35.8156922,127.14746
전주 어썸호텔,모텔,9.6,346,전북특별자치도 전주시 덕진구 용산1길 6-1,y,전주 어썸호텔.jpg,35.8354415,127.1301932
전주 루이호텔,모텔,9.3,421,전북특별자치도 전주시 완산구 한두평2길 10,y,전주 루이호텔.jpg,35.8134288,127.1240704
전주 호텔젠,모텔,9.5,2131,전북특별자치도 전주시 덕진구 아중4길 14-4,y,전주 호텔젠.jpg,35.8307891,127.1736571
전주 화려한외출2,모텔,8.6,1914,전북특별자치도 전주시 완산구 한두평2길 8-11,y,전주 화려한외출2.jpg,35.812679,127.1236124
전주 소소한 한옥,게하 · 한옥,10.0,348,전북특별자치도 전주시 완산구 은행로 5-7,y,전주 소소한 한옥.jpg,35.8196906,127.1520861
전주 제이브라운,모텔,9.8,981,전북특별자치도 전주시 덕진구 산정1길 26,y,전주 제이브라운.jpg,35.8383508,127.1681069
전주 호텔 달빛소리 드라이브인,모텔,9.4,1508,전북특별자치도 전주시 덕진구 산정2길 12-21,y,전주 호텔 달빛소리 드라이브인.jpg,35.8378354,127.1696974
전주 더그레이호텔,모텔,9.4,331,전북특별자치도 전주시 덕진구 세병서로 18-6,y,전주 더그레이호텔.jpg,35.8713325,127.1239771
전주 칸,모텔,9.5,1989,전북특별자치도 전주시 덕진구 산정2길 24-3,y,전주 칸.jpg,35.8384792,127.1688166
전주 엘도라도,모텔,9.3,574,전북특별자치도 전주시 완산구 한두평4길 11-3,y,전주 엘도라도.jpg,35.8159627,127.1241614
전주 데이나이스,모텔,9.3,140,전북특별자치도 전주시 완산구 홍산북로 46,y,전주 데이나이스.jpg,35.8172929,127.1069878
전주 쿡,모텔,9.3,484,전북특별자치도 전주시 완산구 홍산북로 84-10,y,전주 쿡.jpg,35.8170658,127.1106722
전주 에코스테이 호텔,모텔,9.6,449,전북특별자치도 전주시 덕진구 세병서로 8-27,y,전주 에코스테이 호텔.jpg,35.8714717,127.1228096
전주 황금,모텔,9.7,3666,전북특별자치도 전주시 덕진구 용산3길 25,y,전주 황금.jpg,35.8357955,127.1335972
전주 호텔루나,모텔,9.6,1224,전북특별자치도 전주시 덕진구 아중4길 14-7,y,전주 호텔루나.jpg,35.8308647,127.1732866
전주 풍남가족호텔,호텔2성급,9.2,62,전북특별자치도 전주시 완산구 전주객사2길 45-7,y,전주 풍남가족호텔.jpg,35.8184977,127.1401717
전주 호텔유,모텔,9.3,379,전북특별자치도 전주시 완산구 홍산북로 84-12,y,전주 호텔유.jpg,35.817066,127.1104675
전주 료칸호텔엣지,모텔,9.9,18,전북특별자치도 전주시 덕진구 산정2길 28-5,y,전주 료칸호텔엣지.jpg,35.8389367,127.1687206
전주 카누KANU,모텔,9.5,1931,전북특별자치도 전주시 덕진구 산정2길 12-7,y,전주 카누KANU.jpg,35.8377847,127.1693676
전주 카마호텔,모텔,9.7,308,전북특별자치도 전주시 완산구 한두평2길 8-9,y,전주 카마호텔.jpg,35.8128247,127.1237544
전주 루엘호텔 덕진공원 본점,호텔2성급,9.8,257,전북특별자치도 전주시 덕진구 기린대로 540,y,전주 루엘호텔 덕진공원 본점.jpg,35.8463755,127.1205858
전주 칼튼 힐 호텔,모텔,9.6,659,전북특별자치도 전주시 덕진구 용산3길 35,y,전주 칼튼 힐 호텔.jpg,35.8347435,127.1344824
전주 후,모텔,9.3,3243,전북특별자치도 전주시 덕진구 용산1길 12-2,y,전주 후.jpg,35.8351755,127.1302288
전주 타임 호텔,모텔,9.5,151,전북특별자치도 전주시 완산구 홍산북로 46-5,y,전주 타임 호텔.jpg,35.8170696,127.1071645
전주 스테이노트,펜션풀빌라,9.9,30,전북특별자치도 전주시 완산구 전라감영로 19-8,y,전주 스테이노트.jpg,35.8151684,127.1417013
전주 애플모텔,모텔,9.3,159,전북특별자치도 전주시 완산구 홍산북로 50,y,전주 애플모텔.jpg,35.8172944,127.1073436
전주 한옥호텔 궁,모텔,9.4,400,전북특별자치도 전주시 완산구 풍남문4길 25-19,y,전주 한옥호텔 궁.jpg,35.8143555,127.1445708
전주 플렉스호텔,모텔,9.7,1592,전북특별자치도 전주시 덕진구 산정2길 11,y,전주 플렉스호텔.jpg,35.8372624,127.1692313
이비스 스타일 앰배서더 전주,호텔3성급,9.3,98,전북특별자치도 전주시 완산구 전주객사4길 74-50,y,이비스 스타일 앰배서더 전주.jpg,35.8208252,127.1443089
전주 한옥마을 별빛궁,게하 · 한옥,9.9,426,전북특별자치도 전주시 완산구 태조로 12-18,y,전주 한옥마을 별빛궁.jpg,35.8156352,127.1533232
전주한옥호텔 태조궁,호텔비즈니스,9.2,64,전북특별자치도 전주시 완산구 전라감영로 40,y,전주한옥호텔 태조궁.jpg,35.8151442,127.1434894
전주 호텔야자 전주터미널점,모텔,9.4,254,전북특별자치도 전주시 덕진구 용산2길 13,y,전주 호텔야자 전주터미널점.jpg,35.8359555,127.1317486
전주 스페셜,모텔,8.8,397,전북특별자치도 전주시 완산구 한두평2길 8-7,y,전주 스페셜.jpg,35.8129791,127.1238724
호텔 바라한,호텔비즈니스,9.4,112,전북특별자치도 전주시 덕진구 용산2길 17-5,y,호텔 바라한.jpg,35.8360054,127.1320939
엔브릿지 호텔,호텔3성급,9.3,357,전북특별자치도 전주시 완산구 전주천서로 81,y,엔브릿지 호텔.jpg,35.8098982,127.1524166
전주 몽블랑,모텔,9.7,342,전북특별자치도 전주시 완산구 한두평2길 11,y,전주 몽블랑.jpg,35.8137043,127.1241696
전주 한옥마을 한지꿀잠,펜션,9.2,95,전북특별자치도 전주시 완산구 최명희길 26-41,y,전주 한옥마을 한지꿀잠.jpg,35.8166592,127.1509733
전주 에비뉴호텔,모텔,9.7,2016,전북특별자치도 전주시 덕진구 산정2길 12-16,y,전주 에비뉴호텔.jpg,35.8375457,127.1699554
전주 핀앤핏하우스,모텔,8.9,328,전북특별자치도 전주시 덕진구 덕진광장로 8-1,y,전주 핀앤핏하우스.jpg,35.8439949,127.1247137
전주 한옥마을 인디고,게하 · 한옥,9.9,216,전북특별자치도 전주시 완산구 은행로 5-9,y,전주 한옥마을 인디고.jpg,35.8196952,127.1522039
전주 메이드HOTEL MADE,모텔,9.7,3263,전북특별자치도 전주시 덕진구 산정2길 12-8,y,전주 메이드HOTEL MADE.jpg,35.8372779,127.1698378
전주 그랜드힐스턴 호텔,호텔3성급,9.2,180,전북특별자치도 전주시 완산구 온고을로 211,y,전주 그랜드힐스턴 호텔.jpg,35.8385207,127.1009938
전주 POP,모텔,9.1,422,전북특별자치도 전주시 완산구 홍산북로 74,y,전주 POP.jpg,35.8172918,127.1100945
전주 한옥마을 한옥미담,게하 · 한옥,9.8,255,전북특별자치도 전주시 완산구 동문길 54-41,y,전주 한옥마을 한옥미담.jpg,35.8193126,127.1505815
전주 호텔야자 중화산점,모텔,9.4,41,전북특별자치도 전주시 완산구 한두평3길 5,y,전주 호텔야자 중화산점.jpg,35.8148938,127.1234975
전주 한옥마을 한옥고택 고을,게하 · 한옥,9.9,179,전북특별자치도 전주시 완산구 최명희길 26-7,y,전주 한옥마을 한옥고택 고을.jpg,35.8162452,127.1514991
에이치에비뉴 덕진점,호텔비즈니스,9.8,68,전북특별자치도 전주시 덕진구 덕진연못3길 9-3,y,에이치에비뉴 덕진점.jpg,35.8470704,127.1201968
전주 왕의지밀 한옥호텔,호텔특급,9.4,131,전북특별자치도 전주시 완산구 춘향로 5218-20,y,전주 왕의지밀 한옥호텔.jpg,35.8005168,127.1771084
전주 릴렉스호텔,모텔,9.7,335,전북특별자치도 전주시 덕진구 아중4길 6-9,y,전주 릴렉스호텔.jpg,35.8313938,127.1740132
전주 코아,모텔,8.7,122,전북특별자치도 전주시 완산구 팔달로 286-7,y,전주 코아.jpg,35.8278678,127.1432719
전주한옥마을 독채 덕수궁 별관,펜션,9.7,22,전북특별자치도 전주시 완산구 기린대로 72,y,전주한옥마을 독채 덕수궁 별관.jpg,35.8156934,127.1549583
전주 엘림호텔,모텔,9.2,264,전북특별자치도 전주시 완산구 한두평3길 7-4,y,전주 엘림호텔.jpg,35.8150237,127.1239292
전주 투헤븐,모텔,9.5,1727,전북특별자치도 전주시 덕진구 용산2길 7,y,전주 투헤븐.jpg,35.8363172,127.1314037
전주 아미르,모텔,8.6,1310,전북특별자치도 전주시 덕진구 아중2길 14-4,y,전주 아미르.jpg,35.8298055,127.1741726
전주 관광호텔 꽃심,호텔3성급,9.7,285,전북특별자치도 전주시 완산구 팔달로 171,y,전주 관광호텔 꽃심.jpg,35.8177688,127.1467722
전주 돈키호테 드라이브인 무인텔,모텔,9.6,153,전북특별자치도 전주시 덕진구 산정3길 17,y,전주 돈키호테 드라이브인 무인텔.jpg,35.8381304,127.1696748
전주 MOMENT708,모텔,9.2,717,전북특별자치도 전주시 덕진구 가리내로 126,y,전주 MOMENT708.jpg,35.8361075,127.1227276
호텔 아라리,호텔2성급,9.6,116,전북특별자치도 전주시 덕진구 떡전5길 24,y,호텔 아라리.jpg,35.8376717,127.1304975
전주 구름채 게스트하우스,게하 · 한옥,9.4,271,전북특별자치도 전주시 완산구 경기전길 45,y,전주 구름채 게스트하우스.jpg,35.8172988,127.150573
전주 다온호텔,호텔2성급,9.8,76,전북특별자치도 전주시 완산구 전주천서로 49,y,전주 다온호텔.jpg,35.8185902,127.1399885
전주 라임 호텔HOTEL LIME,모텔,9.8,824,전북특별자치도 전주시 덕진구 아중4길 13-3,y,전주 라임 호텔HOTEL LIME.jpg,35.8301567,127.1739884
전주 감스테이,모텔,9.6,631,전북특별자치도 전주시 덕진구 산정3길 30,y,전주 감스테이.jpg,35.8391862,127.169399
전주 한옥마을 골목길 게스트하우스,게하 · 한옥,9.4,295,전북특별자치도 전주시 완산구 향교길 91-3,y,전주 한옥마을 골목길 게스트하우스.jpg,35.8121394,127.1545837
전주 한옥 몽유화원,게하 · 한옥,8.8,98,전북특별자치도 전주시 완산구 서학3길 85-1,y,전주 한옥 몽유화원.jpg,35.8092175,127.1516527
전주 에이플러스,모텔,9.6,545,전북특별자치도 전주시 덕진구 동부대로 527,y,전주 에이플러스.jpg,35.8382503,127.1702072
전주 한옥마을 꽃잠,게하 · 한옥,9.9,400,전북특별자치도 전주시 완산구 동문길 19-14,y,전주 한옥마을 꽃잠.jpg,35.8187132,127.1528477
전주 Stay 테오리아,펜션,9.9,10,전북특별자치도 전주시 완산구 동문길 51-8,y,전주 Stay 테오리아.jpg,35.8184805,127.1510359
전주 인트로 호텔,모텔,9.4,41,전북특별자치도 전주시 완산구 한두평1길 11,y,전주 인트로 호텔.jpg,35.8126384,127.1243679
전주한옥마을 독채 덕수궁,게하 · 한옥,9.7,69,전북특별자치도 전주시 완산구 최명희길 26-40,y,전주한옥마을 독채 덕수궁.jpg,35.8167446,127.1516257
재즈 어라운드 관광 호텔,호텔관광,9.6,175,전북특별자치도 전주시 덕진구 정언신로 182,y,재즈 어라운드 관광 호텔.jpg,35.8314457,127.1733088
전주 서로 한옥펜션,펜션,9.4,69,전북특별자치도 전주시 완산구 한지길 100-12,y,전주 서로 한옥펜션.jpg,35.8157687,127.1534713
전주한옥마을 연우당,게하 · 한옥,9.9,96,전북특별자치도 전주시 완산구 태조로 12-17,y,전주한옥마을 연우당.jpg,35.8155726,127.1530973
늘품호텔,호텔1성급,9.4,254,전북특별자치도 전주시 완산구 기린대로 90,y,늘품호텔.jpg,35.8172276,127.1549885
전주 스토리,모텔,9.6,642,전북특별자치도 전주시 덕진구 용산2길 8,y,전주 스토리.jpg,35.8357545,127.1315502
전주한옥마을 하늘기와,게하 · 한옥,10.0,8,전북특별자치도 전주시 완산구 전주천동로 54-8,y,전주한옥마을 하늘기와.jpg,35.811618,127.1548358
전주 타미호텔TOMMY HOTEL,모텔,9.0,192,전북특별자치도 전주시 덕진구 권삼득로 383,y,전주 타미호텔TOMMY HOTEL.jpg,35.8466493,127.1210633
별둘 자쿠지 독채 펜션,펜션,9.8,10,전북특별자치도 전주시 완산구 간납대2길 59-3,y,별둘 자쿠지 독채 펜션.jpg,35.8165528,127.1601392
전주 갤러리 스테이,게하 · 한옥,9.9,240,전북특별자치도 전주시 완산구 동문길 54-23,y,전주 갤러리 스테이.jpg,35.8191815,127.1507331
전주한옥마을 덕수궁,게하 · 한옥,9.7,326,전북특별자치도 전주시 완산구 간납로 10,y,전주한옥마을 덕수궁.jpg,35.8166144,127.1557394
전주 한옥 영하우스,펜션,9.7,47,전북특별자치도 전주시 완산구 팔달로 292-4,y,전주 한옥 영하우스.jpg,35.8279395,127.1428937
전주 자우리,모텔,9.5,553,전북특별자치도 전주시 덕진구 아중4길 13-4,y,전주 자우리.jpg,35.8301169,127.1736796
전주 바른 숙박BARUN STAY,모텔,9.3,133,전북특별자치도 전주시 덕진구 산정1길 32,y,전주 바른 숙박BARUN STAY.jpg,35.8386778,127.1677518
전주 워너비,모텔,9.1,1016,전북특별자치도 전주시 덕진구 덕진연못3길 8-4,y,전주 워너비.jpg,35.8463852,127.1209453
전주 정가 한옥,게하 · 한옥,9.7,148,전북특별자치도 전주시 완산구 기린대로 78-3,y,전주 정가 한옥.jpg,35.8163403,127.155117
전주 마음엔뜰,홈&빌라,10.0,8,전북특별자치도 전주시 완산구 중인1길 184,y,전주 마음엔뜰.jpg,35.7635766,127.0906547
전주한옥마을 도화서가 스테이 독채펜션,펜션,9.9,6,전북특별자치도 전주시 완산구 동문길 93,y,전주한옥마을 도화서가 스테이 독채펜션.jpg,35.8179977,127.1489808
전주 뷰티,모텔,9.2,593,전북특별자치도 전주시 덕진구 용산3길 8,y,전주 뷰티.jpg,35.8366624,127.1319152
24게스트하우스 전주점,게하 · 한옥,9.7,207,전북특별자치도 전주시 완산구 현무3길 56,y,24게스트하우스 전주점.jpg,35.8221964,127.1503411
전주 한옥마을 소리풍경,게하 · 한옥,9.4,68,전북특별자치도 전주시 완산구 태조로 12-5,y,전주 한옥마을 소리풍경.jpg,35.8153532,127.1532166
전주 기린 게스트하우스,게하 · 한옥,9.3,165,전북특별자치도 전주시 완산구 현무3길 34,y,전주 기린 게스트하우스.jpg,35.8215133,127.1512672
전주 블루원,모텔,9.2,726,전북특별자치도 전주시 덕진구 용산2길 18,y,전주 블루원.jpg,35.8355859,127.1316201
전주 한옥마을 산아래,게하 · 한옥,9.7,210,전북특별자치도 전주시 완산구 오목대길 56,y,전주 한옥마을 산아래.jpg,35.813153,127.1532925
전주한옥마을 아침스테이,펜션,9.8,31,전북특별자치도 전주시 완산구 팔달로 150-5,y,전주한옥마을 아침스테이.jpg,35.815924,127.1483312
전주 포레스트그릴 글램핑,캠핑 · 글램핑,9.6,5,전북특별자치도 전주시 완산구 학봉1길 39,y,전주 포레스트그릴 글램핑.jpg,35.8018185,127.1516586
전주 한옥체험 모꼬지,게하 · 한옥,9.8,277,전북특별자치도 전주시 완산구 향교길 124-6,y,전주 한옥체험 모꼬지.jpg,35.8118211,127.156213
전주 엠파이어,모텔,9.1,228,전북특별자치도 전주시 완산구 한두평1길 13-3,y,전주 엠파이어.jpg,35.8128155,127.124236
전주 1박2일,모텔,8.9,354,전북특별자치도 전주시 덕진구 도당산4길 26,y,전주 1박2일.jpg,35.8474408,127.158597
전주 알프스,모텔,8.6,638,전북특별자치도 전주시 완산구 한두평1길 13-5,y,전주 알프스.jpg,35.8129534,127.1242667
전주 한옥마을 그리운 집,게하 · 한옥,9.7,62,전북특별자치도 전주시 완산구 향교길 23-3,y,전주 한옥마을 그리운 집.jpg,35.8118243,127.1507568
전주 황실관광호텔,호텔1성급,8.8,311,전북특별자치도 전주시 완산구 은행로 22,y,전주 황실관광호텔.jpg,35.8179308,127.1516817
전주 한옥마을 별자리,게하 · 한옥,9.9,179,전북특별자치도 전주시 완산구 최명희길 26-17,y,전주 한옥마을 별자리.jpg,35.8165353,127.1512615
전주 한옥 독채 꽃마르트,홈&빌라,9.9,15,전북특별자치도 전주시 완산구 곤지산3길 14-27,y,전주 한옥 독채 꽃마르트.jpg,35.8077992,127.1460101
전주 이가 한옥 본관,게하 · 한옥,9.4,167,전북특별자치도 전주시 완산구 간납로 8,y,전주 이가 한옥 본관.jpg,35.8165897,127.1555845
전주 한옥마을 한옥솔솔,게하 · 한옥,9.8,127,전북특별자치도 전주시 완산구 최명희길 31,y,전주 한옥마을 한옥솔솔.jpg,35.8156907,127.1510991
전주 투나잇2NIGHT,모텔,9.7,662,전북특별자치도 전주시 덕진구 아중4길 16,y,전주 투나잇2NIGHT.jpg,35.83061,127.1734188
전주 샵 호텔SHARP HOTEL,모텔,9.7,665,전북특별자치도 전주시 덕진구 산정3길 22,y,전주 샵 호텔SHARP HOTEL.jpg,35.8386203,127.1697708
전주 마리호텔,모텔,9.8,188,전북특별자치도 전주시 덕진구 아중중앙로 26,y,전주 마리호텔.jpg,35.8305833,127.1721318
호텔어라이브 전주 시화연풍,호텔비즈니스,9.3,26,전북특별자치도 전주시 완산구 풍남문3길 9-5,y,호텔어라이브 전주 시화연풍.jpg,35.8139527,127.1467273
전주 호텔K,모텔,9.5,142,전북특별자치도 전주시 덕진구 용산2길 5,y,전주 호텔K.jpg,35.8364297,127.1311019
전주 한옥마을 알콩달콩 다락방,게하 · 한옥,9.9,220,전북특별자치도 전주시 완산구 경기전길 153-6,y,전주 한옥마을 알콩달콩 다락방.jpg,35.8125153,127.1517009
전주 그리고봄 독채펜션,펜션,9.9,7,전북특별자치도 전주시 완산구 은행로 65-11,y,전주 그리고봄 독채펜션.jpg,35.8141562,127.1533539
전주 대화사우나,모텔,9.8,546,전북특별자치도 전주시 덕진구 권삼득로 103,y,전주 대화사우나.jpg,35.8298934,127.1435046
전주 한옥마을 꽃자리,게하 · 한옥,9.9,60,전북특별자치도 전주시 완산구 최명희길 26-23,y,전주 한옥마을 꽃자리.jpg,35.8162973,127.1510912
전주 한옥마을 교동가온,게하 · 한옥,9.8,50,전북특별자치도 전주시 완산구 은행로 75-3,y,전주 한옥마을 교동가온.jpg,35.8133121,127.1530958
전주 안녕 제제 옥상달빛,홈&빌라,9.8,14,전북특별자치도 전주시 완산구 전동성당길 33-9,y,전주 안녕 제제 옥상달빛.jpg,35.8176774,127.1494163
전주 해밀 펜션,펜션,9.5,25,전북특별자치도 전주시 완산구 향교길 19-23,y,전주 해밀 펜션.jpg,35.8125114,127.149941
전주한옥마을 메종 14,게하 · 한옥,10.0,35,전북특별자치도 전주시 완산구 경기전길 184-5,y,전주한옥마을 메종 14.jpg,35.8113682,127.1513432
전주 슈페리어,모텔,9.1,629,전북특별자치도 전주시 덕진구 도당산4길 14,y,전주 슈페리어.jpg,35.8478586,127.1594698
전주 짬,모텔,9.0,637,전북특별자치도 전주시 덕진구 동부대로 523,y,전주 짬.jpg,35.8378407,127.1706246
전주 한옥마을 분 게스트하우스,게하 · 한옥,10.0,9,전북특별자치도 전주시 완산구 전동성당길 33-6,y,전주 한옥마을 분 게스트하우스.jpg,35.817425,127.1492188
전주 토마토,모텔,8.9,923,전북특별자치도 전주시 덕진구 용산3길 18,y,전주 토마토.jpg,35.836056,127.1328429
전주 더 메이 호텔,호텔4성급,9.5,37,전북특별자치도 전주시 덕진구 기린대로 800,y,전주 더 메이 호텔.jpg,35.8596902,127.0957812
전주 한옥마을 담소 황토 한옥,게하 · 한옥,9.6,129,전북특별자치도 전주시 완산구 향교길 71,y,전주 한옥마을 담소 황토 한옥.jpg,35.8120995,127.1535327
전주 한옥마을 한옥이야기,게하 · 한옥,9.8,45,전북특별자치도 전주시 완산구 은행로 83-14,y,전주 한옥마을 한옥이야기.jpg,35.8122526,127.1535585
전주 한옥마을 여별,게하 · 한옥,9.8,20,전북특별자치도 전주시 완산구 팔달로 94-6,y,전주 한옥마을 여별.jpg,35.8114667,127.1501312
전주 스테이 일상이상,펜션,10.0,3,전북특별자치도 전주시 완산구 인봉1길 16-4,y,전주 스테이 일상이상.jpg,35.8245542,127.1542671
전주 여가,펜션,9.7,12,전북특별자치도 전주시 완산구 태조로 12-12,y,전주 여가.jpg,35.8155114,127.153386
전주 풍류가옥,펜션,9.7,5,전북특별자치도 전주시 완산구 인봉1길 26,y,전주 풍류가옥.jpg,35.8246398,127.1553107
전주 한옥마을 더 머뭄,게하 · 한옥,9.8,331,전북특별자치도 전주시 완산구 최명희길 26-25,y,전주 한옥마을 더 머뭄.jpg,35.8164736,127.1510566
전주 한옥마을 교동살래,게하 · 한옥,9.6,74,전북특별자치도 전주시 완산구 전주천동로 66-1,y,전주 한옥마을 교동살래.jpg,35.8112537,127.1533454
전주한옥마을 웨이,게하 · 한옥,9.7,69,전북특별자치도 전주시 완산구 은행로 16,y,전주한옥마을 웨이.jpg,35.8184907,127.1516918
전주한옥마을 예술가의집 시간무늬,펜션,9.9,10,전북특별자치도 전주시 완산구 천경로 15-16,y,전주한옥마을 예술가의집 시간무늬.jpg,35.808378,127.1529183
전주 한옥마을 경기전 별당채,게하 · 한옥,9.8,156,전북특별자치도 전주시 완산구 최명희길 16-3,y,전주 한옥마을 경기전 별당채.jpg,35.816344,127.1525736
전주 한옥마을 별빛 쉼터,게하 · 한옥,10.0,16,전북특별자치도 전주시 완산구 향교길 42-9,y,전주 한옥마을 별빛 쉼터.jpg,35.8113174,127.1519307
전주 프린스 우아점,모텔,9.4,633,전북특별자치도 전주시 덕진구 동부대로 441,y,전주 프린스 우아점.jpg,35.8315254,127.1743418
전주 한옥마을 혜윰,게하 · 한옥,9.9,17,전북특별자치도 전주시 완산구 향교길 42-5,y,전주 한옥마을 혜윰.jpg,35.8114823,127.1520065
전주 한옥마을 달빛향,게하 · 한옥,10.0,10,전북특별자치도 전주시 완산구 전주천동로 64-16,y,전주 한옥마을 달빛향.jpg,35.8114624,127.1536694
전주 한옥마을 어울림,게하 · 한옥,9.9,127,전북특별자치도 전주시 완산구 은행로 75-5,y,전주 한옥마을 어울림.jpg,35.8133028,127.1532698
향교길선우가,홈&빌라,10.0,9,전북특별자치도 전주시 완산구 향교길 155-13,y,향교길선우가.jpg,35.8127578,127.1582168
전주 한옥마을 꽃밭정원 예쁜집 좋은날,게하 · 한옥,9.6,149,전북특별자치도 전주시 완산구 전동성당길 37-7,y,전주 한옥마을 꽃밭정원 예쁜집 좋은날.jpg,35.8172336,127.1492699
더정가 스테이,게하 · 한옥,9.9,45,전북특별자치도 전주시 완산구 기린대로 76,y,더정가 스테이.jpg,35.8160631,127.1549795
전주 소소정,홈&빌라,9.8,11,전북특별자치도 전주시 완산구 향교길 155-11,y,전주 소소정.jpg,35.812667,127.1581868
전주 한옥마을 성심,게하 · 한옥,9.9,20,전북특별자치도 전주시 완산구 은행로 30-3,y,전주 한옥마을 성심.jpg,35.8171412,127.1519255
전주 한옥마을 한옥미쁨,게하 · 한옥,9.9,70,전북특별자치도 전주시 완산구 은행로 15-6,y,전주 한옥마을 한옥미쁨.jpg,35.818589,127.152195
전주한옥마을 풍남주택,게하 · 한옥,9.7,34,전북특별자치도 전주시 완산구 최명희길 26-39,y,전주한옥마을 풍남주택.jpg,35.816629,127.150801
전주 천년의아침,펜션,9.4,5,전북특별자치도 전주시 완산구 기린대로 71-1,y,전주 천년의아침.jpg,35.8156431,127.1542992
전주 원색명화마을,게하 · 한옥,9.8,55,전북특별자치도 전주시 완산구 바람쐬는길 330,y,전주 원색명화마을.jpg,35.8003681,127.1892309
전주 한옥마을 여지 게스트하우스,게하 · 한옥,9.6,71,전북특별자치도 전주시 완산구 팔달로 202-16,y,전주 한옥마을 여지 게스트하우스.jpg,35.820448,127.1469691
전주 그날을담다,펜션,10.0,3,전북특별자치도 전주시 완산구 풍남문5길 23-7,y,전주 그날을담다.jpg,35.8138955,127.1413359
전주 호스텔&게스트하우스,게하 · 한옥,9.5,94,전북특별자치도 전주시 덕진구 동부대로 694-8,y,전주 호스텔&게스트하우스.jpg,35.8507863,127.1607452
블루보트 게스트하우스 전주점,게하 · 한옥,9.6,98,전북특별자치도 전주시 완산구 충경로 75,y,블루보트 게스트하우스 전주점.jpg,35.8188634,127.1473027
전주한옥마을 서학의 아침 펜션,펜션,10.0,4,전북특별자치도 전주시 완산구 서학3길 74-21,y,전주한옥마을 서학의 아침 펜션.jpg,35.8089087,127.1528045
전주 한옥스테이 까치,펜션,10.0,4,전북특별자치도 전주시 완산구 은행로 74-5,y,전주 한옥스테이 까치.jpg,35.8132425,127.1524679
전주 한옥마을 어린왕자 게스트하우스,게하 · 한옥,9.8,44,전북특별자치도 전주시 완산구 태조로 14-1,y,전주 한옥마을 어린왕자 게스트하우스.jpg,35.8150769,127.1531901
전주 쑈드라이브인,모텔,9.5,24,전북특별자치도 전주시 덕진구 용산2길 10,y,전주 쑈드라이브인.jpg,35.8360127,127.1311716
전주 한옥마을 사랑가득,게하 · 한옥,9.6,48,전북특별자치도 전주시 완산구 향교길 149-8,y,전주 한옥마을 사랑가득.jpg,35.8124117,127.1579886
전주 시인과짜몽 게스트하우스,게하 · 한옥,9.8,12,전북특별자치도 전주시 완산구 서학3길 15-1,y,전주 시인과짜몽 게스트하우스.jpg,35.8060627,127.1514403
참다원,홈&빌라,9.5,11,전북특별자치도 전주시 완산구 향교길 155-9,y,참다원.jpg,35.8125675,127.1581661
전주 수호텔,모텔,9.3,97,전북특별자치도 전주시 덕진구 아중4길 20-4,y,전주 수호텔.jpg,35.8306932,127.1731595
전주 한옥마을 예원당,게하 · 한옥,9.5,62,전북특별자치도 전주시 완산구 어진길 33-10,y,전주 한옥마을 예원당.jpg,35.8173376,127.152723
전주 한옥마을 행복가득,게하 · 한옥,9.7,19,전북특별자치도 전주시 완산구 전주천동로 64-3,y,전주 한옥마을 행복가득.jpg,35.8114708,127.1534622
전주 한옥마을 그림 게스트하우스,게하 · 한옥,9.7,7,전북특별자치도 전주시 완산구 향교길 149-13,y,전주 한옥마을 그림 게스트하우스.jpg,35.8127906,127.157785
전주 민트 게스트하우스,게하 · 한옥,9.8,16,전북특별자치도 전주시 완산구 서학로 27-2,y,전주 민트 게스트하우스.jpg,35.8097532,127.152682
전주 호텔 포레,모텔,9.4,13,전북특별자치도 전주시 완산구 한두평3길 14-6,y,전주 호텔 포레.jpg,35.8145386,127.1242085
전주 한옥마을 고희,게하 · 한옥,9.6,12,전북특별자치도 전주시 완산구 빙고리3길 5,y,전주 한옥마을 고희.jpg,35.812584,127.1379878
전주 한옥마을 서선야,게하 · 한옥,9.7,79,전북특별자치도 전주시 완산구 동문길 19-6,y,전주 한옥마을 서선야.jpg,35.819048,127.152714
전주 한옥 황토 편백하우스,게하 · 한옥,9.8,62,전북특별자치도 전주시 완산구 완산6길 8-17,y,전주 한옥 황토 편백하우스.jpg,35.8079414,127.1434959
베니키아 전주한성호텔,호텔2성급,8.1,163,전북특별자치도 전주시 완산구 전주객사5길 43-3,y,베니키아 전주한성호텔.jpg,35.8198606,127.1448149
전주 FX,모텔,9.4,54,전북특별자치도 전주시 덕진구 아중4길 14-10,y,전주 FX.jpg,35.831124,127.173482
전주 한옥마을 장수,게하 · 한옥,9.3,54,전북특별자치도 전주시 완산구 은행로 55-1,y,전주 한옥마을 장수.jpg,35.815045,127.1528524
전주 호텔 캐슬,모텔,9.0,177,전북특별자치도 전주시 덕진구 아중4길 10-4,y,전주 호텔 캐슬.jpg,35.830873,127.174107
전주 한옥마을 다나하루 게스트하우스,게하 · 한옥,9.6,54,전북특별자치도 전주시 완산구 향교길 11,y,전주 한옥마을 다나하루 게스트하우스.jpg,35.8117938,127.1502447
전주 한옥 도원,게하 · 한옥,9.6,18,전북특별자치도 전주시 완산구 서학1길 38-1,y,전주 한옥 도원.jpg,35.8075419,127.1504533
전주 한옥마을 뜰안채 신관,게하 · 한옥,9.4,33,전북특별자치도 전주시 완산구 어진길 94-5,y,전주 한옥마을 뜰안채 신관.jpg,35.8171209,127.1493355
전주 한옥마을 강령전,게하 · 한옥,9.6,20,전북특별자치도 전주시 완산구 태조로 26-24,y,전주 한옥마을 강령전.jpg,35.8149912,127.1519082
전주 오래된미래 게스트하우스,게하 · 한옥,9.6,40,전북특별자치도 전주시 완산구 바람쐬는길 35-19,y,전주 오래된미래 게스트하우스.jpg,35.8111219,127.1632802
전주 H 호텔,모텔,9.4,52,전북특별자치도 전주시 덕진구 아중4길 23-6,y,전주 H 호텔.jpg,35.8296749,127.1728544
전주 하얏트,모텔,8.9,442,전북특별자치도 전주시 덕진구 도당산로 65,y,전주 하얏트.jpg,35.8473382,127.1573496
전주 풍류헌 한옥고택 독채,펜션,10.0,4,전북특별자치도 전주시 완산구 풍남문5길 21-7,y,전주 풍류헌 한옥고택 독채.jpg,35.8138174,127.1418456
전주 한옥마을 돌담집 본관,게하 · 한옥,9.7,12,전북특별자치도 전주시 완산구 최명희길 26-5,y,전주 한옥마을 돌담집 본관.jpg,35.8161664,127.1514683
전주 한옥마을 1928 쉼마루,게하 · 한옥,9.5,31,전북특별자치도 전주시 완산구 향교길 51-4,y,전주 한옥마을 1928 쉼마루.jpg,35.8119175,127.1525294
전주 한옥마을 꼴 게스트하우스,게하 · 한옥,9.4,53,전북특별자치도 전주시 완산구 은행로 21-1,y,전주 한옥마을 꼴 게스트하우스.jpg,35.8181143,127.1521718
나비잠한옥호텔,호텔2성급,9.2,51,전북특별자치도 전주시 완산구 팔달로 150-17,y,나비잠한옥호텔.jpg,35.8161528,127.1486202
전주 한옥마을 푸른요람,게하 · 한옥,10.0,4,전북특별자치도 전주시 완산구 은행로 68-8,y,전주 한옥마을 푸른요람.jpg,35.8139198,127.1522947
전주 한옥마을 오목헌,게하 · 한옥,9.6,5,전북특별자치도 전주시 완산구 은행로 76,y,전주 한옥마을 오목헌.jpg,35.8132501,127.152638
전주 씨네마,모텔,8.4,94,전북특별자치도 전주시 완산구 전주객사3길 27,y,전주 씨네마.jpg,35.8184981,127.1421392
전주한옥마을숙박 향촌 펜션,펜션,9.2,4,전북특별자치도 전주시 완산구 어진길 65,y,전주한옥마을숙박 향촌 펜션.jpg,35.8172282,127.1510293
전주 한옥 사계,게하 · 한옥,9.5,19,전북특별자치도 전주시 완산구 서학3길 27-4,y,전주 한옥 사계.jpg,35.8066921,127.1512252
전주 한옥마을 숙박 체험관,게하 · 한옥,9.5,12,전북특별자치도 전주시 완산구 은행로 56,y,전주 한옥마을 숙박 체험관.jpg,35.8149938,127.1523558
전주 한옥마을 한옥마당 행랑채,게하 · 한옥,9.4,28,전북특별자치도 전주시 완산구 전주천동로 80-13,y,전주 한옥마을 한옥마당 행랑채.jpg,35.8113183,127.1520577
대동고택,홈&빌라,9.2,13,전북특별자치도 전주시 완산구 대동로 7-13,y,대동고택.jpg,35.8215182,127.1363459
전주 니어리스트 게스트하우스,게하 · 한옥,9.3,30,전북특별자치도 전주시 완산구 팔달로 202-14,y,전주 니어리스트 게스트하우스.jpg,35.8204225,127.1468359
전주 한옥마을 취락당,게하 · 한옥,9.3,37,전북특별자치도 전주시 완산구 동문길 33-19,y,전주 한옥마을 취락당.jpg,35.8185928,127.1527228
전주 더씨티 호텔,호텔관광,9.4,466,전북특별자치도 전주시 완산구 충경로 65,y,전주 더씨티 호텔.jpg,35.818662,127.1463051
전주 이카로스,모텔,9.1,231,전북특별자치도 전주시 덕진구 용산2길 20,y,전주 이카로스.jpg,35.8353558,127.1318703
전주 한옥마을 다정 게스트하우스,게하 · 한옥,9.3,31,전북특별자치도 전주시 완산구 전동성당길 30,y,전주 한옥마을 다정 게스트하우스.jpg,35.8176107,127.1487075
전주한옥마을 온유,게하 · 한옥,9.2,11,전북특별자치도 전주시 완산구 한지길 107,y,전주한옥마을 온유.jpg,35.8155132,127.1541334
전주한옥마을 김명옥 별장펜션,펜션,9.1,6,전북특별자치도 전주시 완산구 내원당길 58-14,y,전주한옥마을 김명옥 별장펜션.jpg,35.7954446,127.1703516
호텔 오페라21,호텔1성급,8.8,220,전북특별자치도 전주시 덕진구 정언신로 186,y,호텔 오페라21.jpg,35.8317364,127.1735883
전주 줄리앤소피하우스,홈&빌라,9.2,5,전북특별자치도 전주시 완산구 인정로 8,y,전주 줄리앤소피하우스.jpg,35.819755,127.1203552
전주 한옥마을 가은채2,게하 · 한옥,9.2,7,전북특별자치도 전주시 완산구 한지길 100-20,y,전주 한옥마을 가은채2.jpg,35.8155292,127.1534999
전주 타임,모텔,8.6,204,전북특별자치도 전주시 덕진구 용산1길 11,y,전주 타임.jpg,35.835438,127.1305734
전주 한옥마을 유정 게스트하우스,게하 · 한옥,8.9,24,전북특별자치도 전주시 완산구 어진길 90-9,y,전주 한옥마을 유정 게스트하우스.jpg,35.8173369,127.1496062
전주 영화호텔,호텔2성급,9.1,104,전북특별자치도 전주시 완산구 전주객사2길 28-27,y,전주 영화호텔.jpg,35.8184264,127.1414153
전주한옥마을 나성하우스,게하 · 한옥,9.1,6,전북특별자치도 전주시 덕진구 금암2길 7-3,y,전주한옥마을 나성하우스.jpg,35.8408078,127.1348848
전주 나비,모텔,8.5,84,전북특별자치도 전주시 덕진구 산정3길 28,y,전주 나비.jpg,35.8389435,127.1694234
전주 Y 누리봄 게스트하우스,게하 · 한옥,8.8,23,전북특별자치도 전주시 완산구 서학로 47-3,y,전주 Y 누리봄 게스트하우스.jpg,35.8097188,127.1546694
전주 그여자네집 독채펜션,펜션,9.0,4,전북특별자치도 전주시 완산구 향교길 101,y,전주 그여자네집 독채펜션.jpg,35.8120761,127.1551061
전주 한옥마을 이택구 사랑채,게하 · 한옥,8.9,54,전북특별자치도 전주시 완산구 최명희길 11-5,y,전주 한옥마을 이택구 사랑채.jpg,35.8160819,127.1534564
전주 호텔 엑스오XO,모텔,8.8,329,전북특별자치도 전주시 덕진구 용산1길 17-1,y,전주 호텔 엑스오XO.jpg,35.8352114,127.1311049
전주 하루 호텔 (HARU),호텔비즈니스,9.0,61,전북특별자치도 전주시 덕진구 산정3길 19-2,y,전주 하루 호텔 (HARU).jpg,35.8383751,127.1692313
전주 한옥마을 흥부가,게하 · 한옥,8.5,40,전북특별자치도 전주시 완산구 태조로 26-34,y,전주 한옥마을 흥부가.jpg,35.8151161,127.1519716
전주 래미안스테이,모텔,8.7,16,전북특별자치도 전주시 덕진구 아중4길 6-1,y,전주 래미안스테이.jpg,35.8309586,127.1742425
전주 한옥마을 고현당,게하 · 한옥,8.7,29,전북특별자치도 전주시 완산구 한지길 112-3,y,전주 한옥마을 고현당.jpg,35.8152722,127.153724
전주 낭만시대 게스트하우스,게하 · 한옥,8.4,111,전북특별자치도 전주시 완산구 동문길 102,y,전주 낭만시대 게스트하우스.jpg,35.8180926,127.1483953
전주 쉐르빌,모텔,8.2,145,전북특별자치도 전주시 덕진구 아중4길 9,y,전주 쉐르빌.jpg,35.830494,127.1743067
전주 한옥마을 감영루,게하 · 한옥,8.2,29,전북특별자치도 전주시 완산구 풍남문4길 26-42,y,전주 한옥마을 감영루.jpg,35.814691,127.1459022
전주 한옥마을 가원당,게하 · 한옥,8.5,6,전북특별자치도 전주시 완산구 경기전길 125-9,y,전주 한옥마을 가원당.jpg,35.8139228,127.1517894
전주한옥마을 알지비 게스트하우스,게하 · 한옥,8.3,7,전북특별자치도 전주시 완산구 전주천동로 86-1,y,전주한옥마을 알지비 게스트하우스.jpg,35.8110615,127.1511705
전주 푸실 한옥펜션,펜션,7.8,6,전북특별자치도 전주시 완산구 향교길 149-12,y,전주 푸실 한옥펜션.jpg,35.8126725,127.1580133
전주 한옥마을 다래헌,게하 · 한옥,9.3,3,전북특별자치도 전주시 완산구 은행로 51-3,y,전주 한옥마을 다래헌.jpg,35.8155418,127.1528817
전주 무렵,홈&빌라,10.0,2,전북특별자치도 전주시 완산구 전주천동로 80-17,y,전주 무렵.jpg,35.8113516,127.1522278
전주 한옥마을 가은채,게하 · 한옥,8.1,15,전북특별자치도 전주시 완산구 한지길 68-15,y,전주 한옥마을 가은채.jpg,35.8169617,127.1532962
전주 한옥마을 뜨레가,게하 · 한옥,9.2,3,전북특별자치도 전주시 완산구 전주천동로 58-10,y,전주 한옥마을 뜨레가.jpg,35.8116319,127.1544078
전주 한옥마을 하늘풍경,게하 · 한옥,8.4,4,전북특별자치도 전주시 완산구 향교길 51-13,y,전주 한옥마을 하늘풍경.jpg,35.8124588,127.1523779
전주 아침정원 게스트하우스,게하 · 한옥,8.1,5,전북특별자치도 전주시 완산구 학전길 15-1,y,전주 아침정원 게스트하우스.jpg,35.7658541,127.1087556
전주 한옥마을 독채 한옥스테이 선물,홈&빌라,10.0,2,전북특별자치도 전주시 완산구 경기전길 57-13,y,전주 한옥마을 독채 한옥스테이 선물.jpg,,
하록당,홈&빌라,10.0,2,전북특별자치도 전주시 완산구 향교길 155-30,y,하록당.jpg,35.8125705,127.1583505
전주 한옥마을 너울가지,게하 · 한옥,8.4,3,전북특별자치도 전주시 완산구 풍남문4길 16-9,y,전주 한옥마을 너울가지.jpg,35.8140572,127.1457388
전주 가락청 게스트하우스,게하 · 한옥,10.0,2,전북특별자치도 전주시 완산구 한지길 68,y,전주 가락청 게스트하우스.jpg,35.81726,127.1535505
전주 한옥마을 서쪽 독채,게하 · 한옥,10.0,2,전북특별자치도 전주시 완산구 간납대2길 18,y,전주 한옥마을 서쪽 독채.jpg,35.8167628,127.1580189
전주 푸른솔펜션,펜션풀빌라,10.0,2,전북특별자치도 전주시 완산구 내원당길 92-7,y,전주 푸른솔펜션.jpg,35.7925959,127.1703214
전주한옥마을 다락,게하 · 한옥,8.1,3,전북특별자치도 전주시 완산구 경기전길 57-6,y,전주한옥마을 다락.jpg,35.8168487,127.1509207
전주한옥마을 독채 재우성,홈&빌라,9.8,2,전북특별자치도 전주시 완산구 간납대2길 16,y,전주한옥마을 독채 재우성.jpg,35.816735,127.1579382
전주한옥마을 독채 덕수궁 2관,펜션,7.8,3,전북특별자치도 전주시 완산구 태조로 26-44,y,전주한옥마을 독채 덕수궁 2관.jpg,35.8152067,127.1517401
전주한옥마을 달달잠 독채 펜션,펜션,8.7,2,전북특별자치도 전주시 완산구 간납대2길 28,y,전주한옥마을 달달잠 독채 펜션.jpg,35.8168166,127.1584988
전주 나나,모텔,5.8,44,전북특별자치도 전주시 완산구 서학로 11,y,전주 나나.jpg,35.8098726,127.1506458
전주 한옥마을 가인당 안채,펜션,10.0,1,전북특별자치도 전주시 완산구 경기전길 165-11,y,전주 한옥마을 가인당 안채.jpg,35.8123516,127.1518299
스테이 선선 하늬,홈&빌라,10.0,1,전북특별자치도 전주시 완산구 전동성당길 62-6,y,스테이 선선 하늬.jpg,35.8163301,127.1486895
전주 스테이 여유,펜션,9.7,1,전북특별자치도 전주시 완산구 향교길 155-22,y,전주 스테이 여유.jpg,35.8124347,127.1586273
전주 한옥마루 게스트하우스,게하 · 한옥,7.2,2,전북특별자치도 전주시 완산구 한지길 103,y,전주 한옥마루 게스트하우스.jpg,35.8157439,127.1541038
전주 나루 스테이한옥 독채 전주한옥마을,펜션,10.0,1,전북특별자치도 전주시 완산구 전주천동로 58,y,전주 나루 스테이한옥 독채 전주한옥마을.jpg,35.8113602,127.1543969
전주한옥마을 자만재,펜션,10.0,1,전북특별자치도 전주시 완산구 오목대길 45-31,y,전주한옥마을 자만재.jpg,35.812726,127.1540562
전주한옥마을 달님 게스트하우스,게하 · 한옥,10.0,1,전북특별자치도 전주시 완산구 동문길 101,y,전주한옥마을 달님 게스트하우스.jpg,35.8178593,127.1485192
전주 앤 게스트하우스,게하 · 한옥,6.2,2,전북특별자치도 전주시 완산구 서학3길 83,y,전주 앤 게스트하우스.jpg,35.8091128,127.1516141
전주한옥마을 독채 수,펜션,8.7,1,전북특별자치도 전주시 완산구 태조로 26-42,y,전주한옥마을 독채 수.jpg,35.8153347,127.1517669
전주 라임 무인텔,모텔,3.1,26,전북특별자치도 전주시 덕진구 팽나무4길 22-4,y,전주 라임 무인텔.jpg,35.8347401,127.1541117
전주 한옥마을 천년마루,게하 · 한옥,3.0,12,전북특별자치도 전주시 완산구 경기전길 186,y,전주 한옥마을 천년마루.jpg,35.8111811,127.1513375
전주한옥마을 공간의미 독채펜션,펜션,1.7,2,전북특별자치도 전주시 완산구 자만동2길 40,y,전주한옥마을 공간의미 독채펜션.jpg,35.8144324,127.1577995
전주 스테이 숨숨,홈&빌라,0.0,0,전북특별자치도 전주시 덕진구 기린대로 400-29,y,전주 스테이 숨숨.jpg,35.838219,127.1327161
무와섬W,홈&빌라,0.0,0,전북특별자치도 전주시 완산구 향교길 23-7,y,무와섬W.jpg,35.8119956,127.1510223
스테이춘몽,홈&빌라,0.0,0,전북특별자치도 전주시 완산구 한지길 28,y,스테이춘몽.jpg,35.8190191,127.153182
전주 늦잠,홈&빌라,0.0,0,전북특별자치도 전주시 완산구 서학3길 73-15,y,전주 늦잠.jpg,35.8088624,127.151189
전주 한옥마을 태조마루,게하 · 한옥,0.0,0,전북특별자치도 전주시 완산구 팔달로 150-15,y,전주 한옥마을 태조마루.jpg,35.8159608,127.1485113
전주 한옥스테이 담길,펜션,0.0,0,전북특별자치도 전주시 완산구 최명희길 8,y,전주 한옥스테이 담길.jpg,35.8164896,127.1535801
전주 사로,홈&빌라,0.0,0,전북특별자치도 전주시 완산구 서학3길 73-22,y,전주 사로.jpg,35.8089586,127.1513368
전주한옥마을 교동 스테이,게하 · 한옥,0.0,0,전북특별자치도 전주시 완산구 최명희길 30,y,전주한옥마을 교동 스테이.jpg,35.815991,127.1514283
전주 한옥마을 동락원,게하 · 한옥,0.0,0,전북특별자치도 전주시 완산구 은행로 33-6,y,전주 한옥마을 동락원.jpg,35.816802,127.1527893
전주 감성한옥 하루 독채펜션,펜션,0.0,0,전북특별자치도 전주시 완산구 태조로 12-16,y,전주 감성한옥 하루 독채펜션.jpg,35.81551,127.1532839
전주 스테이 구월,홈&빌라,0.0,0,전북특별자치도 전주시 완산구 기린대로 68-7,y,전주 스테이 구월.jpg,35.8154957,127.1551236
전주 대명여관 게스트하우스,게하 · 한옥NEW,0.0,0,전북특별자치도 전주시 완산구 풍남문4길 25-10,y,전주 대명여관 게스트하우스.jpg,35.8148367,127.1449751
전주한옥마을 풍남양옥,게하 · 한옥,0.0,0,전북특별자치도 전주시 완산구 은행로 29-9,y,전주한옥마을 풍남양옥.jpg,35.817257,127.1524612
오붓,홈&빌라,0.0,0,전북특별자치도 전주시 완산구 서신천변3길 3,y,오붓.jpg,35.8277724,127.1138727
전주 동백하우스,게하 · 한옥,0.0,0,전북특별자치도 전주시 완산구 천경로 21,y,전주 동백하우스.jpg,35.8082584,127.1530595
전주 천동로 선우가,홈&빌라,0.0,0,전북특별자치도 전주시 완산구 전주천동로 50,y,전주 천동로 선우가.jpg,35.8114546,127.1551964
전주 해피니스온 자쿠지 독채 펜션,펜션,0.0,0,전북특별자치도 전주시 완산구 전주천동로 64-6,y,전주 해피니스온 자쿠지 독채 펜션.jpg,35.8113246,127.1535563
전주 한옥 초승달 게스트하우스,게하 · 한옥,0.0,0,전북특별자치도 전주시 완산구 향교길 56-9,y,전주 한옥 초승달 게스트하우스.jpg,35.811498,127.1525526
전주 J&J 게스트하우스,게하 · 한옥,0.0,0,전북특별자치도 전주시 완산구 현무3길 60,y,전주 J&J 게스트하우스.jpg,35.8223588,127.1500761
