id,review_content,rating,write_date
y_001_751,잘 쉬었어요 깨끗하구요,5,10개월 전
y_001_752,ㅎㅎ 너무좋아요 ㅎㅎ 그럼 수고하세요 전주터미널쪽에 최고의 텔이라고 생각합니다 요즘 전국 관광지를 돌아다면서 숙박업소에 대한 기준이 엄격해지는중인데 와 여기 좋습니다 넓어료 ㅂ층에 먹을곳도 망ㅎ아요 주차도 편히해요 ㅎㅎ 와 그냥 좋아요 여기 여행지 주변 사시는분들은 그냥 여기가시면됩니다 사진은 무관한점 좌송핮니다 ㅎㅎ 하지만 여기좋가는건 팩트닙니다 그러니깐 전주사시는분들 전주여행가시는분은 요기로 가시먼 편하십니가 ㅋㅋ그러니 여기로 가싲쇼 ㅋㅋ 그럼 수고하시고 여행즐거우시고 좋은숙소 여깁니다 ㅎㅎ  ,5,3개월 전
y_001_753,가격은 싸게 잘 잡았으나  청결도 부분에서 너무  불편하여 그냥 퇴실하고 나왔네요 저희가 너무 청결에 민감해서 그럴수도 있다고 생각합니다이 가격에 이정도면 나쁘지 않아요 저희만 넘 유별나서 그럴수도 있네요,2,4개월 전
y_001_754,가끔 들리는 깔끔한 숙소 입니다 입실 및 퇴실시간 아주 만족스럽고 방상태도 관리가 잘되어있슺니다 매트리스가 좋아요 소음공해가 적어서 잠자기 편리합니다 하지만 고요한밤에도 근처방소리나 티비음량이 들리지않아요 화장실 수압은 강하고 따뜻한물 아주 잘나옵니다 아직 여름철대비 에어컨 정비가 잘 되어있어 시원하게 보낼 수 있었습니다 생수가 넉넉히 있어서 추가로 챙길 필요는 없습니다 깔끔하고 편리한 가구배치로 동선이나 잠자기 편리해요다음에도 방문할만합니다,5,10개월 전
y_001_755,음별로였습니다 방이바뀌긴햇는데 전방에서 쓰레기나오고 음,0,6개월 전
y_001_756,항상 자주 이용 잘하고 있습니다,2,5개월 전
y_001_757,다음에 기회되면 다시 이용하여 볼께요,2,8개월 전
y_001_758,사장님이 친절하고 티비 커서 좋았습니다 근데 베개에 곰팡이 같은게 피어있었고 청결한 느낌은 들지 않았어요,3,8개월 전
y_001_759,잘 사용하다 갑니다,3,9개월 전
y_001_760,여사장님이 매우매우 친덜합니다 청소상태가 깨끗하서 좋았고 티비고 크고 스타일러고 있고 공기청정기도 있어서 꽤나 만족스럽게 이용한거 같습니다 주차공간고 매우 넓어서 아무나 편하게 주차항 수 있을 정도 입니다 화장실은 깨끗한 편입니다용조가 없고 단순한 편입니다1회 용품도 잘 준비되어있고 객실안에 위생가운도 잘 비치되어 있어서 만족 스럽게 일박했네요 객실은 다른곳에 비해 작지고 크지도 않는 평범한 편입니다,3,6개월 전
y_001_761,너무너무 잘 있다 갑니당너무너무 잘 있다 갑니당너무너무 잘 있다 갑니당너무너무 잘 있다 갑니당너무너무 잘 있다 갑니당너무너무 잘 있다 갑니당너무너무 잘 있다 갑니당너무너무 잘 있다 갑니당너무너무 잘 있다 갑니당너무너무 잘 있다 갑니당너무너무 잘 있다 갑니당너무너무 잘 있다 갑니당너무너무 잘 있다 갑니당너무너무 잘 있다 갑니당너무너무 잘 있다 갑니당너무너무 잘 있다 갑니당너무너무 잘 있다 갑니당,5,10개월 전
y_001_762,너무너무 잘 있다 갑니당너무너무 잘 있다 갑니당너무너무 잘 있다 갑니당너무너무 잘 있다 갑니당너무너무 잘 있다 갑니당너무너무 잘 있다 갑니당너무너무 잘 있다 갑니당너무너무 잘 있다 갑니당너무너무 잘 있다 갑니당너무너무 잘 있다 갑니당너무너무 잘 있다 갑니당너무너무 잘 있다 갑니당너무너무 잘 있다 갑니당너무너무 잘 있다 갑니당너무너무 잘 있다 갑니당너무너무 잘 있다 갑니당너무너무 잘 있다 갑니당,5,10개월 전
y_001_763,지금 쉬고 있는데 하루 더 연장할라고요,5,11개월 전
y_001_764,당일 급작스럽게 숙박을 해야해서당일예약을 하게 되었는데아주 저렴한 가격에 이용할 수 있게 되어서좋았습니다위치도 터미널 바로 옆에 있어서 접근성도 좋았구요관광지인 한옥마을에서도 멀지 않아서좋았습니다객실 컨디션은 전체적으로 나쁘지 않았구요도 볼 수 있어서 재밌고 편하게쉴 수 있었습니다다음에 전주를 다시 방문을 할 수 있을지는모르겠지만다음에 또 방문하게 된다면재방문하여 이용할 의사도 있습니다사장님 친절하시고 많이 번창하세요,4,1년 전
y_001_765,사장님이 친절하시고 객실도 깨끗하고 좋아요재방문 의사 무조건 있습니다,5,1년 전
y_002_766,위치 조금 애매한 위치 한옥마을도 15분정도 거리고 전주역도 15분 정도 거리여서 다 애매했지만 한옥마을 주변에 호텔이 없어서 이용했어요  주차 지상 지하 주차장이 다 있습니다 하지만 이용하지 않았습니다 객실상태 침구도 깨끗했고 머리카락 하나 보이지 않아서 좋았어요 수건 또한 괜찮았습니다 샴푸 트리트먼트 바디워시는 무난 했지만 좋은건 아니였어요 ㅎ드라이기 상태는 나쁘지 않았는데요 저렇게 세면대에 아무 포장 없이 있는건 너무 성의없는 느낌 세수 하다 보면 물이 다 튀길텐데  좀 모텔 느낌 처럼 있어서 조금 실망했어요조식 먹지 않았지만 오픈 저녁 바베큐 행사를 하던데 네이버리뷰를 찾아보니 종류도 많지 않고 29000원 정도에 가격은 아니다 라는 평이 많아서 패스 했습니다주변 1층에 편의점이 있어서 너무 편했고 주변에는 1-2분 거리에 큰 편의점도 있어서 너무 편리성이 좋았습니다 전체적인느낌 생각보다 외관상 호텔은 고급져보여서 오 했어요 겉모습과 달리 속은 조금 아쉬운느낌이 있었어요 여러모로 만족은 했지만 전체적으로는 쏘쏘 10만원대 이상이면 안올거같고 10만원대 아래의 가격이라하면 올거같아요 편리성이 좋다는게 제일 장점이지만 편의점만 있고 먹을곳은 없어요 그리고 조금더 아쉬운점은 체크인할때 줄을 섰는데 순서대로 온사람이 먼저인데 바로 뒤에 있는사람부터 체크인 해주는게 좀 짜증이 났어요ㅜ,4,9일 전
y_002_767,첫인상이 깔끔한 숙소였으며 창가에 한옥 느낌의 틀이 전주 한옥마을 근처에 있는 숙소라는 것을 느끼게 해주는 듯했습니다 입실할 때 창으로 들어오는 햇살이 따사했고 주위 건물보다 층이 높아 앞에 건물이 있음에도 탁 트인 전망이었습니다한옥마을까지는 멀지 않아 도보로 움직이기 충분하며 한옥마을 근처에 있는 맛집들을 다녀오기에도 위치상 나쁘지 않아 전주 한옥마을을 여행하신다면 위치상 좋은 선택일 듯합니다 한옥마을 내에 있지는 않지만 저희는 조금 더 걷더라도 주차가 원활하고 주변이 조용한 곳을 원했기에 괜찮은 선택이었다고 생각이 드네요체크인할 때 프런트에서 쿠폰을 몇 장 주셨는데 그중에 1장은 투숙객 프로모션으로 라운지에서 맥주를 무료로 마실 수 있는 쿠폰이었고 또 한 장은 바로 건너편 건물 1층에 있는 투썸플레이스 음료 할인권이었습니다 저희는 비가 왔기에 라운지 이용이 어려웠고 투썸은 다음 날 아침에 가야지 해놓고 까먹어서 그대로 들고 왔습니다 ㅎㅎ할인이 별로 없는 투썸에 20 할인 쿠폰은 완전 맘에 들었습니다개인적으로 아쉬웠던 점은 욕실 내에 샤워용품인데 저는 손에 힘이 잘 안 들어가는지 샴푸 린스 등을 짜서 사용하기 어렵더라고요 꽉 힘을 줘서 짜야 잘 눌려서 그게 좀 아쉬웠습니다 ㅠㅠ또 한 가지 동행인이 아쉬웠던 점은 객실 내 슬리퍼가 발볼이 넓어 들어가지 않더라고요 저는 잘 신었는데 남자친구는 못 신고 생활했었네요 ㅎㅎ 웬만하면 잘 맞을 것 같은데 발볼이 넓은 분들은 신기 어려울 수도 있을 듯합니다전주 한옥마을 근처에 있어서 주차 걱정이 많으실 것 같은데 지하뿐 아니라 지상 주차장 그리고 앞쪽에 공용주차장처럼 생긴 곳이 있는데 주말 및 공휴일엔 호텔 투숙객만 들어갈 수 있게 하는 것 같더라고요 저희는 지하 주차장을 이용했는데 지하 주차장이 넓은 편이 아니어서 저처럼 초보운전은 차라리 지상 주차가 나을 것 같아요 이건 지극히 개인적인 생각입니다 주차뿐 아니라 위치적으로도 맘에 들었던 숙소로 재방문 의사 무조건 있어 전주 여행에 차를 끌고 오셔서 주차할 공간이 꼭 필요한 분들은 고려해 볼 숙소라고 생각되어 추천해 드립니다,4,1개월 전
y_002_768,작년에 너무 좋았던 숙소라 다시 방문했습니다하지만 작년에 비해 만족도는 많이 떨어져서재방문 의사는 잘 모르겠습니다국제영화제 시즌이라 바쁘셔서 그런지 프런트직원께서 쿠폰 등 설명도 없이 그냥 키만 건네주셨습니다옆에서 체크인 하는 다른 분들 설명 같이 들었어요ㅋㅋㅋㅋ침대 컨디션은 괜찮았는데 숙소 내부에서 창문을 열 수 없게되어 있더라구요 에어컨 틀기는 이르고 객실은 답답해서 불편했습니다 환기시스템이 필요한 것 같아요하지만 위치나 주차는 이번에도 만족했습니다,4,1개월 전
y_002_769,조식때문에 이 호텔로 예약했어요들어가니까 딱 호텔이라는 분위기가 느껴지고 직원분들 너무 친절하십니다 이것저것 물어봐도 친절하게 답 해주십니다객실 내부 청결도 훌륭하구요 바닥이 카펫재질이라 분위기 있어요 1층에 편의점도 있어서 편합니다입구에 이중잠금 할수있어서 안전해보여요 굿굿 슬리퍼는 일회용으로 개별포장 되어있고 욕실도 깔끔하니 좋았습니다주차할수있는 공간도 잘 마련되어있고 조식도 종류 다양하고 너무 만족스러웠네요 밥도있고 빵도있고 음료도 다양해 좋습니다 조식좋아호텔이라 배달시키면 방까지 못올라와서 로비에서 가져가야 합니다 참고약간 아쉬운건 티비살짝 작고 소리가 울려서 이상해요,5,21일 전
y_002_770,구라마다 일때부터 전주오면 늘 들리는 곳입니다가격 위치가 좋아요객리단길 걸어서 5분한옥마을은 15분정도 걸리는거같은데걷는 길에 풍년제과가 있어서 들렸다 가기 좋아요한잔하고 잔뒤 그다음날 아침 길건너면 콩나물해장국먹어주면 딱 좋은 코스예요1층에 편의점이 생겨서 더 편리해진거같아요침구는 폭신하고 좋아요칫솔은 챙겨가야하고 수압은 괜찮은 편이예요주차장 지하 3층까지있고 만차일경우 실외에 있는 주차장 이용 가능해요카운터에서 안내해주세요가격 위치가 가장 큰 장점인 숙소입니다,5,22일 전
y_002_771,위치도 좋고 시설도 괜찮은 편입니다 소독약 냄새 안나는게 가장 좋았습니다 다만 2주 전에 첫 방문시에도 시트 밑에 머리카락이 보였는데 이번에도 사진 찍은 거 외에 체모 여러개가 시트 밑에 있었고 침대 헤드 먼지도 너무 많았습니다 그리고 이번엔 10층이라 그런지 세면대 물도 잘 안빠졌네요 그 외에는 넷플릭스도 되고 책상이 있어서 노트북으로 업무도 보고 배달음식도 편히 먹었습니다 책상 옆  포트는 지난번에도 안되더니 이번에도 안되더라구요  몇몇을 제외하곤 1층에 편의점도 있고 데스크도 친절해서 잘 묵고 왔습니다 위생 조금만 개선해주세요,4,26일 전
y_002_772,글로스터 호텔은 전주 한옥마을까지 걸어가기에  적당한 위치에 있어서 좋았습니다도착후 직원분의 친절한 안내로 체크인하고 한옥마을까지 걸어가는데  전주시내구경도 하며 적당히 운동도 되더라구요무엇보다 서울에서 아직 보지못한 목련과 벚꽃이 일부 개화되어 있어서 눈 힐링 했네요전주하면 먹거리 여행답게 콩나물해장국 전주비빔밥등등 인스타에 나오는 먹거리를 먹으면서 한옥마을 투어를 마치고 돌아와 편안한침대에 누우니 꿀잠했네요시설은 연식이 좀 있으나 청결하고 샤워시설도 적당한 수압이 좋았읍니다편하게 쉬다보니다음 전주여행 계획이 세워진다면 글로스터 호텔 다시 재방문예정입니다,4,3개월 전
y_002_773,위치 전주 한옥마을 전주시청 인접 객리단길 맛집 카페러 나가기 좋은 곳숙소 상태 시설 깔끔하고 청소 상태  배정받은 방은 최대 3인인데 엄청 넓진 않아요 높은 층으로 배정해주셔서 전망은 탁 트임 화장실도 크진 않아도 샤워 부스로 공간 분리되어 있고 청소 상태 좋아서 쾌적하게 이용함체크인 직원분이 친절하게 안내해줬어요주차장 투숙객에 한해서 무료로 이용 가능 건물 지하 지상 주차장으로 여유롭게 주차 가능 전주에 놀러가면 주차 문제가 곤란했는데 그 부분 쉽게 해결되는 곳이라 좋았어요기타 물이랑 간단히 마실 수 있는 티백은 최대 인원 기준 맞춰서 준비해주셨어요 수건도 인원 수에 비해 넉넉하게 주셔서 좋았음,5,3개월 전
y_002_774,전주동물원 갔다가 숙박 여행지도 한 코스처럼 아이에게 기억에 남게 해주고 싶어서 키즈테마 객실로 예약 했어요프론트 로비도 깔끔하고 여직원분들이 웃으시면서 친절하게 체크인아웃 해주셔서 감사했습니다 건물자체 전체적으로 신설 느낌 많이 주더라구요 키즈객실이라고 하니 오로라 빔도 대여해주셨습니다객실은 구석 구석 다 찍진 못했지만 사파리 느낌에 라탄이 주는 느낌과 더불어서 휴양지객실 같아서 부모인 저도 좋았어요 키즈테마 꾸밈 객실로만 생각했지 워시나 발돋움에도 준비해주심에 좋다 생각했는데 모서리 충격 방지 붙여놓은데서 오 신경썻다 이랬던거 같아요 화장실이며 곳곳에 동물 스티커지도 붙여져있고 테마 확실합니다신발을 벗고 들어갈 수 있게 현관과 생활 공간이 단 차이가 있는게 좋았는데온돌객실처럼 화장실 문이 유리문인데 너무 무겁고 고정이 안되는게 좀 불편했어요 그리고 침대 머리 맡 보조테이블 아래에 머리카락이 있어서 청결에서 별 1개 뺍니당 그래도 전반적으로 재방문 의사 있는 호텔이예요 굳이 키즈 객실 아니더라도 호텔이 전반적으로 깔끔하게 느껴지며 부대시설 식음업장 이벤트가 많아 다음에는 꼭 이용하고 싶다는 생각이 들었습니다,4,1개월 전
y_002_775,1주년 기념여행으로 전주에 다녀왔습니다크리스마스 분위기 가득한 로비호텔 내 주차장이 만차라 바로 옆 공영주차장룸 컨디션 직원서비스 모두 만족했습니다다만 화장실에서 날벌레인지 바퀴벌레인지 알 수 없는 벌레가 나와서 다소 위생부분에서 아쉬웠습니다체크아웃 시 직원분께 전달드렸고 정중하게 사과하셨고 향후 위생관련 더욱 신경쓰겠다고 하셨습니다조식은 쿠폰이 있었지만 전주에서 맛있는 것들 더 먹으려고 신청하지 않았어요한옥마을까진 걸어서 천천히 30분 정도 걸리는 것 같습니다이부자리도 포근해서 푹 잘 수 있었고 객실 내 온도나 물 온도 등 좋았습니다다음에 전주 방문 할 일이 있으면 다시 고려해볼 숙소입니다,4,6개월 전
y_002_776,이번이 두번째 글로스터 호텔 방문이었는데 첫번째 방문보다 만족도가 높았습니다3인실 침대 3개가 있는 곳이 마침 여기에 있어서 묵었어요 작년에는 싱글더블베드였는데 더블베드는 2인이 같이 쓰기엔 좁아서 불편했거든요이번에 트리플 베드룸이 있어서 예약했는데 훨씬 편해서  다음번에도 이 룸으로 예약해야겠어요일회용품 어매니티는 없었고 작년에는 슬리퍼도 없었는데 이번엔 슬리퍼도 있어서 좋았어요온수도 잘 나오고 수압도 좋아서 만족스러웠어요카운터에 있는 직원분이 무척 친절해서 체크인과 체크아웃할 때 좋은 인상으로 남았고 특히 체크아웃하고 제가 실수로 물건을 놓고 나왔는데 다시 갔을 때 다행히 물건을 찾을 수 있게 해주셔서 넘 감사했습니다이번 재방문이 더 만족스러워서 다음번에도 전주여행 가면 묵고 싶은 곳이 되었어요,4,16일 전
y_002_777,한옥마을에서 도보로 10분 거리여서 숙소에 주차해놓고 편하게 구경할 수 있어 좋았고 시장도 바로 앞이여서 위치적으로 접근성이 좋은편인것 같아 만족스러웠어요룸도 무료로 업그레이드 받아 넓은 침대에서 편하게 쉴 수 있어 좋았고 룸이 크진 않았지만 공간 활용을 잘해 있어야 하는 가구들과 소품들이 실용적으로 잘 배치되어 있어 만족스러웠습니다그리고 전 숙소에서 제일 중요하게 생각하는 부분이 청결인데 정말 깔끔하고 청결한 점이 제일 마음에 들었습니다다만 공사를 하는지 새벽부터 공사소리가 들려 일찍 잠에서 깼고 방음이 엄청 잘 되는 것 같진 않아 조금 아쉬웠습니다그 점만 빼고는 전체적으로 매우 만족했고 다음번에 전주로 또 여행을 오게 된다면 이 숙소를 다시 예약할 것 같아요,4,1개월 전
y_002_778,울산팬이라 경기보러 왔다가 묵을곳으로 글로스터를 택했습니다  울산팬들 볼 수 있게 솔직후기 작성항게요 일단 주차를 가장 많이 걱정했는데 주차장이 많이 좁긴좁아요 큰차는 돌때 한번에 안돌아가져요 ㅠㅠ 조심하셔야 될것 같아요 그리고 주차는 체크인시 등록 되구요 만약 지하에 주차했는데 나갔다 들어올땐 다른 주차장에 대시면 등록 다시 하셔야 한대요 층수는 9층 배정받았는데 체크인 시 15시부터 줄 서서 기다려서 13분 정도 기다렸어요 줄서서 차례대로 체크인하니 경기 시간도 잘 생각하셔야 할거 같아요 그리고 엘레베이터가 가장 불편했어요 엘베가 엄 청 오래걸립니다 ㅠㅠ 나갈계획 있으시면 무조건 외출시 10분은 일찍 나와야해요 다른건 침구나 청소 이런부분들은 만족스러웠어요 에어컨도 시원하고 직원분들도 다 친절했습니다 단점 좁은주차장 체크인시 대기얼리체크인시 시간당 2만원 주말 당일 30분 일찍도 안됨 엘레베이터 협소 외출시 계획보다 10분 이상 일찍나와야함장점 한옥마을이랑 가까움 직원분들 친절함 청소상태 만족스러웠음 에어컨 시원함 스마트티비임,5,1개월 전
y_002_779,아이와 함께 한 여행이라 가습기와 침대가드를 예약할 때부터 말씀드렸는데 직원분들이 다 정말 친절하셨던게 인상적이었습니다 실제로 물품도 준비가 잘 되어있었고 1인용 침대에 가드를 설치해주신 덕에 뜻밖의 분리수면으로 저희 부부는 매우 잘 잤습니다 ㅋㅋ 마루바닥이라 먼지 안날려서 좋고 화장실 어매니티샴푸 린스 바디들이 다른 호텔들보다 더 좋은 제품같단 느낌이 들었습니다 순하고 잘 닦이고 향도 좋아요 전주 영화의 거리 바로 앞이라 객리단길 구경이 용이하고 어른들은 충분히 한옥마을도 걸어갈 수 있는 거리입니다  호텔 주차장도 지하12 전층 3층은5-6대정도 댈 수 있을만큼 여유가 있고 지상도 넓습니다 아이랑 외출은 차가 필수인데 주차장이 잘 되어있으니 편리하고 좋았습니다 여러모로 만족스러운 호텔이었습니다 재방문의사 10000,4,2개월 전
y_002_780,엄마와 단둘이 가는 첫여행으로 전주를 갔어요 밖에서 시간을 거의 다 보낼것 같아서 대충 보기만 하고 바로 결제를 했는데 도착해서 보니 생각보다 너무 좋고 깔끔해서 놀랐어요 엄마도 너무 만족하셔서 내심 뿌듯했네요 키운터에 계신 직원분들 항상 미소짓는 부드러운 인상으로 너무 친절하셨고 정말 필요한 모든것이 갖춰져있는 호텔이라 너무 좋았어요 피트니스룸도 세탁실도 조식도 가능하고 룸에서 있을때도 전혀 불편하지 않게 편안하게 쉬다 왔네요 다음번에 오게 되도 다시 한번더 방문하고 싶어요 현재 조식 할인이벤트도 진행중인듯 한데 저흰 아침을 거의 안먹어서 이용은 안했네요 참고하시면 좋을것 같아요,4,20일 전
y_002_781,전주 글로스터호텔 위치가 너무 좋아요주차도 지하 3층까지 있어서 여유롭게 할수 있어요 지난해 가을에는 늦게 도착해서 근처 옥외 주차장으로 안내 받기도 했으나 근거리에 있어서 불편하지는 않았어요1층 로비에 대기 공간도 의자도 여유롭게 있어서 채크인 전에 편안히 쉬었다가 채크인 할수 있고 로비가 정말 깔끔하고 이뻐요3시 채크인 이지만 얼리채크인은 유료1만원 추가하면 가능 하다고 합니다프론트 데스크 직원분 정말 친절하고예쁘십니다 스칼렛님 친절한고 세심한 배려 너무 감사했어요스칼렛님 다음에 또 뵙고 싶어요봄 패키지로 코코도르 디퓨저도 선물로 받았어요조식도 비빔밥과 과일채소등 먹기 좋은 식단으로 잘 구성되어 있어서2일동안 잘 먹었습니다한옥마을객사길풍년 초코파이이동하기 수월해요,5,1개월 전
y_002_782,전주에서 자주 이용하는 호텔입니다 항상 그랬듯이 직원분들이 정말 친절하십니다 체크인시간 맞춰 도착했는데 별도 웨이팅 없이 체크인에 소요되는 시간도 상당히 빨라서 좋았습니다 다만 객실에 올라가서 이불에 문제가 있었는데 바로 객실변경 조치해주셔서 감사했습니다 객실 청결은 청소하시는 분들이 조금 더 신경을 써주셔야 할 것 같습니다 그 외에 편의점도 1층에 입점해서 이용에 편리했고 주변 식당가도 가까운거리에 있어 위치 접근성은 최고입니다 지하주차장은 넓은편은 아니나 인근 주차장이 추가로 있긴합니다,4,6개월 전
y_002_783,조식이 정말 맛있었습니다 특히 비빔밥이 인상 깊었고 다양한 메뉴가 준비된 뷔페식이라 골라 먹는 재미가 있었습니다 음식뿐만 아니라 식사 공간도 청결하고 깔끔하게 관리되어 있어 기분 좋게 이용할 수 있었습니다 조식 덕분에 하루를 즐겁게 시작할 수 있었고 다음에도 꼭 다시 방문하고 싶습니다주차장이 다소 좁았지만 대체 주차 시설이 마련되어 있어 큰 불편함은 없었습니다 호텔의 접근성이 뛰어나고 주변 관광지와의 거리도 가까워 편리했습니다 특히 한옥마을까지 도보로 약 10분 정도라 여행 일정에 여유를 더할 수 있었습니다 위치와 편의성을 고려했을 때 다시 방문하고 싶은 호텔입니다,5,6개월 전
y_002_784,지하에 주차하고 1층 리셉션에서 객실 배정 받음출장으로 방문함직원분들 모두 친절하심객실 깔끔하고 둘이 사용하기에 좋았음냉장고는 약간 아쉬움 시원하진 않았음수건 넉넉하고 샤워용품 있고 물론 일회용품은 없음 칫솔 치약 바디타올은 챙겨야함바로 앞 편의점 커피숍 있고 한옥마을 도보 1015분 거리라 즐기기 좋음침구 좋음 단 개인적으로 베게가 높았음채광 좋음조식 종류 많아서 좋음간단하게 먹은 편인데 다른 사람들은 많이 즐기는 것 같음전주가면 또 숙박할 예정임,5,10개월 전
y_002_785,위치가 너무 좋아요 한옥마을 객리단길 다 20분 컷으로 도보 가능합니다 어매니티는 기본만 있고 칫솔 치약은 없어서 따로 가져가야해요침대 푹신하고 실내 금연구역이라 담배냄새 하나도 안납니다 다음이 전주 방문시 또 이용할 생각이에요,4,1개월 전
y_002_786,생일 기념으로 여행 와서 묵은 호텔입니다호텔 외관부터 내부까지 깔끔한 시설에 되게 놀랐어요 이 정도 가격에 이 정도 퀄리티인가 싶었습니다 간 날에 영화제 폐막식을 하고 있어 관계자분들 왔다갔다 하시더라구요 ㅎㅎ방 컨디션 괜찮았고 복도가 예뻐서 찍어봤습니다 ㅋㅋㅋ 고급진 곳에서 묵는 느낌이라 행복했어요다음에 방문하게 되면 또 방문하고 싶습니다ㅎㅎ위치도 한옥마을 쪽이랑 멀지 않아서 접근성도 좋고 주차하기도 편했어요 로비에 팬더가 있는데 귀여워서 올려봐요 ㅎㅎ,5,1개월 전
y_002_787,숙소가 일딴 깔끔합니다 평일에 가서 그런지 주차도 편하고 주변에 편의시설이 정말 많았어요그리고 전주한옥 마을까지 걷기도 진짜 좋아요오히려 한옥 마을에서 자면 주차도 그렇고 분비는 경우가 많은데 여기는 진짜 편해요물론 위치 적으로 한옥마을 과는 거리가 있지만산책하고 구경하기에  걷기 딱 좋습니다창문도 커서 환기 하기 좋아요객실 방음도 잘되는 편이고 조용해서 푹 잤습니다일회용품 자판기도 1층에 있는데 저렴해서 좋았습니다 대체로 편안하게 쉬었던 숙소예요다음번에도 전주 방문 하면 또 가려구요,5,10개월 전
y_002_788,전주 한옥마을 쪽으로 숙소 잡으려고하다가아무래도 호텔쪽이 컨디션 더 나을 것 같아서전주에 있는 호텔 알아보는데가격대비 만족입니다 룸조식포함으로 할지 나가서 콩나물 국밥사먹을지 고민하다가 조식포함으로 이용했는데비빔밥 만들어 먹는 코너도 있고 빵면주스죽국 등등 여러가지 먹을거 많은데 맛도 있어서 좋았어요 인포조식장 직원분들도 친절하고 호텔온 느낌 제대로에어컨냄새없이 깨끗하고 옆에 소파베드같은것도있고 책상이 별개로있어서 배달시켜먹기에도 용이했습니다,5,9개월 전
y_002_789,3시에 입실인데 2시에 전화드려서 짐 보관가능하냐고 여쭈어보았는데 된다고 친절하게 얘기해주신 것에 굉장히 만족했습니다 프론트에 계셨던 분들은 모두 다 친절하셨어요 입실 수 방 상태를 확인해보았는데 되게 청결하고 깔끔했습니다 화장실에는 치약칫솔은 구비되어있지않아 챙겨가시는 것 권장해드려요 침대도 푹신했고 냉장고에는 물 두개가 기본적으로 있었습니다 난방장치도 저희가 조절할 수 있어 편리했고 창문이 없는 타 호텔과는 다르게 여기는 창문도 열 수가 있어 환기도 간편했습니다 조명도 좋았고 가격 대비 최고의 서비스를 누리고 온 것 같아 만족했어요 또 갈거에요 ㅎㅎ,5,5개월 전
y_002_790,저렴한 가격에 직원분들이 친절 합니다바비큐 세미뷔페를 이용 했는데  당일이라 부족한 부분이 많았지만 서비스 직원 분들의 성의 있는 친절에 상쇄되어 ㅈ늫았습니다,4,22일 전
y_002_791,우선 직원분들이 상당히 친절하시고 좋았어요 안내사항이나 요청사항도 잘 수용해주셔서 감사했습니다 객실상태도 침구류를 포함해서 전체적으로 아주 깔끔하고 청결했습니다 내외부에는 기존 라마다 흔적들이 남아있고 어수선했지만 가오픈 기간인 점을 감안해  저렴한 가격에 잘 묵고 가서 만족했습니다 주변 식당이나 편의점도 가까워 끼니 해결하기도 좋았고 한옥마을까지도 걸어서 10분정도로 가까웠습니다 다음번 방문시에도 글로스터호텔 전주로 방문하겠습니다,5,1년 전
y_002_792,전주에 가족과 함께 여해을 오게 되어서 여러군데 알아보고 확인하고 예약하고 쉬고 가게된 숙소 입니다 전주에서 알아보고 예약한 곳인데 너무 좋았어요 방도 아주 아주 깨끗하게 청소 되어 있고 화장실 청소도 깨끗하게 청소 되어 있어서 아주 아주 편하게 쉬다 갑니다 한옥마을도 호텔에서 멀지 않아서 한옥마을 구경하는데 아주 아주 편하게 쉬다가 갑니다 전주에 다시 여행을 오게 된다면 다시 여기로 와서 쉬고 갈게요 전주에서 이용해본 곳중에서 제일 좋았어요 아주 아주 좋아요,4,10개월 전
y_002_793,우선 위치적으로 한옥마을과 거리가 조금 있는 부분이 아쉬우면서도 근처에 무슨 영화길인가 거기에 영화관이며 식당도 많고 해서 충분히 보완되더라고요 그래서 위치는 좋은거같아요 주차장은 지하말고도 지상에 주차장이 더 있어서 주차는 크게 불편함은 못느꼈지만 티맵주차장에 호텔 주차장 도움을 받을 수 있다는식에 안내가 따로 있으면 좋을거같아요 객실 상태는 눈으로 보이는 부분은 괜찮아서 넘어가고 변기위에 수건걸이 위치는 멀기도하고 불편한거 같아요 전반적으로 만족하고 잘 쉬고 놀다 갑니다 그리고 직원분들 완전 친절하십니다,4,6개월 전
y_002_794,부모님과 셋이 여행왔어요 전주 경기전 남부시장 풍년제과 가까운 완전 시내권 입니당 깔끔한데 가성비 좋은 4성급 호텔인것 같아요 외관과 프론트 인테리어가 이쁘고 특히 향기가 넘 조아요 향기뭔지 물어볼뻔ㅋ 다만 조금 아쉬운게 화장실 슬리퍼가 없고 ㅠ 샴푸 바디워시가 다회용으로 매달려있는데 잘안나오고 조금씩 세고있어서 쫌 불편하지만 아주 깔끔하구 깨끗하고 침구류도 편합니당 비즈니스 호텔로 오면 아주 딱일듯,4,2개월 전
y_002_795,프론트에 있는 직원분들 너무너무 친절하셧어요늦은 저녁 피곤해서 갔는데 환하게 웃으며 환대해주시는걸로 위로받는 기분이었어요냉동보관 음식을 샀는데 다음날 선물할거였거든요 이것도 흔쾌히 냉동고에 보관해주신다고 맡아주시고레스토랑에 계신분들도 모두 감동이었어요조식먹으러 식당에 갔는데 와플기계 앞에서 어리버리하고 있었더니 직접 반죽도 짜주시고저 많이 먹어서 설거지그릇 생기는게 죄송해서 먹던 그릇에 음식 리필하려는데 괜찮다고 새그릇에 드시라고 웃으며 응대해주신분도 계시고침구류가 뽀송하고 너무 쾌적했어요편하게 쉬고싶어 모텔아닌 호텔가는건데 너무 만족스러워요시설 청결 서비스 음식 모두 만족이예요,5,1개월 전
y_002_796,직원분들이 정말 친절하시구 로비도 들어가자마자 예뻐서 기분좋았어요 리모델링한걸로 알고있는데 그래서 그런지 전체적으로 깔끔하고 모던한 분위기였답니다 객실도 전반적으로 깨끗하고 룸 온도도 적절했어요 다만 화장실 위생이 아쉬웠습니다 ㅠ 변기에 노란 자국이 묻어있어서 그냥 제가 닦았구요 컨디셔너도 안나와서 배출되는곳을 봤더니 털인지 머리카락인지가 붙어있더라구요 화장실이 진짜 중요한데 조금만 신경쓰시면 좋을것같아요 그래도 위치 너무좋구요 객사 객리단길 도보 접근성 너무좋아 재방문의사 있네요,4,6개월 전
y_002_797,글로스터 호텔은 전주에서 숙박할 때마다 오는 곳인데 직원분들이 정말 친절하시며 주변 객리단길과도 가까워서 좋습니다 1층엔 25편의점도 생겨서 더욱 편리해졌습니다 주차는 평일 기준으로 넉넉한 편이고 체크아웃 후에도 12시까지 이용할 수 있어서 만족했습니다 투숙 당일 단체 이용객이 많았던 것 같았지만 객실 업그레이드도 진행해주셔서 더욱 편안하게 투숙했습니다 화장실에 머리카락이 조금 발견되긴 했지만 그 외 장점들이 잊게 만들어줬습니다 유튜브 시청가능하고 잘 쉬다 갑니다,4,7개월 전
y_002_798,연말에 급하게 찾았는데 다행히 예약가능했어요늦게 도착했는데도 체크인이나 주차 편하게 했습니다아기가 있어서 침구 상태 신경쓰였는데 불편한점 침구 안에 머리카락이 좀 있었어요 말씀드리니 아예 객실을 옮겨준다고 하시고 괜찮으면 침구교환만 해주신다고 하시고 응대가 빠르고 친절해서 맘에 들었습니다 남부시장 바로앞에 있고 객리단길과도 가끼워서 도보로 이동하기 수월했습니다배달도 시킬곳이 많아서 저녁에 야식 먹기도 좋았습니다 한옥마을도 차로 5-10분이면 도착해서 무리없이 전주여행 즐길수 있었습니다한옥마을 안에 흑백요리사 유비빔 아저씨 있어요ㅋㅋ연말에 아기랑 세가족 전주와서 행복한 여행 추억 남기고 갈수 있게 되었습니다다음에 전주 오면 또 글로스터로 올게요 가성비로 최고입니다,4,6개월 전
y_002_799,직원분들이 다 친절하셔서 체크인체크아웃 할때 기분이 좋았습니다  다만 체크인체크아웃시간에 엘베가 너무 붐벼서 이점은 아쉬웠습니다그래도 오랜만에 방문한 전주여행 쾌적한 호텔에서 묵어서 기분 좋은 여행이였습니다  조식도 종류도 다양하고 맛있었습니당 비빔밥이 제일 맛있엇습니다 ㅎㅎ 주차장도 외부주차장도 운영되고 있어서 주차 걱정도 없었습니다  지하3층까지 주차장이 있지만 내부가 좁아서 초보운전은 조금 어려울 수도 있을거 같습니다1층에 편의점도 있고 주변에 먹을거도 많습니당,5,23일 전
y_002_800,4년만에 정말 친하게 지냈던 선배들과 전주로 여행을 떠나게 되었는데 깔끔하고 가성비 괜찮은 숙소를 검색하던도중 글로스터호텔을 알게되었고 1박2일동안 묵게되었습니다 큰 기대없이 예약했는데 생각보다 시설과 깔끔함에 너무나 만족했었고 다시 전주를 방문하게 된다면 재방문의지도 있습니다다른 지인에게 추천도 하고싶고 원래 리뷰도 잘안쓰는데 여기는 너무 맘에 들어 리뷰도 남깁니다체크인 전후로 짐도 맡겨주시고 더운 여름날 오랜만에 선배들과 좋은 추억을 함께 할 수 있어 행복했습니다 너무 감사했습니다,4,25일 전
y_002_801,2번의 방문인 호텔정갈하고 깨끗한 이미지는 저번하고 똑같은 인상을 주었다로비에 새롭게 마련된 아기자기한 소품들도 좋았다ㅋㅋㅋ 볼펜1개 구입함 넘 이뻐서한옥마을도 도보로 다녀올수 있어서 호텔위치는 짱다음을 또 기약하면서 ,4,22일 전
y_002_802,로비도착하자마자 팬다대형인형이반겨서인상적네명이 서울가기전 전주에서 숙박하기로하고 갑자기 결정한 호텔  침대총 네개방두개 예약하고 커피쿠폰도 브랜드 다양한거 받아서담날아침 바로 코앞에있는 투썸에서 맛난커피도할인 밤늦게도착해서 15층에 루프탑에서 마침 맥주행사 하길래 4월이 다되가는데도  추운날씨에 굳이 밖에 안나가서 좋고 루프탑에서  소수인원만 차분한분위기로 고급지게 맛나게 다양한 술도먹고 좋았어요 침구도 좋고 천정형에어컨사용 밤새 기계음은 안났는데새벽에 옆방대화소리잠깐들리고아침일찍 도로변 햇빛 직원들친절 재방문의사있음,5,3개월 전
y_002_803,이번 글로스터호텔 넘넘 좋았어요체크인 시간보다 일찍 도착해서 주차 걱정 했으나 먼저 무료 주차등록 가능했구요  요청사항 바로바로 해결해 주시는 직원분들 매우 친절하셨어요이벤트로 예약해서 룸 업그레이드 받고 고층 배정 받아 전주시내 밤야경 보기에 좋았구요 위치가 너무 좋아서 객사 내 여기저기 가고 놀고 먹기 넘 편했어요 호텔 1층에 편의점 있어서 급한 건 바로 구매 가능했구요 호텔 앞 맛집도 볼링도 포켓볼도 쇼핑도 병원도 모두 빠른 시간내에 다 할 수 있었어요 아침 조식은 또 얼마나 맛있게요 전주비빔밥 갖가지 야채 너무 맛있어서 두그릇 먹었답니다 빵류 밥류 스파게티 등 다양했어요 숙소 내부 시설도 사용하기 정말 편했고요 수압 시원하고 화장실 구조 맘에 들었어요 해외 숙소 같이 조용하고 깔끔하고 어느하나 부족함 없었어요 이벤트시 예약해서 가격까지 진짜 최고였답니다 다음에도 또 올거에요집에 가기 싫드아,5,4개월 전
y_002_804,안내는 친절했고 전반적인 느낌도 깔끔하고 좋았습니다주변에 놀거리도 있고 편의점도 1층에 구비되어 있어 편했네요1층은 향수 냄새가 좀 진하긴 했으나 머리아플 정도는 아니었습니다엘레베이터는 깔끔해서 좋았네요어메니티는 샴푸 컨디셔너 바디워시 비누 정도로만 제공되어 치약칫솔은 따로 챙겨갔습니다온돌방 뜨뜻했고 경치도 좋았네요 가격대비 좋았습니다다만 먼지가 좀 있었는지 아침에 이불 개면서 좀 보이는게 있더라고요 ㅎㅎ 묵은 먼지덩어리가 아닌지라 그냥 넘겼습니다화장실도 넓고 깨끗하게 유지되어있고 전반적으로 만족스러운 숙소였네요,4,8개월 전
y_002_805,객실상태-인테리어 깔끔하고 좋았습니다청결상태-깔끔했습니다 화장실 깨끗해서 좋았습니다와 - 넷플릭스 웨이브 유투브 등 이용가능편의시설-호텔 1층에 편의점 있어요-숙소 주변에 편의점 카페 가까워서 좋았습니다주차시설-지하랑 지상 둘 다 주차장있고 넓어서 좋아요장점 단점-주변에 먹거리나 편의시설 가까워서 편했어요-직원이 친절합니다-도보 15-20분 정도에 한옥마을이랑 야시장있어요 가보세요-나만 알고싶은 숙소임 넘 좋음 담에 또 오고 싶어요-호텔슬리퍼가 남자발에 안들어감ㅋㅋㅋㅋ 여자사이즈인듯ㅋㅋㅋ,5,7개월 전
y_002_806,늦은 시간 입실했는데 주차장이 지하 3층까지 있어 여유롭고 좋았고 차간 간격도 넓어 좋았어요 프론트가 세련됐고 편의점이 있어 편리했습니다 방은 위생상태가 만족스러웠고 수건이 넉넉해서 좋았어요 침구도 가볍고 잠자리도 맘에 들었습니다 생활 소음이 잘 들리는 편으로 밤 늦은 시간 문 여닫는 소리가 쾅쾅 들리는 것이 조금 아쉬웠습니다 프론트 직원 분들의 응대가 맘에 들었고 나눠주신 커피 쿠폰으로 다음날 이용하였습니다 사정이 있어 조식을 먹지 못해 아쉬웠지만 다음 전주 방문 때 이용할 예정입니다,5,9개월 전
y_002_807,부부와 아이 이렇게 셋 트리플 숙소는 처음이었는데 아주 쾌적하고 잠자리가 편해서 만족했어요 방 크키와 욕실 크기도 불편함이 없었으며 테이블과 곳곳에 거울이 있어 편리했고 티비 크기도 적당해서 좋았습니다 화장실은 위생적이었고 침구도 맘에 들었어요 프론트에 계시는 분들은 체크인과 아웃 모두 친절하셨고 저희가 방을 두 개 잡았는데 주차 부분 안내도 좋았습니다 다만 길거리를 접하고 있어서 저는 창문이 열려있는 줄 알고 확인을 두 번이나 할 정도로 소음이 컸어요 잠들기까지 시간이 조금 걸렸습니다 이 부분 빼고 위생 상태나 호텔 안 편의점 등등 모두 만족합니다,5,9개월 전
y_002_808,이번이 두번째 전주여행이었는데요 저번에는 너무 한옥마을 안에만 있었나 싶어서 한옥마을에서 조금 떨어져 있는 곳으로 골라봤어요 걸어가기에 그리 먼 곳이 아니어서 전주시내 구경하며 다니기 좋았어서 가성비가 아주 좋은 호텔이었습니다 객실내부는 사진과 같아서 괜찮았고 창 밖도 시원하게 뚫린 뷰라서 좋았습니다 다만 자는데 욕실 물소리가 계속 나서 그건 좀 거슬리더라구요 예민한 편이라 그게 조금 아쉬웠습니다 다음주 전주영화제라고 영화의 거리가 꾸며져 있던데 바로 옆이었는데도 걸어보질 못했네요 다음엔 영화의거리도 즐겨보려구요,4,2개월 전
y_002_809,주말 139000원에 예약하고 다녀왔어요구 라마다 호탤인데 객실 넓고 답답함 없고요바로 길건너가 현대옥 시청점이라 아침식사 했고체크인은 3시부터라 줄서서 대기했어요주차는 지하 3층까지 있고직원들 다 친절하고 따뜻하게 하루 숙박 했어요가성비 좋은 전주호텔 로 추천드려요,5,6개월 전
y_002_810,전주에 머물면서 4박을 숙박했어요 깔끔하고 가성비 좋은 호텔 직원들도 친절하고 4박 묶는데 편했어요 청소 문제로 약간의 의사소통이 안되긴 했지만 한옥마을까지는 도보 15분 정도 소요되고 객사 주변이라 재래시장있고 주변에 먹을 곳 쇼핑몰 많아서 좋음 배달도 가능했어요 주차장도 지하에도 있고  야외에도 있어 넓고 편함 내부에 편의점 있고 로비도 넓은 편이라 좋아요다음에 와도 재방문의사 있음 객실 청소를 안한다고 하면 수건이랑 물을 문 앞에  걸어두니 편했어요,4,2개월 전
y_002_811,주변 맛집도 많고 주차장도 여유있는 편이라 자주 애용합니다 편리하고 풍기는 향도 넘 좋아서 체크인 할 때부터 기분이 좋아요 전에 없던 편의점도 드뎌 입점공사 끝나서 엄청 편하고 갖고 있는 제품군도 다양해서 야식이든 간식이든 필요할 때 편리하게 이용할 수 있을 것 같아요 객실도 편안하고 작지만 알찬 곳이어서 여행이 간편하고 즐겁습니다 피트니스도 역시 작지만 필요한 기구 있고 바로 옆에 건조기와 세탁기 코인으로 이용할 수 있어서 장기간 출장에도 좋을 것 같아요 어메니티 향도 좋고 자판기에도 제품 구매 가능합니다장거리 커플이고 조식챙겨먹는 재미로 호킹스하는 저희에겐 글로스터 조식이 꽤 쏠쏠한 재미입니다 주변 비슷한 급 호텔들과 비교하면 퀄리티도 좋구 늦게까지 하는 술집 가기도 편한 위치입니다 앞으로도 퀄리티 유지되고 가격도 합리적이라면 자주 이용할 것 같아요,5,9개월 전
y_002_812,한옥마을과 인접한 숙소여서 예약하였는데 주차장이 협소한지 다른 곳으로 안내받았었습니다 그렇게 멀지는 않았습니다 그것외에는 완전 만족합니다아침에 조식도 이용하였는데 불고기 나와서 너무 맛있게 먹었네요 밥 비벼서 먹는데 너무 맛있어서 첫끼부터 디너처럼 먹어버렸습니다 숙소 침구류도 깨끗했고 수압도 잘나왔습니다 다음번에도 기회가 된다면 다시 재 이용하고 싶네요 앞에 편의점이 있어서 간단하게 맥주 및 간식사서 정말 편했던 것 같아요주변소음도 없고 잘잤습니다마지막으로 호텔 조식 너무 맛있어서 인상 깊습니다 다음에도 이용할게요 ㅎㅎ,5,1년 전
y_002_813,구 라마다 시절부터 자주 이용하고 있는데 인테리어가 크게 달라진 것은 없지만 확연히 환해지고 깔끔한 분위기가 좋았습니다 체크인시부터 직원들의 친절한 응대도 인상 깊었습니다 주차장 초입 구조가 조금 아쉽지만 평일이라 자리는 넉넉했습니다 객실도 청결했고 침구도 편안해서 꿀잠 잤습니다 다만 객실 전등 조작버튼 불빛이 너무 밝아서 가리고 자느라 힘들었습니다 이 부분은 따로 커버를 씌우거나 개선방안이 필요할 것 같습니다 이외에는 추가 요청사항이나 필요한 부분들도 다 이용할 수 있어서 편안한 하룻밤 보내고 갑니다,5,11개월 전
y_002_814,글로스터호텔로 재오픈하고 방문해봤는데 이전 라마다와 같이 깔끔하고 좋았어요 체크인시부터 아주 친절하신 여자직원분 덕분에 기분이 좋았습니다 아직 페인트 냄새 등 공사흔적들이 많이 보였지만 이용에 불편함은 없었고 객실 히터가 말썽이었지만 빠른 조치도 해주셨습니다 객실 컨디션도 청결하니 만족했고 주변에 관광지식당편의점도 많아 접근성이 뛰어났습니다 조식 등 다른 부대시설들은 가오픈 기간이라 이용할 수 없어 아쉬웠지만 정식오픈하면 다시 방문해보고 싶습니다,5,1년 전
y_002_815,부모님과 함께 1박 2일 여행으로 글로스터호텔 룸 2개 예약해서 잘 지내고 왔어요  미리 전화로 같은층 배정 부탁드렸는데 친절하게 응대해주셨고 메모로 남겨놓겠다고 하셨는데 가까운 곳 같은 층으로 배정해주셨어요전주에는 숙박할 곳들은 참 많지만 가격대가 괜찮아 예약했는데 전반적으로 깨끗하고 적당하게 친절했어요  조식도 신청해서 먹었는데 행사중이라 가격대 다른 곳들에 비해 저렴한 편이구요  비빔밥 있어 잘 먹었었어요 부모님께서도 음식들이 다 괜찮았다고 말씀해주셨어요 주차는 지하 지상있어 좋았어요 주차 공간이 많은 편  지하는 조금 좁은 느낌은 있었어요 한옥마을까지 도보로는 20분정도  부모님과 함께여서 거리가 좀 있는편이었지만 도보로 왔다갔다했구요 룸도 청소 상태가 좋았어요 다만 휴지통은 안 비우셨다는  별 반개뺐어요다른 곳은 실내화 돈 주고 구입했는데 여긴 실내화 준비해주셨어요 베개가 높아 보였지만 누우면 푹 꺼져서 불편하지 않았고 잠 잘 잤어요 전반적으로 만족한 1박이였습니다,4,4개월 전
y_002_816,전주 한옥숙소만 이용하다 허리가 아파서 침대를 찾다 예약했어요숙소가 넘 청결하고 좋네요10분정도 걸으면 한옥마을 입니다,5,4일 전
y_002_817,객실이 너무깨끗하고 좋았어요담배 냄새도 나지않아서 쾌적한 공기를 마시며 쉴수있었어요한옥마을이 걸어서도 15분 그리멀지않았고주변공기가 상쾌했어요주차도 매우편리했고모든시설이 깨끗했습니다비품도 모두 잘 갖춰져 있었으며침대의 탄성도 훌륭했어요주변에 편의점이 가까운 거리에 있었어요침대의 이불이 청결했어요내부공간이 좁지 않아서 그런지 편안했어요객실이 너무덥지도 춥지도않아 딱 적당했습니다근처에 관광올 일이 있으면 또 방문하고 싶어요좋은숙소 잘 쉬고 갑니다,5,2개월 전
y_002_818,늦은시간에 도착하여체크인하여 객실키받고바로옆에서 간단히 식사했어요바로앞과 건너편에 편의점이 있어서 늦은시간 비상약도 구입이 가능했어요베드와 침구 컨디션 굉장히 좋아요잘쉬었어요,5,8개월 전
y_002_819,전주로 급여행을 하게 되어 갑자기 잡은 숙소인데 기대했던 것보다 만족하고 나온 숙소입니다금연객실이라 그런지 쾌적하게 이용했고 침구도 좋고 청소상태도 양호했습니다프론트 직원분들도 모두 친절하셔서 기분 좋은 여행이 될 수 있었습니다무엇보다 위치가 좋아 여행하기 좋았고주차공간이 좁은지 길 건너의 외부 주차장을 안내해주셨는데 그 점에는 좀 불편함이 있었지만 그래도 안내가 상세히 친절하게 되어 어려움이 없었습니다 다시 전주에 방문하게 되면 재방문 할 거 같습다 감사합니다,5,8개월 전
y_002_820,주차도 넓고 데스크분들도 너무 친절하셨습니다 들어서자마자 미소가득한 얼굴로 친절히 대하는곳 드문데 너무 기분좋고 시설도 청결하니좋았습니다다만 배드에 지지가 좀많아서 털엇어요이점만 보완된다면 최고일듯싶습니다 방음도 잘되고 시원하면서도 딱딱한침대가아니라 좋앗습니다 90프로는 만족 그자체 수건리필은 안되는거갓고 칫솔치약타올필수로 가져가셔야해요 구비되어있진않앗습니다 머리빗포함 ㅎㅎ 비대도 자동이라 막내려가긴하는데 실수로안내리는것보단낳으니 좋앗어요 잘쉬다가며 시내위치라 한옥마을너무가깝고좋앗어요,4,11개월 전
y_002_821,좋아요 재방문 의사 있어요 여기특가로 비싸지 않게 이용했는데 가성비로 만족합니다 건물 리모델링한 만큼 깔끔하구요 일층에 24시간 이용가능한 편의점 있어요 방은 넓직하거나 한건 아니어도 둘이 쓰기 좋았구요 수압도 막 약하거나 그렇지 않았어요 객사쪽에 위치해서 놀러가기도 편하고 또 오고 싶어요 그리고 체크인 체크아웃 할때와 레이트체크아웃 여쭤볼때 아주 친절하게 안내해주셔서 그 점이 만족스러웠습니다 아 일층에 화장실도 편리하고 좋아요ㅋㅋ 또 이용할 것 같네요 아 넷플릭스도 아이디 없는데 써지길래 잘 봤네요,5,5개월 전
y_002_822,전주에 여러 숙소들이 있지만 저희 커플이 가장 만족도가 높은 곳은 글로스터 전주 호텔입니다 가격이 합리적이고 친절하고 능숙한  직원들의 응대도 한 몫 합니다 호텔 내 편의점에 상품들도 다양하게 구비되어 있어 숙박에 불편함이 없어요 위치 한옥마을에서는 도보로 좀 떨어져있으나 객리단길 맛집들과 영화관 서점 등 편의시설이 가까워서 먹고 놀고 쉬기 좋아요 올리브영과 편의점도 주변에 많고 유명한 양말가게까지 근처 출장객들에게 최선의 선택이라 생각합니다침구류침대 적당히 탄탄하고 푹신해서 휴식이 잘 되는 것 같아요 자고 일어났을 때 개운해서 넘 좋습니다욕실청결하게 관리되고 있고 수건이나 화장지 등 비품이 잘 갖춰져 있어요 일단 깔끔하고 깨끗한데다 따뜻한 물 잘 나와서 행복합니다조식 휘트니스사진처럼 조식에 비빔밥이 있어서 좋구요 전엔 에그스테이션에서 조리사님이 해주셨는데 요즘은 셀프로 바뀌었더라구요 자유롭게 해드시는 걸 좋아하시는 분들은 더 좋을 듯 합니다 샐러드 코너도 잘 되어있고 사골국이나 미역국 같이 소화 잘되는 음식도 있어요휘트니스도 바로 옆에 있고 운동하기 딱 좋은 기구들 깔끔하게 관리중이더라구요 그 옆에 동전넣고 빨래랑 건조기도 이용 가능해서 좋았습니다총평여기어때 통해 합리적인 가격의 숙소 이용 가능해서 넘 좋았구요 다양한 부대시설들이 잘 갖춰져 있어서 출장객들이나 합리적 스테이 원하는 여행객들에게 추천합니다,5,4개월 전
y_002_823,침대 양쪽으로 전기코드가 있어서 각자 핸드폰 충전하기 용이했고 침대사이에 조명스위치가 있어 조명 끄고켜기 편합니다 냉장고에는 물2개 비치되어 있었고요 유리창문인데 방음이 완전 잘 되지는 않아 밤중에 약간의 오토바이소음이 있었으나 못 잘 정도는 아닙니다 드라이기 샴푸 린스 바디샴푸 가운 슬리퍼 정도는 비치되어있습니다 1층로비에는 편의점이 입점되어있고 한옥마을에서 걸어서 15-20분 정도라 왔다갔다하기에 편했습니다 화장실 욕실슬리퍼가 없고 화장실 유리문이 무거운데 반자동으로 닫혀서 약간 위험한점이 살짝 아쉬웠습니다만 가격대비 깔끔하고 좋았습니다,4,8개월 전
y_002_824,주중에 일박으로 이용했습니다 침대가 제 기준에서는 적당하게 푹신하고 바삭해서 숙면을 취했고 수압도 온수도 더할나위 없었습니다 욕조는 없었네요 넷플릭스로 영화 한편 보고 푹 쉬었습니다 아침에 조식도 있습니다조식은 한식 양식 등 비즈니스 호텔에서 쉽게 맛 볼 수 없는 부페식으로 되어 있습니다 전주비빔밥도 만들어 먹을 수 있고 각종 음료와 과일 후식도 다양하게 준비되어 있습니다위치도 전주 한옥마을 십분거리에 있어서 여러 맛집을 이용하고 근처 공원에서 산책도 하며 여유롭게 시간 보냈습니다,5,7개월 전
y_002_825,호텔 직원들의 서비스 배정 받은 룸 컨디션 객사 거리와의 접근성 도처에 존재하는 다양한 편의점 주차 시스템 등 모든 면에서 별 다섯개 드립니다 전주 여행 아주 성공적으로 마무리 할 수 있게 된 것 같아서 너무 기분이 좋네요ㅎㅎ 다만 체크아웃 붐비는 시간 때 투숙객들이 한꺼번에 모여서 겹치게 된다면 엘리베이터  기다리시는데 힘 좀 뺄 것입니다 엘리베이터 속도도 다소 느리고 거의 층마다 멈추기 때문에 가능하면 일찍 체크아웃 하시는 것을 권합니다,5,3개월 전
y_002_826,시트 아래 머리카락이나 헤드 먼지 등 완전 깨끗한 상태는 아니었지만 침구 소독약 냄새도 안나고 나름 깔끔한 편이라 잘 묵었습니다 다음 번 재이용하려구요,4,1개월 전
y_002_827,주차장은 지상 지하 있었고 평일이라 조금 여유가 있었습니다체크인하는 로비에는 편의점과 쉴 수 있는 공간도 꽤 있었습니다 건물의 엘레베이터에서 오래된 건물의 느낌을 받았습니다 객실은 라마다의 느낌과 좋은 모텔의 중간 정도였습니다 화장실 문이 어색하게 불투명 유리문이 조금 아쉬웠습니다 직원들은 마주치지 않았지만 프론트에서 응대는 친절했습니다라운지에서 맥주 2잔 무료 이벤트를 하던데 음식 메뉴는 프론트에만 있다고 해서 가보진 않았습니다 객실에서도 볼 수 있으면 좋겠어요,4,3개월 전
y_002_828,좋았는데 에어컨에서 소리가 나서 좀 신경쓰였어요ㅠㅠ그것 말고는 전부 다 좋았습니다,4,21시간 전
y_002_829,전주한옥마을 방문하기 위해서 숙소를 찾던중리뷰에 깨끗하다는 내용이 많아서 예약을 하게 되었어요 리뷰에 나온대로 깨끗해서 너무 만족스럽네요 숙소는 다른건  안보고 깨끗하면 되는 일인입니다 그런점에서 이곳 강추합니다,5,17일 전
y_002_830,친구들이랑 신년모임 가졌어요 세명이라 트리플침대로 예약했어야했는데 싱글트윈으로 하는 바람에 급하게 전화드렸는데 친절하게 응대해주시고 방 1개남앗으니 지금 변경 하시라고 알려주셔서 바로 바꿔서 편하게 숙박했습니다 직원분들이 다 친절하셔서 기분좋게 지낼 수 있었고 전주버스터미널에서 시내버스로 10분거리라 위치가 깡패에요 진짜 걸어서 주변 한옥마을 객사 다 갈 수 있어요 주말 숙박이시면 야시장도 꼭 들리시길 로비에 지에스 있어서 편리한데 뜨거운물은 없어요ㅠ 근데 밖으로 나가면 큰 지에스 있어서 거기 이용하시길 이정도면 가성비 호텔인거 같은데 조식도 채크인시 결제하면 19000원 비빔밥 해먹을 수 잇어서 그것만으로도 뽕 뽑는다고 생각합니다 같은 2층에 아담하지만 헬스장도 있어서 공복 유산소 하기 좋아요 ㅎㅎ 담에 전주가면 또 숙박하고 싶어요,4,5개월 전
y_002_831,세면대가 막혀서 잠깐 불편했지만바로 고쳐 주셨어요침구에 머리카락 붙어있기도 하고침구와 세면대만 빼면전체적인 컨디션은 괜찮았어요직원분들도 친절하시고가성비가 좋아서 만족했어요,5,2개월 전
y_002_832,라마다 호텔을  자주 이용하는데 요번엔 구 라마다 호텔인 전주 글로스터호텔을 선택해봤어요 라마다라면 믿음이 가니까 일단 위치가  좋아요 오거리 문화광장영화의 거리도  가깝고 한옥마을도 근처에 있어서 좋았구요 신중앙시장 먹거리도 있는  좋은 자리니 전주여행시 자주 이용해야겠단 생각이 들더라구요 근데 한밤중 12시경에 변기가 막히는 사태가아주 난감했는데 얼마안되서 시원하게 뚫어줘서 다행이었죠 또 조식 담당 직원 분 되게 친절 와플굽기 실패했는데 대신 직접 맛있게 구원주시는 센스 전반적인 평은 굿,4,5개월 전
y_002_833,작년에도 이용하고 올해도 방문하였는데 편이점도 있어 생겨편리했습니다심야시간에는 샐프로 이용가능하니 참고 하세요,5,3일 전
y_002_834,위치가 너무 좋아요호텔에 주차해놓고 산책 겸 소화시킬 겸 전주한옥마을  객사길 고루고루 도보로 다닐 수 있어요직원들도 매우 친절해요,4,1개월 전
y_002_835,좋은위치 친절한 직원  가성비 좋게 하루 잘 묵고 갑니다다만 룸 바닥이 카펫이었는데 아무래도 카펫은 먼지가 날수밖에 없더라구요 ㅜ그점 빼곤 서비스 굿이었습니다전주 출장이 잦은편인데 다음에 또 올께요,4,8개월 전
y_002_836,글로스터호텔 전주는 전주에 올때마다 이용하게되는 호텔입니다가격대비 가성비가 위낙 좋은 호텔입니다로비 내부 환경호텔내 구비시설등 모든것이완벽하다고 볼수 있습니다주변에 영화의거리도 있고한옥마을등 볼거리 먹거리등이아주 풍부해서편한 여행지 같은 느낌입니다단지아쉬운 점은 온수가 늦게 나온다는것인데기다림이 필요합니다나머지 호텔직원의 친절도주차시설등은 전혀 손색이 없습니다  다음번에도 이 호텔을 이용하겠습니다,5,8개월 전
y_002_837,계획하면서 위치가 좋은 숙소를 찾다가 글로스터 로텔을 선택했는데 기대 이상으로 만족스러운 경험이었습니다 우선 한옥마을과 가까워 도보로 이동하기 편리했고 주변에 편의점과 식당도 많아 여행 중 편리하게 이용할 수 있었습니다 호텔 내부는 모던하면서도 감각적인 인테리어로 꾸며져 있어 세련된 분위기가 느껴졌고 객실 역시 깔끔하고 청결하게 관리되어 있었습니다 침구도 푹신하고 편안해서 숙면을 취할 수 있었고 방음도 잘 되어 있어 조용하게 머물 수 있었습니다 욕실 역시 깨끗하게 정리되어 있었으며 특히 직원분들이 굉장히 친절하고 숙박 내내 편안하게 머물 수 있도록 신경 써 주셨습니다 전반적으로 시설 서비스 위치까지 모두 만족스러웠고 전주에서 깔끔하고 분위기 좋은 숙소를 찾는다면 추천하고 싶은 호텔입니다 다음에 전주를 방문할 때도 다시 이용하고 싶습니다,5,3개월 전
y_002_838,숙소 넘나 깨끗해요프론트 진짜 친절하시고 맥주쿠폰줘요류프탑조식 세일하는에 전주 먹을거 넘나 마나서 못먹음 아쉽 ㅜ ㅜ,4,27일 전
y_002_839,입구 트리부터 예뻤어요 크리스마스라고 귀여운 캔디도 받았어요 프론트 직원분들도 뭔가 크리스마스 아이템 하나씩 하고 있더라구요ㅎㅎ 숙소 저렴하게 예약했는데 들어설때부터 복도와 방 모두 깔끔하고 이불에도 먼지 없어서 좋았어요 근데 새벽에 창문이 외풍이 살짝 느껴졌고 일어나보니 이불 커버 속에 있었는지 둘 다 모르는 알약 하나가 떨어져 있더라구요그래도 분위기 좋고 시설 좋고 저렴하고 다시 오고 싶은 숙소에요 다음번엔 조식도 먹어보고싶어요,4,6개월 전
y_002_840,로비가 쾌적하고 직원분들이 친절해요전주 한옥마을이랑 걸어서 10-15분 거리로 이동이 편리해요 객실도 깨끗하고 서비스도 돼서 좋아요 조식 가짓수는 많지 않지만 대부분 맛있고 와플 만들어 먹을 수 있어요 다른 분 후기에도 있던 내용인데 침대 머리맡에 등조절 스위치가 있는데 야광이라서 잘 때 신경쓰여요 ㅠㅠ 베개로 가리고 잤다는 ㅠㅠ 그 외에는 쾌적하고 좋았습니다 다음에도 이용할 의향 있어요,5,11개월 전
y_002_841,숙소 위치 청결 서비스 다 좋아요다만 숙소에 와인잔 및 글라스 대여가 안되는점이아쉽습니다,4,25일 전
y_002_842,키즈룸이라고 하기엔 좀그리고 욕실 청소상태가 별로예요 세면대 사이에 곰팡이가 변기에 앉아서 보이더라구요ㅠ 어메니티는  샴푸린스바디워시 그리고 아이들 바디워시샴푸가 끝입니다,3,13일 전
y_002_843,숙소는 깨끗하고 위치 좋고 직원분들 친절하시고 주차장도 편리하고 좋았습니다다만 객실내 난방소음과 창밖에 차소리들이 들려 좀 신경쓰이긴 했습니다,5,3개월 전
y_002_844,전주에 매달 와야하는 일이 있을때마다 오는 숙소중에 한 곳인데 이곳  글로스터 호텔 전주 추천드립니다 위치도 청결도 면에서도 너무 만족한 숙소였습니다한옥마을까진 걸어서 1015분정도 걸리는거 같아요 숙소 이야기로 돌아와서 예전에 리모델링 직후엔 온수 이슈가 있었는데 요근래 가보니까 앞전에 있던 문제는 전혀 없어더라구요 온수 콸콸 잘나오고 요 상황을 보았을때 피드백을 빠르게 해주는 곳이란걸 느끼고 다시 보게 된 숙소였습니다 강추 드립니다,4,11개월 전
y_002_845,방은 물론 전체적인 호텔 깔끔 시설도 좋음 특히 에어컨이 맘에 들어 건조하지않고 편안한 잠을 갖음 다만 새벽1시에 도착하였는데 지하 주차공간에 자리가 없어서 시간을 허비하였음 외부에 사설업체 주차공간이 있으므로 그쪽으로 주차를 하기를 권함 호텔숙박시 주차무료 모든 면에서 추천,4,1개월 전
y_002_846,특별이 친절하지도 불친절하지 않았고 시설도 평범했습니다장점영화의거리 시장 한옥마을등 걸어서 이동하기 편리한위치평일이라그런지 체크인이 바로가능했음조식은 음식가지수는 부족했으나 간단히 먹을만했고 오징어튀김과 전주비빔밥이 맛있음체크아웃후 주차12시까지가능청결상태양호로비를 크리스마스분위기로잘꾸며놓음1층편의점있음단점수건이 오래된건지 세탁이 잘안된건지 냄새가났음ㅠ침대가 너무 작아요ㅠ방음이잘안되서 윗층이 잠들때까지 층간소음이 심했고 창문이 닫혀있는데 바깥소음이 많이들림,3,6개월 전
y_002_847,야간에프론트직윈신희곤직원의친절한응대에감동을받아서한번도리뷰를작성을해본적이없지만이렇게작성을하게되었어요 저도호텔리어의꿈을평생가지고살아온사람으로써신희곤직윈이행복하고앞으로진심으로행복하길바랍니다왜냐면진심으로투숙객을응대하였고감동을주었으니깐요,4,1년 전
y_002_848,체크인과 체크아웃할때 많이 기다리지 않아서 좋았어요 연휴여서 그런지 가족단위로 많이 놀러오더라구요 일단 데스크 분들이 너무 친절하셔서 편하게 잘 이용하고 왔습니다2박에 조식도 같이 이용했는데 사람이 워낙 많다보니 음식가지수가 빨리 채워지지 않는게 조금 아쉬웠어요 ㅠ 그래도 응대는 넘 좋았습니다호텔뷰는 전주시내가 한 눈에 보이는데 날씨가 좋아서 탁 트리는 풍경이 좋았습니다나중에 전주오면 다시 들리고 싶은 호텔이에요조식도 비빔밥은 맛있으니 드셔보는거 추천해드립니다 ,4,9개월 전
y_002_849,객실이랑 시설도 좋고 화장실 엄청 깨끗해서 좋았어요  1층로비에 가방을 두고 왔다가 못챙겼는데다행히도 친절하게 택배로 보냐주신다고 하셨습니다,5,9일 전
y_002_850,숙박하면서 느꼈던 장단점 적어볼까 합니다좋았던점 최근 리모델링해서 그런지 전반적으로 깨끗하고 쾌적함 고층배정받았는데 수압 저하없음 방음 잘 되어서 늦은 시간 소음공해 없음아쉬운점 지하3층까지 주차장이 있으나 협소함 일행은 먼저 내려주고 인근주차장으로 가는게 정신건강에 좋음 엘베가 3대가 있지만 꼭대기부터 훝고오는 스타일이고 다소 천천히 운행함 체크아웃 시간에 맞춰나오면 참을인자 10개는 그릴듯그럼에도 불구하고 전반적으로 상당히 만족함,5,11개월 전
y_002_851,모기가너무많아서잠을제대로못자슴,4,18일 전
y_002_852,전주에서 1박이상 여행을 계획중 이라면 여기 글로스터호텔이 가장 좋을것 같다는 생각이 들어요기존에는 라마다에서 운영을 했던 호텔이었어요우선 좋은거 먼저 말하면객리단길은 도보로 충분히 이동이 가능합니다주위에 편의점도 많고호텔 안에도 편의점이 있어 편리하게 이용 가능하여 좋습니다 호텔 근처에 카페도있고라운지도 안주주문하면 맥주 2병을 서비스로 줘서 이용하시면 좋을것 같아요객실도 깨끗하게 잘운영하고 있어서 좋아요가 조금더 크면 좋을것 같긴하지만요ㅎㅎ추가로 한옥마을은 도보로 이동하기는 조금 힘든거리입니다음 단점은 차량을 이용하시면 주차를 일찍해야 지하주차장에 주차를 할 수 있어요 아니면 야외에 마련되어있는 주차장을 이용하여야 하여 비가오거나 날씨가 안좋을 때는 불편할수도 있습니다차량이 이동이되면 차량번호를 다시한번 전달 해주셔야 합니다전체적으로 깔끔하고 직원분들도 친절하셔서 이용면서 불편한건 없었습니다,5,6개월 전
y_002_853,로비 넓고 직원분들 친절하십니다주변 조용하고 트윈 침대 편했는데난방이 히터바람이라 건조해서 수면에 방해됩니다 젖은 수건 걸어두시길비누 삼푸린스샤워젤은 있지만 다른 어메니티는 없어요 치약치솔샤워타올빗화장품 등 다 챙기셔야 합니다얼음은 1층 편의점에서 구매해야하고조식 할인하면 19000원이네요마침 건너편 투썸 개업해서 할인 쿠폰 받았어요걸어서 한옥마을 전주성당 구경 잘 했구요길건너에 식당 홈플 가까워서 간식거리 사기 편합니다,4,4개월 전
y_002_854,야시장 구경을 위해 전주 여행을 계획했어요 숙소는 야시장에서 그리 멀지 않고 깔끔한 곳 위주로 봤는데 이전 이름이 라마다라고 해서 익숙함 하나로 망설임 없이 예약했습니다 장점 1 룸 컨디션이 정말 좋다 2 침대가 딱딱한 듯하지만 숙면하기에 딱 좋다 3 엘리베이터가 3대나 있다 4 바로 앞에 편의점과 투썸이 있고 숙박객에게는 투썸 할인권을 준다 5 조금 걸어가면 다이소가 있어 필요한 물건을 바로 구매할 수 있다 6 창문을 살짝 열어 환기 시킬 수 있다 7 일회용 실내화 비치되어 있음 단점1 야시장까지 약 15분정도 걸어야 한다 좀 힘들었음2 체크인 대기줄이 정말 길다주말이라 그랬을 수 있어요3 엘리베이터가 3대인데 체크아웃할 때 계속 만원상태다4 기본 베개가 1개씩이다 뚜벅이 상태로 여행을 갔는데 야시장까지 거리가 좀 있어서 걷기 힘들었지만 그 피곤함을 싹 풀어낼 수 있을만큼 좋은 침대가 있어 아주 만족스럽게 여행을 마쳤습니다 전주 여행 숙소로 추천,5,6개월 전
y_002_855,글로스터 전주의 경우 전주 1박 2일 숙소로 검색을 통해 예약을 하였는데 위치도 좋았고 전반적으로 쾌적하고 좋았습니다주변 상권도 괜찮아서 식사 하기도 괜찮았고 중간 중간 골목에 카페도 있어서 술 커피 좋아하시는 분들에게 좋은 위치네요 한옥마을은 살짝 거리는 있지만 구경한다 생각하고 걸어가시면 걸어갈만한 위치입니다 특성상 전망은 바다뷰 마운틴뷰 그런 뷰는 아니지만 나쁘지 않았고 여행할 때 피로를 풀 수 있는 가성비 좋은 전주 호텔로 소개 추천드리네요 전주 가성비 좋은 고급호텔로 소개 끝,4,11개월 전
y_002_856,객실은 좀 노후화 된 거 같은데 전반적으로 깨끗합니다방도 넓고 방음도 잘되고 가격대비 만족합니다호텔 직원분들도 친절했습니다한옥마을이랑 도보로 가깝다해서 잡은건데 생각보다는 좀 먼 느낌을 받았어요 그래도 다닐만은해요호텔 로비에 편의점도 있어서 좋았어요칫솔치약은 없어서 따로 챙겨가야합니다화장실 문이 고정이 안되서 그건 좀 아쉬웠어요다음에도 기회가 된다면 다시 방문하고 싶은 호텔입니다맛집으로 근처에 오원집 있는데 추천드립니다,5,7개월 전
y_002_857,너무 푹신하게 잘잤고 공간도 쾌적했어요 우리 머물고나서 갑자기 건물 현관공사시작함,5,10개월 전
y_002_858,객실이 거실과 침실로 나눠져 있어서 좋았어요화장실도 굉장히 넓고 깔끔했습니다한옥마을까진 걸어서 10분 정도 걸려요,4,10일 전
y_002_859,숙소의 위치 시설 만족스러움 조식은 서비스와 대응이 아쉬움,4,8개월 전
y_002_860,장점바로 아래에 편의점이 있어서 엄청 편합니다 크리스마스여서 트리도 해놨는데 예쁘구요 차로 다니기는 했지만 위치가 좋아서 어디를 가든 가깝습니다 다음에도 여기에서 묵기로 했어요하루 묵기 깔끔하고 뷰도 노을이 보이고 좋아요직원분들도 친절하시고 주차요원이 밤에도 있어서 편해요단점좀 미리 예약했으면 더 싸게 가능했을 것 같네요주차장이 작아서 대부분 만차같습니다 다행히 맞은 편 공터가 있어서 큰 문제 없었어요화장실에서 약간 냄새가 났으나 익숙해지니 괜찮았어요 방음이 안되지만 심각하진 않습니다,5,7개월 전
y_002_861,숙소 청결 및 직원분들 친절해요잘 쉬다 갑니다,5,18일 전
y_002_862,친구들이랑 전주여행을 다녀왔어요 3명이라서 숙박 어디할까 고민했는데 트리플 침대방이 있더라구요 싱글침대가 3개였어요 그래서 서로 편하게 잘 수 있었습니다 숙소에 물도 3개 냉장고에 있고 비누 샴푸 바디워시 등 다 준비되어있어서 칫솔과 치약만 가지고 가면 될거 같아요 숙소도 청결한 편이라서 금액 부담없이 머물다 갑니다 그리고 숙소 위치도 한옥마을과 가까운 편이에요 걸어서도 갈수 있습니다 전주여행 오신다면 글로스터호텔 전주에 오셔도 좋을거 같아요,5,7개월 전
y_002_863,오랜만에 만난 친구들과 함께 이용했는데 청결좋았습니다 체크인때 따뜻한 물이 나오는데 조금 걸릴 수 있다고 안내해 주셨는데 금방 나왔어요 들어갈때 로비에서 나는 향도 좋았구 직원분들 모두 친절하셔서 좋았구요 단점이라면 도로와 인접해있어서 약간 바깥소음이 잘 들렸다는거 거슬릴 정도는 아니었어요 방간 방음은 잘되는지 조용했습니다,5,1년 전
y_002_864,예전에 다른 이름의 호텔일때 방문한 적이 있었는데 그땐 좀 맘에 안들어서 한번 가고 안갔어요 그런데 새로 리뉴얼하고 이름도 바뀌었길래 혹시나하고 다시 가보았습니다 일단 직원분들의 응대는 친절하셨고요 호텔위치도 시내에 있어서 객리단길과 가깝고 한옥마을도 멀지 않아요 그리고 룸 내부 바닥이 카페트여서 먼지걱정이 좀 되었고요 책상옆에 세워져있는 길다란 스탠드가 좀 낡아있었는데 좌우로 흔들리면서 삐딱하게 서있고 갓부분의 실밥이 다 튀어나와있어서 미관상 안좋더라고요 욕실은 좁은편이였는데 샤워부스 옆에 있는 디펜스용기가 많이 불편했어요 용기가 신축성이 없어서 잘 눌러지지도 않고 위아래로 끼우는 형태였는데 자꾸 빠지고 컨디셔너와 바디워시는 거의 다 사용한 상태인데 리필을 안해놓으셔서 겨우겨우 바닥에 있는거 쥐어짜서 사용했어요 체크아웃할때 직원분께 말씀드리니까 좀더 살피겠노라고 대답하셨습니다 평일에 방문해서인지 객실은 전체적으로 조용한 편이였고 주차장에 자리도 많았고 직원분들 응대도 나쁘지 않아서 재방문 의사 있습니다 객실정비만 좀 더 신경써주시면 좋겠어요,4,9개월 전
y_002_865,전주에 출장차 방문하여 급하게 호텔을 찾던중 방문하게 되었습니다 결론부터 말씀 드리면 좋은 선택이었고 다시 출장 오더라도 재방문할 예정입니다호텔 들어가는 순간부터 고급 호텔이라는생각이 들 정도로 외관부터 괜찮은 호텔입니다 직원분들은 매우 친절하시고 객실 내부도 청결하며 전망도 우수한 편입니다 바로옆에 문화의 거리나 관광지로 유명한 객사 전주 한옥마을까지 모두 산책 하면서 도보로 이용 가능 하기 때문에 관광 하기에도 좋은 곳 같습니다 업무때문에 조식은 이용 못했지만 다음에는 꼭 이용해볼 생각입니다 제 점수는요 별 다섯개입니다,5,11개월 전
y_002_866,다들 너무 친절하시고 숙소도 너무 편하게 잘 이용했어요 근데 한가지 방 전등을 조정하는 버튼이 침대 헤드에 붙어있어서 밤에 불 때매 못 자겠어서 베개를 침대 끝부분에 놓고 잤어요 꺼꾸로 ㅜㅜ 왜 인테리어를 이렇게 했는지 이해불가 ㅜㅜ,4,2개월 전
y_002_867,시설 위치 청결 다 좋았어요  잘 묵고 갑니당 ,5,13일 전
y_002_868,위치도 좋고 침구도 깨끗해서 만족스러웠어요호텔내에 편의점이 있어서 편리했고 투썸 할인쿠폰도 주셔서 다음날 모닝커피마실때 잘사용했네요 단 주차장은 호텔이 아닌 조금 떨어져있는곳으로 안내해주셔서 불편했어요,5,6개월 전
y_002_869,라마다호텔 자주이용하고 있는 사람으로 여기는 예전 라마다호텔을 잘 사용하고 있는거라 여겨집니다 전주에서 가성비좋고 괜찮아요전주에서 여기를 강추드립니다장점은주차장이 넓다주변 상권도 괜찮아요 침구가 편안합니다주변 소음도 적어요일하기에도 적당한 책상과 의자가 훌륭합니다직원들의 서비스정신도 나쁘지않습니다조금만 나가도 전주에서 제일 번화가를 갈수도 있습니다바로 앞에 편의점도 너무 편하고 좋았습니다앞으로 자주 이용하도록 하겠습니다 감사드립니다,4,11개월 전
y_002_870,라마다호텔 일때 묵어보고글로스터로 바뀌고 처음 이예요객실은 군더더기 없이 좋았어요테이블 책상 따로 있어서 너무 유용했어요아쉬운점은 책상앞에 거울이 있어서화장대로 사용하기 딱이였지만구석이라 조명이 없는게 아쉬웠어요조식도 너무 맛있게 먹었어요2주뒤  추석때 또 가야해서조식포함으로 예약 하려구요그리고 한가지 아쉬운점라마다때 루프탑에서 맥주마시면서 보름달 사진 찍었던 좋은 기억이 있어서기대했었는데 운영안해서 너무 아쉬웠어요들어가자 마자 사진을 못찍어서짐 풀고 찍은 사진이라 전체샷이 없네요,4,10개월 전
y_002_871,객사길 바로 근처라 걸어서 저녁 먹으러 다니기 편했고 가격대비 쾌적했어요 프론트 직원분들이 정말 친절하게 응대해주셨고 투숙객은 19000원에 조식뷔페 이용할 수 있어서 괜찮게 이용했어요 침대가 너무 푹신하면 허리아파서 못자는데 여기는 단단한 편이라 편하게 잘 잤어요 다음에 전주여행 또 오게 되면 재방문 무조건 할 거에요,5,10개월 전
y_002_872,2025022120250222 이용라마다 호텔일 때도 가본 적이 없었는데 바뀌고나서 처음 와봤네요 일단 방 자체가 넓어서 좋았고 화장실도 넓고 시설이 좋았어요 특히 샴푸와 바디워시의 향도 씻고 나올 때마다 좋았습니다숙박업소 특유의 머리카락 뻣뻣해지는 샴푸 린스가 아니었어요 글고 로비에 판다 인형이 많더라고요왜인지는 모르겠지만귀여웠습니다조식은 생각보다 퀄리티가 좋았어요 전주는 호텔이별로 없어서 괜찮은 조식을 먹을 수 있을 거라고 생각을 전혀 못했는데 특히 비빔밥이 정말 맛있었답니다 비빔밥만 먹더라도 이 호텔 조식을 먹는 의미가 있다고 생각해요 감사합니다,5,3개월 전
y_002_873,어머님이 주변에 볼 일이 있으셔서 다시 예약해드린 곳입니다 한 세 번 정도 이곳을 예약해드렸는데 가실때마다 만족해하시고 계시더라구요 편의점도 근처에 있고 딱히 부족한 게 없는 거 같습니다 주변에 있는 호텔 중 금액도 합리적이고 객실 상태도 나쁘지 않아서 여기로 계속 예약해드리고 있는데 친절하다고 하시네요 층수는 가실때마다 다르게 배정받으시는 것 같은데 뷰가 그렇게 중요한 호텔은 아닌거 같아요 아무튼 방문할때마다 좋았다고 하시는거 보면 앞으로도 일이 있을때 여기로 예약할거 같아요,5,9개월 전
y_002_874,초등학생 둘 데리고 셋이서 설레는 전주여행을 왔는데 전주역 도착하자마자 첫날 폭우가 와서우울해하던 애들이 호텔와서 세련되고 깔끔한 로비보더니 기분좋아지고 사진도 찍고 했어요ㅎㅎ 호텔방도 깨끗하고 트리플 침대라 다들 편하게 푹자고 일어나보니 날씨까지 너무 좋네요 위치도 너무 좋았어요 동네산책하다보면 홈플러스도 나오고호텔 바로 옆이 영화거리라 소소한 재미가 많아요  한옥마을까지는 도보로 25분정도라갈때는 걸어가고 올땐 더위에 좀 지쳐서 택시탔어요 근데 호텔 바로앞 버스정류장 있어서 버스를 탔어도 좋았을 것 같아요 호텔은 정말 시설위치온도습도 다 좋았고직원분들도 정말 친절합니다 급 하루 더 예약해서 2박3일로 다녀왔어요 비지니스로도 많이 오시던데 이유가 있네요 지인들에게도 전주여행시 추천했어요,5,10개월 전
y_002_875,전주에 매달 와야하는 일이 있을때마다 오는 숙소중에 한 곳인데 이곳  글로스터 호텔 전주 추천드립니다 ㅎㅎ한옥마을까진 걸어서 1015분정도 걸리는거 같아요 하지만 또 다른 장점 한가지가 있답니다 바로 전주 객사는 바로 앞이랍니다 맛집도 정말 많고 전주 사람들도 많이 가는 곳인걸로 알고있습니다숙소 이야기로 돌아와서 예전에 리모델링 직후엔 온수 이슈가 있었는데 요근래 가보니까 앞전에 있던 문제는 전혀 없어더라구요 온수 콸콸 잘나오고 요 상황을 보았을때 피드백을 빠르게 해주는 곳이란걸 느끼고 다시 보게 된 숙소였습니다 강추 드립니다,4,11개월 전
y_002_876,청결하고 친절했습니다 유아와 동반할 때 아쉬운 점이 하나 있었는데 화장실 문이 무거운데 살짝 건드려도 닫혀서 위험했습니다 그 부분은 개선되면 좋겠습니다,5,2개월 전
y_002_877,전주 여행하면서 묵었어요 한옥마을까진도보로 1520분 걸리는거같아요 방은 노후된 느낌은 있지만 깨끗하고 좋았어요 베개도 높다는 후기가 많아서 아이 베개도 챙겨갔는데저는 괜찮았어요 침대가드도 있어서 아이랑 같이 자기 좋았어요 단점은 화장실 슬리퍼가 없고 화장실이 방이랑 연결이 안되서 불편했어요 그리고 1층 로비랑 1층 야외주차장모기가 엄청나요ㅜㅜ 가족 전부 걸어서 나가는데 그위치에서 모기만 각각 5방 이상씩 물렸어요 신랑은 다리에 동시에 모기 4마리가 붙었다고ㅜㅜ 나무 방역좀 해주셨으면 넘 무서버서 반대쪽으로 다녔어요 다른손님들도 그러시더라구요 그외엔 호텔은 로비도 예쁘고 만족합니다 재방문 의사 있어요,5,9개월 전
y_002_878,전주한옥마을에 여자친구와 놀러왔다갸 찾아보게된 숙소입니다 우선 한옥마을 안에는 숙소들이 너무 비싸기도하고 가성비가 부족해보였습니다 글로스터호텔은 가성비도 있으면서 위치도 너무 좋아서 한옥마을과 객사길 그리고 맛집이 있는 동네들도 걸어서 이동할수 있어서 너무 좋았습니다 룸서비스도 좋고 직원분들도 친절하셨어요 청소상태도ㅈ깔끔했고 담배냄새같은건 나지 않았어요 물도 잘나오고 시설들도 신식이라서 매우 만족하는 숙소였습니다 다음에도 재방문할게요 수고하세요,5,6개월 전
y_002_879,가족 셋이 이용하기 좋게 싱글침대가 3개라 그게 젤 좋은 점이고 공간은 생각보다 조금은 협소한 편인듯글구 침구류에서 간헐적 머리카락이 붙어 있었음글구 생각보다 이용객이 많아 체크인도 줄이 좀 길고 엘베도 수용을 바로 못해 한번에 타기는 쉽지않은 듯체크인때와 체크아웃시                  주차를 우리는 좀 빨리해서 주차는 불편을 못 느꼈음다음에도 이용할 지는잘 모르겠음,4,5개월 전
y_002_880,조식도 괜찮고 객실청결도 및 방음이 매우 좋습니다 무엇보다 직원분들이 모두 정말 정말 친절해요,5,1년 전
y_002_881,시설이랑 내부 좋았습니다청결도는 샤워부스안이 너무 더러웠습니다곰팡이랑 물때가 심해서 맨발로 들어가기 조금그랬습니다 또 샤워부스 하단 고무패킹이 필요할거 같습니다 자꾸 물이 넘어가서 세면대쪽으로 넘어오네요,4,25일 전
y_002_882,조아옹 또올게용 최고 친절하고 객사랑 가까워서 조아용,5,1개월 전
y_002_883,주중에 일박으로 이용했습니다 침대가 제 기준에서는 적당하게 푹신하고 바삭해서 숙면을 취했고 수압도 온수도 더할나위 없었습니다 욕조는 없었네요 넷플릭스로 영화 한편 보고 푹 쉬었습니다 아침에 조식도 있습니다조식은 한식 양식 등 비즈니스 호텔에서 쉽게 맛 볼 수 없는 부페식으로 되어 있습니다 전주비빔밥도 만들어 먹을 수 있고 각종 음료와 과일 후식도 다양하게 준비되어 있습니다위치도 전주 한옥마을 십분거리에 있어서 여러 맛집을 이용하고 근처 공원에서 산책도 하며 여유롭게 시간 보냈습니다,5,7개월 전
y_002_884,친절했습니다,4,7일 전
y_002_885,가족 숙박을 대신 예약해줬는데 숙소와 객실 컨디션이 좋았다고 합니다 숙소가 다시 리모델링을 해서 그런가봐요 엄청나게 기대할 정도는 아니지만 적당히 비즈니스 호텔 같이 정리가 잘 되어 있었습니다 바닥은 카페트지만 깔끔 한 편이었고 시트도 잘 정돈되어 있었어요 숙소 위치도 번화가와 가까이 있고 쾌적해서 잘 머물렀다고 하네요 카운트 분들도 친절하신 편이었습니다 8층 받아서 나름 전망있는 뷰를 즐길 수 있었다고 합니다 저도 다음에도 전주에서 숙박할일 있으면 여기로 갈려구요,5,11개월 전
y_002_886,일단 주변에 다닐 곳이 많고 동선상 편리한 점이 좋았습니다 주차장이 외부와 지하에 모두 있어서 편리하기도 했구요 차량등록은 객실당 1대 가능합니다 영화제 기간에 숙소 왔다갔다하면서 편하게 이용했습니다 주변에 먹을만한 식당도 꽤 있고 좋아하는 카페들도 있어서 잘 먹고 잘 쉬고 편한 휴식 취했습니다 사진은 숙소 조식이에요 평소보다 조금 비싼 금액이었는데 워낙 평이 좋기도 했고 주변 숙소들과 비교해도 가격이 많이 차이나는 편은 아니어서 먹어봤어요 즉석에서 해주시는 달걀요리나 한식 과일 샐러드 모두 신선하고 좋았어요 다만 베이커리류는 마르지 않게 조치가 필요할 것 같고 커피 머신도 디테일링이 필요할 것 같아요 거기까지가 되어야 완성인 부분이라고 생각합니다 평소보다 많은 인원을 예상하고 금액을 올려 받으실때는 확실한 서비스를 제공할 의향이셨던 것 같아요 하지만 주변에 같은 급의 다른 호텔들이 같은 사유로 금액인상했다는 이야기를 들어본 적이 없는데 차별화된 서비스였는지 의아한 부분입니다,5,1년 전
y_002_887,우선 위치가 너무 좋습니다유명 가맥집이  가깝고 현대옥도 가까워서밤에는 가맥집 마실 아침에는 현대옥으로 해장하기 좋아요ㅎㅎ숙소는 전반적으로 깔끔했으나숙소 안 책상 서랍에 머리카락이 있어서 조금 흠칫했습니다쿠폰을 자주 발급해주시는 듯 하여 좋았어요더 합리적으로 이용이 가능해서 다음달에 또 전주 방문 일정이 있어서 바로 예약했습니다체크인 시에 주시는 아메리카노 11 쿠폰도 체크아웃 시에 사용하니 너무 좋았습니다ㅎㅎ루프탑은 아직 공사중이라 하셨는데 어서 완공되면 좋겠네요,4,8개월 전
y_002_888,전주에서 아무래도 글로스터 호텔이 가장 좋고 위치도 좋은거같아요 객사도 가까워 데이트하기도 좋았고 이번에 이벤트로 투썸이벤트와 조식도 저렴히 맛있게 먹을수 있어서 너무 좋았습니다 객실상태는 항상 깨끗하고 부족한게있으면 카운터에서 친절하게 대응해주셔서 모두 만족했어요 다만 개인용품은 구매해야하는점이 조금 걸리네요 ㅠ 앞으로는 어느 정도의 개인용품은 조금 있었으면 좋겠습니당 도 스마트라 모두 시청가능하고 크게 문제있거나 한건 없이 좋았어요,5,10개월 전
y_002_889,출장차 방문했는데 시설이 굉장히 좋고 위치도 만족스러웠어요 1층에는 편의점이 있고 제가 다녀온 날은 크리스마스 준비에 한창이었는데 트리를 너무 예쁘게 꾸며놓으셨더라구요 다시 예약하려고 보니 가격이 꽤 오르고 해서 예약은 못했지만ㅠ 크리스마스를 맞아 산타가 선물 주는 이벤트도 하고있으니 어린아가들 데리고 방문하시기 좋을 것 같아요 저는 조식은 안먹었지만 조식도 평이 좋더라구요 전날 11시까지 신청하면 된다고 하니 드셔보세요 주변에 걸어서 객사쪽 가기도 좋고 방이 깔끔하고 아늑해서 혼자와도 같이 와도 참 좋을듯합니다 넷플은 되지만 개인 로 로그인 하셔야해요 직원분들도 넘 친절하시고 여러모로 좋은 기억이 있는 숙소에요 한가지 단점 꼽자면 화장실에서 약간 하수구 냄새같은게 좀 나요ㅠㅠ 제가 묵은 객실만 그런걸지도 그래도 전반적으로 추천드립니닷,5,7개월 전
y_002_890,호텔 들어가는 입구부터 향기도 너무 좋고 딸들과 셋이 1박2일 너무 편안하게 쉬고 왔습니다 인포 직원분들 친절하시고 조식도 너무 만족했어요 조금 아쉽다면 객실 바닥에 먼지들이 좀 그래도 전주 한옥마을부터 숙소까지 딸들과 너무나 행복한 시간을 보내고 왔습니다 전주가면 무조건 글로스터호텔 절대 후회없습니다 적극 추천,4,10개월 전
y_002_891,자고 있는데 누군가 방에 들어왔다가 바로 나가심 여자 둘이 묵었는데 상당히 당황스럽고 무서웠어요방마다 카드키가 왜 있는건지 의문입니다,4,1개월 전
y_002_892,너무 친절한 직원분 깨끗한 객실 눈이많이 와서 추웠는데 뜨거운 녹차로 몸 녹이고  기분좋았습니다아쉬운점이 있다면 욕실이 조금 지저분하다 양치컵 위생상태 커피 포트에 물이 조금 들어 있는 정도기분좋게 쉬었다 갑니다,5,5개월 전
y_002_893,여름휴가로 전주로 가족 여행을 오게 되어서 여러군데 알아보고 예약하고 쉬고 가게된 숙소 입니다 주차 시설이 너무 너무 잘 되어 있어서 주차하기 너무 너무 편 하고 좋았어요 진짜 너무 편했어요 숙소 내부도 엄청 깨끗하고 너무 너무 푹쉬고 갑니다 에어컨도 너무 잘 되어서 여름에 시원하게 푹쉬고 갑니다 한옥마을이랑도 거리가 가까워서 진짜 편했어요 관광하기에 진짜 너무 편했어요 전주에서 진짜 제일 좋은 호텔이에요 다음에도 전주로 여행을 오게 된다면 여기로 꼭 다시 올게요,4,10개월 전
y_002_894,전주에서 헬스장 있는 호텔 찾다가 글로스터 호텔에 첫 방문 했습니다넓은 지하 주차장지하 3층까지 있고 기계식이 아니라 더 좋았어요 끔한 객실 그리고 헬스장까지 갖추고 있어 편안한 숙박이 가능했습니다 조식은 이용하지 못했지만 전반적으로 만족스러운 경험이었습니다 넓고 편리한 지하 주차장자차를 이용하는 여행객이라면 주차 공간이 가장 신경 쓰이는 부분일 텐데 글로스터 호텔은 넓은 지하 주차장을 보유하고 있어 주차 걱정 없이 편하게 이용할 수 있었습니다 주차 공간이 넉넉해 늦은 시간에도 자리 걱정 없이 편리하게 주차할 수 있었습니다 깔끔하고 쾌적한 객실객실은 전반적으로 깔끔하고 정돈된 분위기가 좋았어요 룸도 너무 좁지 않고 적당했어요 쾌적한 공간 덕분에 편안한 숙박을 할 수 있었습니다 헬스장 완비 글로스터 호텔의 가장 큰 장점 중 하나는 헬스장이 있다는 점입니다 여행 중에도 운동을 놓치고 싶지 않은 분들에게는 정말 유용한 시설입니다 기본적인 운동 기구들이 잘 갖춰져 있어 가벼운 운동을 하기에 충분했습니다만족하고 또 만족했던 호텔이예요 참 1층에 지에스 편의점이 있고 맞은편 투썸플레이스 20 쿠폰도 줍니다,5,4개월 전
y_002_895,전주 한옥마을 15분 정도 걸어갈수있고 식당도 상가도 많아 여행하기 좋았어요,4,16일 전
y_002_896,다른지방서 손님 오셔서 예약해드렸는데넘 깔끔하고 조식도 맛있었다고 고맙다는 인사 받았습니다전 이용해본적이 없어서 걱정했는데 만족하셨다니 참 좋았습니다,5,3일 전
y_002_897,객사길 바로 근처라 걸어서 저녁 먹으러 다니기 편했고 가격대비 쾌적했어요 프론트 직원분들이 정말 친절하게 응대해주셨고 투숙객은 19000원에 조식뷔페 이용할 수 있어서 괜찮게 이용했어요 침대가 너무 푹신하면 허리아파서 못자는데 여기는 단단한 편이라 편하게 잘 잤어요 다음에 전주여행 또 오게 되면 재방문 무조건 할 거에요,5,10개월 전
y_002_898,일단 리뉴얼해서 그런지 진짜 많이 깔끔하고 이용하기가 너무 좋았습니다 전주에서 놀고싶어 당일날 급하게 여기저기 알아보다가 위치도 객리단길과 한옥마을에서 가까워서 여기로 하였는데 저도 여자친구도 너무너무 만족했습니다프론트 직원분들도 다들 친절하셨고 무엇보다 주차가 너무 편했습니다지하주차장도 있있고 바로 뒤에 티맵주차장도 크게 있어서 주차 하기가 너무 좋더라고요그리고 바로 앞에 편의점도 있어서 간단하게 요기거리나 주류 구입할때 너무 편했습니다객리단길 근처라 식당도 많은것도 너무 좋았네요ㅎ 다음날 아침 조식은 먹지 않았는데 담에 이용하게 되면 조식도 신청해서 먹어보려고 합니다ㅎㅎㅎㅎㅎ 전주 여행할 때  이용할 숙소는 앞으로 글로스터 전주 호텔로 무조건 이용하려고요,5,12개월 전
y_002_899,호텔 근처에 상점들이 많아 밤에 구경하기 좋아요 쇼핑도하고 이것저것 구경하는 재미가 솔솔하네요 객실은 3명이 사용하기 조금 작은 느낌 이지만 나쁘진 않아요 가격대비 좋아요 잘 쉬었다 갑니다,4,27일 전
y_002_900,청소도 깨끗하게 잘하는거 같아요침구도 좋고 다만 옷걸이가 조금 부족해서 샤워가운에 있는 옷걸이를 쓰려고 했는데샤워가운에서 다른사람 머리카락이많이 묻어있어서 조금 기분이 안좋았지만  그외는 만족합니다,4,7개월 전
y_002_901,친절하시구 객실도 깨끗하고 편하게 잘쉬었던거같아요 1층에있던 팬더도귀여워서 아이가 너무좋아했었네요,4,24일 전
y_002_902,시설이 오래된것 같긴하지만 잘 관리되어 깨끗해 편히 잘 쉬었고 한옥마을까지 걸어도 될 정도로 가깝고 조식도 나쁘지 않았고 잘 쉬었으나좁은 주차장으로 인해 투숙객인데도 불구하고 외부멀지는 않음 가까움주차장을 이용해야해서 비오는 날씨에 상당한 블편함이 있었음,4,2개월 전
y_002_903,일단 전주 한옥마을 접근성은 거리가 좀 있어서 좋진않지만 차량으로 이동하기에는 아주 가까운거리에 위치합니다하지만 전주 남부시장이 있어서 먹거리를 이용하기에는 아주 편했습니다신규 호텔이라 시설이 깨끗하고 좋았구요 침대도 편해서 출장중에도 잘 쉬었네요그리고 1층에 편의점이 있어 편했고 프런트에 계시는 직원분들도 친절하셔서 좋았습니다다음에 전주로 가족여행을 온다면 전주 글로스터 호텔에서 숙박을 하고 싶네요주변에 먹거리가 많다는게 제일 편하고 좋았습니다,5,5개월 전
y_002_904,글로스터 호텔 그렇게 기대하지 않고 왔는데너무 좋게 놀았습니다15층 로비에서는 안주 하나 주문 하면맥주 두 잔은 공짜로 전에 이벤트도 진행해요 바로앞에있는 투썸 플레이스 10할인쿠폰 또한 있어요 호텔도 엄청 크고 넓어서 굉장히 놀랐습니다저는 7층 객실을 이용 했는데내부도 깔끔하고 슬리퍼도 있어서 편했습니다 화장실에 슬리퍼 신고 들어가면매우 미끄러우니 주의하세요와이파이도 객실별 모두 다 있어서 적었습니다  와 도 빠르게 잘 전환 되었구요 불편한 점은 거의 없었고직원분들도 친절하셔서 참 좋았습니다,5,5개월 전
y_002_905,프론트 직원분이 매우 친절하셨어요화장실 하수구 쪽에서 약간 냄새나는 것 빼고는 전반적으로 만족,4,2개월 전
y_002_906,처음 로비 도착했을 때부터 엄청 넓고 깨끗해서 첫인상이 좋았습니다 호텔 근처에 투썸 같은 카페라든지 편의점이라든지 가게들이 잘 갖춰져 있어서 좋았구요 밖에 있는 만큼의 규모는 아니지만 호텔 로비에도 조그맣게 편의점이 있어서 급할 때 이용하기 좋아 보였습니다객실은 청결하고 편안했습니다 침대가 넘 푹신해서 일어나기가 싫더라구요 ㅎㅎ 화장실도 깔끔하고 좋았는데 다만 샴푸 린스 바디워시 디스펜서가 너무 단단해서 샤워할 때 쥐어짜느라 힘들었던 게 기억이 나네요 그것만 빼면 객실 상태도 훌륭하고 조식도 넘 맛있고 좋았습니다조식 뷔페에 셀프 비빔밥이 있어요,5,9개월 전
y_002_907,전주는 처음 와봤네요이 호텔 주자창이 조금 좁은 편인 듯 해요개인적인 생각로비에 체크인하는데 좀 귀찮은 듯 애써 웃으며 대응하는 것 같았어요룸 컨디션 대체적으로 깔끔하고 좋습니다조식은 아직 안먹어봤지만 다른분들 리뷰 보니까 괜찮아 보이더라구요ㅎㅎㅎ침구도 깔끔하고 욕실도 깔끔해요다만 칫솔이나 그런 비품만 알아서 챙겨와야해요룸에 있는거 다 사용해도 되지만 추가로 필요할 경우에는 비용 지불해야 합니다저는 이런 리뷰를 보고 왔기에 수건까지 챙겨왔어요ㅋㅋ여튼 이정도면 가성비 상당히 괜찮아요,4,10개월 전
y_002_908,편안히 잘 묶었습니다,4,15일 전
y_002_909,전주 한옥마을 근처로 숙소를 알아보던중 새로 리모델링한 호텔이라고 가성비 좋다며 추천이 많더라고요 한옥마을과 객리단길 접근성이 좋고 호텔에 주차하고 도보로 이동이 가능할 수 있어서 마음에 들었어요 호텔 로비도 분위기 좋고 깔끔하고 연말 느낌나네요 방 배정 받아 들어가보니 룸 컨디션이 아주 좋네요 침구도 깨끗하고 특히 조식이 너무나 마음에 쏙 들었는데  전주비빔밥도 만들어 먹고 국과 밥을 가마솥으로 준비하신 부분이 인상적이었어요 음식도 맛있고 가성비로 최고 편안하게 잘 보냈습니다,5,7개월 전
y_002_910,객실이 크고 넓고 청결했으며 직원들이 친절해서 기분이 좋았습니다조식도 깔끔하고 구성이 좋았습니다또 옆자리에 이용씨가 이용하고 계셔서 기분좋은 10월에 어느날이네요편안하게 잘 쉬다 갑니다,4,8개월 전
y_002_911,굿굿굿 좋아요 깨끗합니다,5,4일 전
y_002_912,전주 한옥마을 근처에서 가장 합리적인 선택이 될수있는 호텔급을 찾다가 이곳에서 하루를 보내게 되었습니다 전주 한옥마을과 근처에 도보거리에있어서 오며가며 쉬고 빨리갈수도있었습니다 주변에 맛집도 많고 1층에 편의점이있는것고 편리했습니다 체크인을 좀만더 빨리해줄수있었으면 더 좋았겠다는 생각이듭니다 체크인하는데 줄이 길어서 조금 기다리는 시간이 필요했습니다 청결 상태는 좋았습니다 티비모니터크기도 적당해 좋았으며 화장실도 깔끔했습니다 만족해요,5,9개월 전
y_002_913,사진을 못찍었는데 로비부터 객실 상태나 부대시설 전부 다 좋았습니다 직원분들도 친절하시고 조식도 잘나와서 잘쉬고 갑니다 ,5,1개월 전
y_002_914,방음이 안돼서 복도소리나 윗층  말소리가  들리는거 빼곤 괜찮았네요프런트 남직원 표정이 좀더 부드러웠으면 더 기분이 좋았겠네요,3,17일 전
y_002_915,전주 여행에서 좋은 기억을 선사해준 글로스터호텔 이였습니다 예약 시 혼선으로 인해 룸을 2개 예약하게 되었는데 호텔측의 배려로 예약을 변경하여 1개의 룸에서 같이 묵을 수 있어서 좋았습니다 아이와 함께하는 여행이라 온돌방이 필수였는데 온돌방에서 편하게 쉬었습니다 호텔 직원분들이 모두 친절하여 숙소에서 편하고 기분좋게 쉴 수 있었습니다조식도 다양하고 맛있게 즐겼습니다 전주의 명물인 전주비빔밥을 호텔에서도 즐길 수 있어서 좋았습니다다음번 전주 여행에도 또 방문하겠습니다,4,9개월 전
y_002_916,생각보다 호텔에 빨리 도착해서 체크인 전이었는데 바로 체크인해주셔서 좋았어요 데스크분들도친절하셨어요 객실도 깔끔한편으로 이용하는데 불편함 없고 물도 시원시원하게 잘 나와요 일회용품은 없지만 샴푸 린스 바디워시는 다회용으로 비치되어있었어요 호텔자체는 좋은데 생각보다 주차장이 좁더라고요 다른 일행 있었는데 조금 늦게 왔더니 외부 주차장 안내해주셨다고 해요 한옥마을도 이정도면 가까운 편이었고 카페나 전주에서 유명한 제과점도 근처에 있어서 좋았어요 저번에 전주와서도 잘 이용했는데 이번에도 잘 지내다 갑니다,5,10개월 전
y_002_917,예전에 라마다호텔자리에 이름만 변경된건지 아니면 다른 업체가 인수한건지 모르겠지만 현재 기준 전주에서는 제일 좋은 호텔식인건 분명하다물론 왕의지밀이라고 거기도 참 좋은데시내기준 그리고 어디든지 갈 수 있는 전주시내에서 오거리인데 딱 좋은 위치예요그런데 시트커버는 관리가 필요해요  가려워 쇼파에서 잠잤어요ㅠㅠ,4,11개월 전
y_002_918,비가와서  한옥쪽 다소 습할까 싶어서 왔어요 쾌적하고 바로 도보 1분거리에 현대옥 시청점이 있어서 콩나물국과 떡갈비 등 잘 먹었어요,5,11일 전
y_002_919,호텔답게 깨끗하고 헬스장 세탁실 등 이용하기 너무 좋았습니다 밖에서 잠 잘 못자는데 조용해서 잠도 잘 잤네요 잘 이용했습니다 또 올게요,5,1년 전
y_002_920,조아용깔끔합니다,5,15일 전
y_002_921,오전에 내장산 가을 단풍 구경하고 오후에전주을 방문하게 되었고 여행 계획에 전주 한옥 마을 등 방문을 목적으로근처에 숙소를 검색 중 접근성 청결하고 서비스가 좋은 글로스터 전주 호텔을 선택했어요  한옥마을 근처라 구경하기 매우 좋았으며 유명한 맛집도 많아 저녁을  다음날 오전에  콩나물밥을 맛있게 먹었습니다 그리고 짐보관 서비가 있어 체크인 아웃 후 매우 편했어요  전반적으로 직원들은 매우 친절하고 룸 상태는 최상급이었으며 접근성 교통등 편해요 다음에도 이용할 예정입니다,4,7개월 전
y_002_922,2주전에 조식포함으로 묵었을때조식도 맛있었고괜찮다 싶어서 추석때 또 예약했는데이번엔 실망이 컸어요926호 욕실 환풍기 수리하셔야 할듯요그리고 조식이 10시까지로 9시 30분  입장 마감이예요다른곳 조식뷔페와 차별점이 비빔밥인데저희는 9시쯤 갔는데 밥도 떨어지고 고추장도 없고비빔밥 재료도 모자랐고계란후라이도 안해주더라구요없는 음식이 나오냐고 물어보니계속 조리중이라고 했지만9시에가서 9시30분에 나왔는데채워진게 별로 없었어요최소한 마감 시간전까지는다 제공해야하는거 아닌가요그나마 있던것도  너무 맛없었어서돈이 너무 아까웠고너무 실망스러웠어요,3,9개월 전
y_002_923,깔끔하고 좋긴한데 섬세함이 좀 드라이만 있어서 손으로 머리를 하게해서 좀 그러네요,4,26일 전
y_002_924,아이와 함께 한 여행이었는데 깨끗하고 친절하며 주차도 편리하게 했습니다 동물원도 가깝고 맛집도 많아서 즐거운 여행이었어요,5,11개월 전
y_002_925,모르고 갔는데 전주국제영화제 기간이더라고요그래서 로비에 이런 포토존도 있었습니다온돌방이었는데 깔끔했고 4인이 쓰기엔 다소 좁았어요 한옥마을까지 걸어서 15분 위치가 좋았어요,4,2개월 전
y_002_926,크리스마스 이브날 좋은 가격으로 이용했습니다주차 편리하고 로비 깔끔 프론트 직원분들 응대 좋았습니다객실은 조금 작은듯한 느낌이 있습니다만 이용하는데 큰 불편은 없었습니다창문이 안열리고 바닥 보일러 시스템이 없는것이 아쉬웠습니다천장 난방은 되나 너무 건조해져서 겨울철 온도 조절이 조금 아쉽습니다크리스마스 이브날 좋은 가격으로 이용했습니다주차 편리하고 로비 깔끔 프론트 직원분들 응대 좋았습니다객실은 조금 작은듯한 느낌이 있습니다만 이용하는데 큰 불편은 없었습니다창문이 안열리고 바닥 보일러 시스템이 없는것이 아쉬웠습니다천장 난방은 되나 너무 건조해져서 겨울철 온도 조절이 조금 아쉽습니다,5,6개월 전
y_002_927,사진이 주차장이긴 하지만 방은 아주 깔꼼하고 프론트 직원분들도 아주 친절하십니다 2박을 했는데 가격도 아주 합리적입니다요 그리고 수건과 물을 부탁드렸는데 1초만에 바로 주셨습니다 저번 전주여행때도 1박했는데 좋아서 또 했습니다 그리고 아주 좋은점은 위치가 기가 맥힙니다 걸어서 가고싶었던 카페 옷가게 소품샵 술집 다 가능합니다 바로 앞에 편의점도 앗고 일층 로비에도 편의점 있습니다 고민하지말고 가셔도 됩니다요 다들 즐거운 여행이 되었으면 좋겠습니다 안녕,5,4개월 전
y_002_928,친절하고 깨끗합니다 조식도 맛있어요,5,1개월 전
y_002_929,체크아웃 시점에 찍은것이라 룸이 어수선합니다일단 직원분들 친절하셨구요룸욕실은 좀 아쉬웠습니다조식도 맛나게 먹었구요주말엔 일찍가서 드세요ㅋ자리가 없을수도대체로 만족합니다,4,10개월 전
y_002_930,좋아요 좋아요 좋아요 ㅎㅎ,5,19일 전
y_002_931,온돌방 있는 곳을 찾다가 예약했어요 객실은 넓진 않지만 침구류 포근하고 높은층이라 좋았습니다 편히 잘 잤어요 남부시장이랑도 1 남짓 거리라 이동하기도 좋네요,4,4개월 전
y_002_932,라마다이던 때 가보고 오랜만에 왔는데 객실 상태며 시설 다 만족했고 넘 친절하셔서 기분 좋게 놀다 갑니다,5,6개월 전
y_002_933,가격도 괜찮고 시설도 좋고 청결해서 너무 좋았어요 여자친구와 나중에 또 재방문할게요 ㅎㅎ 잘 쉬다갑니다,5,12개월 전
y_002_934,1층 로비에 무인 편의점 있어서 이용하기 편합니다 호텔 나가도 바로 앞에 또 편의점 있어서 이용이 용이합니다 주차는 1대만 등록 가능하고 객실 뷰는 기대하지 않는게 좋습니다 ㅎㅎㅎ 객사 옆이라 접근성 좋아요 넷플릭스 시청가능하고 리모델링은 뭔가 화장실하고 호텔 로비만 잘 된 느낌입니다 객실은 화장실과 호텔 로비에 비해 세련된 느낌이 안듭니다 그래도 전주에서 가성비 좋은 호텔이라서 두 번 이용했습니다 루프탑 가보고 싶었는데 문이 닫혀있어서 구경을 못했네요 ㅠㅠ,3,7개월 전
y_002_935,뷰도 좋고 숙소도 깨끗하며 직원들도 매우친절함 한옥마을 가깝고 주변 볼거리도 많고 주차편리하고 일층에 편의점있음 뚜벅이분들은 이보다 더 좋은숙소 찾기힘들듯 합니다 많은 이용부탁해요,5,9개월 전
y_002_936,가격대비 객실도 정말 깔끔하고 컨디션도 너무 좋아요 뷰는 한옥마을뷰가 아니여사 아쉽긴하지만 그래도 시티뷰도 좋아요 수건 부족해서 더 달라고 요청했는데도 아주 빠르고 여유롭게 준비해주세용 또 방문할 의사있습니다,5,8개월 전
y_002_937,객실 아주 청결하고 고층 배장해주셔서 도시뷰임에도 쵝오였습니다체크인 체크아웃부터 조식때도 어디서든 대접받는 느낌으로 쾌적하게 잘 머물다 돌아왔네요적극 추천이요,5,10개월 전
y_002_938,생각보다 좋아요   추천,4,1개월 전
y_002_939,전주를 몇번 갔지만 처음이용한곳 조용하고 주차편하고 걸어서 주변 먹거리 많고 피곤한 하루였지만 편안한 휴식취했습니다,5,1개월 전
y_002_940,정말 잠자기 좋게 객실이 구성되어있습니다 전날 여행자 호텔 갔다가 거의 잠을 못 잤는데요 여긴 정말 잠자기 좋게 조용했어요  층간소음이 없어서 제일 좋았구요 침대 매트리스 푹신한 정도가 아주 적당하고 객실 실내온도가 아주 적당해서 금새 잠에 들 수 있었어요 조식  비빔밥이 정말 너무너무 맛있었어요 들기름 향이 아주 좋고 밥안에 넣는 나물들 맛 모두 좋더라구요 객실은 연식이 있다보니 가구나 가전이 낡은 감이 없잖아 있었지만 워낙 잘 쉴 수 있어서 기본이 아주 잘 된 호텔 같았어요 잠을 정말 푹 잤거든요,4,8개월 전
y_002_941,오래된 객실 느낌은 지울 수 없었음주말에 가서 만실이라 그런가 엘리베이터 탈때 층층마다 멈춰서 그것도 좀직원분들은 친절하심조식 괜찮다그래서 조식먹었는데일욜 9시반 기준 음식이 많이 비어있음아 옆방 소음도 한건 했음10만원 이내 평일은 괜찮지만 10이상은 투자하기가 아까움,3,2개월 전
y_002_942,라마다일때도 갔었는데 여전히 좋아여,5,23일 전
y_002_943,깔끔하고 좋았습니다 조식도 맛있었어요,5,24일 전
y_002_944,엄청깨끗해요   ,5,10개월 전
y_002_945,잘쉬었다 갑니다한옥마을과 그리 멀지않아 도보로구경 잘했네요,4,1개월 전
y_002_946,잘쉬다갑니다 재방문하겠습니다,5,11일 전
y_002_947,좋습니다아아어어어어,5,19일 전
y_002_948,자주 이용합니다 ㅎㅎㅎ,5,12일 전
y_002_949,전주한옥마을 도보도 가능한데 한여름 더위에 차로 이동다녔어요 예약하고 착오가 있었는데 업그레이드 해주고 직원분이 친절하셨어요전주 또 오게되면 여기로 예약할 것 같아요,4,11개월 전
y_002_950,침대당 베개가 한 개 밖에 없어서 볼때 불편했어요 엘리베이터를 너무 오래 기다려서 해서 불편했어요 샤워부스의 문이 딱 닫히지 않아 물이 세면대 방향으로 넘쳐 불편했어요 그외 직원분들 친절하셨고 객실 청결 상태 좋았어요 조식의 종류도 다양하고 맛도 좋았어요 전주영화의 거리와 굉장히 가깝고 근처 시장도 3분 거리 내에 있어서 근접성이 좋아요 다음에 재이용 의사 있습니다,4,9개월 전
y_002_951,재밌었어요 전주여행 시 방문하겠습니다,4,4개월 전
y_002_952,직원들이 친절하고 가족여행 오기에 좋았네요,5,1개월 전
y_002_953,4인실 있어서 넘 좋았습니다,4,4개월 전
y_002_954,전주에서 5 안에 드는 호텔 같습니다 객사쪽이라 접근성도 좋습니다,5,29일 전
y_002_955,너무깨끗하고친절하고좋았네요,4,9개월 전
y_002_956,숙소 좋습니다 침구 화장실 등 시설은 말 할 것도 없구요 전반적으로 청결합니다 1층에 편의점이 생기면서 급할때 요긴해요 다만 샤워실은 딱 1인용이라 좁아 공간 여유가 없어 조금 불편해요 그리고 변기 수압이 약해 정말 조심하셔야 해요 주변에 객리단길 영화의 거리가 있어 산책 겸 마실할 때 좋아요 이번에도 커피 할인 쿠폰 잘 썼습니다,4,6개월 전
y_002_957,숙소가 아늑하고 따뜻해서 여행 중인데도 일찍 들어가고 싶어졌어요 일찍 오면 짐도 맡겨둘 수 있어서 편하게 돌아다닐 수 있는 것두 장점,5,2개월 전
y_002_958,전주 오면 자주 가느 호텔임 위치 가성비 모두 만족하는 호텔임 조식도 아주 좋았음 추천 드립니다,5,11개월 전
y_002_959,오래간만에 온가족이 전주로 여행 다녀왔습니다 한옥마을과 멀리 떨어지지 않는 곳으로 숙소를 구하다가 글로스터를 알게되었습니다 최근에 리모델링해서 그런지 전반적으로 깨끗했고 고층이라 하더라도 따뜻한 물이 잘 나왔습니다 생각보다 방음이 잘 되어서 늦은 시간까지 가족들과 도란도란 이야기하면서 시간을 보낼수 있었습니다 일정상 조식은 하지 못했지만 전반적인 컨디션을 봤을때 괜찮게 나오지 않았을까 하는 생각이네요 간만에 가족여행 즐겁게 잘 다녀왔습니다,5,11개월 전
y_002_960,조식 숙소 상태 모두 만족하는데 하수구 냄새가 있어서 별점 깍아요 채크아웃시 관련 내용도 데스크에 알려줬어요 나머지 사냍는 좋아요,4,5개월 전
y_002_961,만족합니다 프론트 직원분들 너무너무 친절하시고 객실도 아늑하고 좋았어요 덕분에 전주여행 잘 마무리 했습니다 다음에도 또 이곳으로 올거 같아요,5,4개월 전
y_002_962,숙소 너무 깔끔하고 로비도 예쁘게 꾸며져 있어서 기분 좋았어요 직원분들도 넘 친절하셨고요 위치 청결 룸 컨디션 가격 다 대만족이었어용,4,7개월 전
y_002_963,애들이랑 여행 가면서 연박으로 예약했어요터미널에서도 가깝고 모든곳들이 다 가까워서 걸어다니기 좋았구요투썸이 앞에있고 먹을곳이 많고 애들이 한옥마을에서 호텔올때 뽑기방에서 시간을 마니 보낼정도로 위치는 굿이에요 ㅎ사는곳이 부산이라 눈보기힘든데 이틀째에 눈이 마니와서 그것도 너무 좋았고 프론트직원들도 친절하고 로비도 크리스마스분위기로 꾸며놔서 애들이 좋아했고 향도 좋은향이 나서 좋았어요그런데 8층객실이였는데엘베에서 내리자마자 복도에서 꿉꿉한냄새가 났고 객실도 넘 작고 침대매트가 깨끗하지않았어요화장실에 신발이없어서 왓다갓다 블편했고바람소리가 넘 크게 들렸고잘때 계속 이상한소리기계소리가 나서 잠설쳣어요ㅠ 조식도 생각보다 별루였고비빔밥이 젤 맛잇었다는ㅠ 아무튼 담에 또 간다면 다른곳 갈거같아요ㅠ,4,6개월 전
y_002_964,시설이 매우 깨끗해서 쾌적하게 지낼수 있었습니다 직원분들도 모두 친절하셔서 필요한 도움을 받을 때마다 기분 좋게 응대해 주셨습니다  조식이 맛있어서 아침마다 즐겁게 식사를 할 수 있었습니다 1월에 내린 눈으로 하루 더 묶게 되어 추억을 더하게 됩니다 다음에 다시 방문하고 싶은 호텔입니다,5,5개월 전
y_002_965,편하게 놀다갑니다 주변 전주 시내에서 놀기 좋네요 감사합니다,5,2개월 전
y_002_966,숙소 깨끗하고 한옥마을 맛집 카페 도보이용등 편리했습니다,4,1년 전
y_002_967,전주에 출장때문에 방문했습니다가격도 저렴하고 깔끔한방에 묵을 수 있어서 좋았습니다 소음이 있다고 했지만 생각했단거보다 전혀 소음도 없었고 그냥 차 지나가는소리정도입니다 차 지나가는 소리는 저녁에 거의 들리지도 않고 조용합니다숙박 이벤트도 라운지에서 음식하나 시키면 맥주 2병 주는것도 마음에 들었습니다 전주에 출장 들리실 일들이 있다면 돈을 조금만 더 보태서 근처에 모텔보다 훨씬 추천합니다 편안하게 머물다가 갑니다 프론트 분들도 너무 친절합니다,5,5개월 전
y_002_968,전반적으로 괜찮았으나 조식 먹으러 간 사이에 직원 들어와서 침대 정리 수건 챙겨놓고 쓰레기통치우고 냉장고 생수 넣어놓고 가서 상당히 당황스러웠네요,4,9개월 전
y_002_969,전주에서 두번째로 좋은 호텔위치역에서 택시로 15분  영화거리 객사쪽에 위치 한옥마을 도보로 15분 주요관광지까지 충분히 걸을만해요  컨디션장점10만원대 가격대비 좋아보이는 룸 컨디션 정비가 잘되어 있고 룸이 깔끔함 에머니티는 공용 샴푸 바디워시컨디셔너가 끝 단점침대 주변에 콘센트가 없어서 누워서 충전 불가엘레베이터 대수가 부족함 부대시설루프탑 바가 있고 술한잔 하면서 야경가능 조식은 현장추가가능하고 평이 좋아요 1층에 작은 편의점 전주에서 가장 좋은 호텔은 당연히 라한이겠지만가격대도 훨씬 비싸고하기에나가서 여행 많이 하시는분들은이가격에 이정도 컨디션이면 충분할듯 합니다,4,8개월 전
y_002_970,터미널이랑 위치도 가깝고  바로 앞에는 객사라서 접근성도 좋습니다호텔 입구에서 좋은향도 나고 엘리베이터도 3개라서 붐비지 않아서 좋았습니다어매니티는 비치 안되어있으니까 꼭 따로 챙겨가세요그리고 체크인하는곳에 팬더 인형 있는데 짱 귀엽습니다호텔 로비에 편의점도 있어서 이용하기 편했고 바로 앞에 투썸 20프로 할인쿠폰도 있어서 체크아웃하고 커피 한잔하기도 좋습니다맥주 쿠폰도 받았는데 이미 밖에서 술을 마시고 와서 이용 못한게 아쉽고 재방문의사 있습니다,5,5개월 전
y_002_971,변기 수압이 약합니다,4,1개월 전
y_002_972,주차장도 넓고 문제가 있을 때 대응이 만족스러웠습니다,4,7개월 전
y_002_973,객리 한옥마을에서 노실 분들은 추천합니다모텔은 골목 구석진 곳에 위치해있어서 무서운데 글로스터호텔은 큰 길가에 있어서 좋아요 쿠폰 사용하면 모텔보다 저렴한듯 호텔이다보니 청결 안전에 최고,5,8개월 전
y_002_974,전주에서는 가성비도 좋고 이만한 호텔 없는거 같아요 ㅎㅎ 가격도 주말인데 저렴하니 잘이용했고 만족하고 갑니다 토요일로 갈수롣 근데 가격이 좀 싸져서 저는 조금 더 비싸게 예약했는데 그래도 뭐 나름 만족하도 잘쉬다 가요 전주여행 오시거나 객리단길에서 숙소 잡으실분들은 여기 간단히 잡으시면 좋을꺼 같아요 잘 쉬다 갑니다 전주여행 오시거나 객리단길에서 숙소 잡으실분들은 여기 간단히 잡으시면 좋을꺼 같아요 잘 쉬다 갑니다 굳이용,5,4개월 전
y_002_975,시설이 너무 깨끗하구 좋아요,5,10개월 전
y_002_976,직원분들 친절이 별5성급 호텔보다 좋음 노후된 느낌 주차장 불편함 ㅡ 공간이 이상하게 생기고 코너 돌아서 벽면에도 주차함 꽉참 저녁에 주차하면 나갈수 없음 주차하고 택시타고 나가는게 수월할듯 외부주차장은 동떨어져있음 객실이 카페트라 좀 불편했음 온돌 형식의 스위트였으면  좋겠음 제대로 된 안내가 있으면 좋겟음 바닥이 카페트인지 온돌형 룸인지,4,7개월 전
y_002_977,객실 청소상태나 시설 모두 만족했어요슬리퍼도 제공되고 마루바닥이라 더 깨끗한 느낌이에요,5,12개월 전
y_002_978,괜찮아요 잘 쉬었습니다,4,1개월 전
y_002_979,정말 대 만족스러웠습니다지난번에 이어 두번째 다시 방문하는건데이번에도 아주 만족합니다특히바로 옆에 유명한 매운족발집 배짱 이 있는데요지난번에는 아무것도 모른채 그냥호텔 바로 옆에있어서방문했는데 유명 연예인 들이 들렀던 곳이더라구요사진과 친필사인  그래서 이번에는두말없이 바로 가서 맛나게족발 돼지갈비튀김 비빔쫄면 호텔은다른얘기하지 않아도다른 후기 이용 읽어보시면아실수 있을겁니다가성비가 아주뛰어난 호텔이라전주에 오면계속 이용하려 합니다,5,9개월 전
y_002_980,체크인 전 후에 짐도 맡겨주시고 1층에 도 있고 친절하시고 좋았어요 호텔 생각보다 건물이 커서 멀리서 찾기도 쉬웠어여 ㅎㅎ 내부도 깔끔하고 좋았습니다 에어컨도 잘나와여거울도 전신 화장대 화장실거울에 또 작은거울이 걸려있어서 잘보였음 이렇게 있어서 아침에 준비하고 나갈때 좋았습니다 ㅎㅎ,5,2개월 전
y_002_981,로비부터 산뜻한 느낌을 받았고 주차하기도 편했으며 헬스장도 있고 조식이 약간 비싼 느낌을 받았음 인당 10000원짜리도 있음 좋겠습니다 바로 앞에 25 편이점이 있어 물건사기도 좋았음,5,12개월 전
y_002_982,두번째 방문이에요너무편하게 잘 있다갑니다조식도 넘 맛있고 좋았어요,5,1개월 전
y_002_983,깔끔하고 좋아요 많이 건조하긴 했지만 겨울에 감수해야죠 ㅠㅠ 배달 시켜먹을 작은 테이블도 있어요  일층 로비에 너무 잘 꾸며져있어서 연말 분위기도 물씬 납니다 가격도 저렴해서 잘 묵었습니다,5,7개월 전
y_002_984,잘쉬었습니다 시설도 아주훌룽하고 좋았네요,5,3일 전
y_002_985,겨울인데 난방이 히터만되어서너무 추웠어요히터로 조절하니 갑갑하고 건조해서 코피가나고그리고 침대 옆창가에 외풍이너무심해서 자다깨다반복ㅜㅜ그래도시설은 깔끔하고 애들이 있어서 딱좋은데겨울에는 다시 이용하기 어려울듯해요ㅜ겨울인데 난방이 히터만되어서너무 추웠어요히터로 조절하니 갑갑하고 건조해서 코피가나고그리고 침대 옆창가에 외풍이너무심해서 자다깨다반복ㅜㅜ그래도시설은 깔끔하고 애들이 있어서 딱좋은데겨울에는 다시 이용하기 어려울듯해요ㅜ,5,4개월 전
y_002_986,입실 전날 요청 사항을 전달하기 위해 호텔로 전화했을 때 응대했던 남직원의 태도에 실망하였으나 체크인 시에 응대했던 직원의 경우 친절했다프런트의 직원들은 남직원 한명 빼고 다 친절함객실 내 정비는 솔직히 좀 실망화장실 바닥에 플라스틱 조각 굴러다니고침대 시트가 약간 얼룩져 있고 찢어져 있음이러한 부분들을 보완하면 다음 번에 이용시 충분히 이용할 수 있을 거 같음,3,4개월 전
y_002_987,오래된 건물에 리모델링한거라 오랜된 자국은 보이지만 거슬리지 않고 잘 지내다갔어요 다만 방음이나 문닫는 소리랑 진동이 느껴져 옆방이 누구냐에 따라 스트레스받아요 민원이 발생하면 확실한 조치나 방음시스템을 갖추든 문을 바꾸든 조치가 있으면 좋겠습니다,4,1년 전
y_002_988,엄마랑 1월 여행지였던 전주 한옥마을에서 도보 20분 정도로 가까웠고 체크인도 빠르고 친절하게 도와주셨어요 깜빡해서  입실시 사진은 못 찍었지만 정말 깨끗하고 마음에 들었습니다ㅎㅎ기대했던 만큼 만족했고 조식이 정성가득하고 맛도  훌륭했습니다 재방문의사 100에요,5,5개월 전
y_002_989,한옥마을이나 객리단길 전동성당 풍남문 풍년제과 맛집이 주변에 있어 도보로 둘러보기 좋았고 시설도 침실 깨끗하고 조용하고 주차장은 지상과 지하를 넓게 쓸 수 있어서 편리했으며 4성급에 가깝게 깔끔하고 가성비도 좋았습니다 다만 욕실에 세수 수건과  타월을 한장씩만 준비해 둬서 아쉬웠지만 다음에 재방문 의사 있습니다,4,10개월 전
y_002_990,피트니스센터 기구와 관리 상태 이용가능한 시간 등이 너무 만족스러웠습니다,4,7개월 전
y_002_991, ,5,3일 전
y_002_992,리뉴얼된곳이라 객실상태는 깨끗했구요 직원들도 친절했습니다 그런데 보일러는 안되고 히터만 된다고해서 틀고 잤는데 추웠어요,4,1년 전
y_002_993,만족합니다 특가로 이용 ,4,6개월 전
y_002_994,예전에 공사할때 보던 숙소가 궁금해서 방문을 하게 되었습니다 체크인부터 직원들은 굉장히 친절해서 좋았으나 더블 침대 하나만 있어야할 방에 더블싱글이 들어가다보니 방이 너무 좁아서 방에서는 뭐 사다 먹지도 않고 한옥마을에서 먹고 들어온다고 지내는 2박동안 너무 불편했습니다 ㅜㅜ 욕실 샤워 공간도 좁고 욕실 어메니티도 아무리 꽉꽉 눌러도 잘 안나오고 난방은 보일러가 아닌 에어컨으로 되다보니 너무 건조해서 미스트 작은거 한 통 다 쓰고 왔어요  커플중심으로는 가성비호텔로 괜찮을듯하나 가족숙소로는 비추입니다,3,6개월 전
y_002_995,크리스마스 장식을 예쁘게 해두셔서 가분좋게 지낼수 있었습니다아들 시험때문에 급하게 잡았는데 친절하게 응대해 주셔서 좋았네요감사합니다 편안히 잘 묵고 갑니다담에 또 이옹할께요,4,6개월 전
y_002_996,깔끔하고 깨끗한 객실상태에 조식이 맛난 좋은 여행 이었음,5,2개월 전
y_002_997,많은 사람들이 이용하고 잇습니다또 물건 빼먹고 왓는데 다시 잘 보내주엇습니다,4,2개월 전
y_002_998,방이 생각보다 좁았지만 주차 조식 침대랑 청결 모두 좋았어요 또 갈게요 주신 커피도 잘 마셨습니다,4,10개월 전
y_002_999,방음과 수압이 좀 아쉽지만 위치나 서비스는 좋았습니다,4,4개월 전
y_002_1000,너무 깨끗하고 친절해요,5,1개월 전
y_002_1001,위치도 좋고 룸컨디션도 좋았습니다 조식이벤트도 저렴하게 잘 이용하고 여러모로 만족스러운 방문이었어요,4,1년 전
y_002_1002,애들이랑 여행 가면서 연박으로 예약했어요터미널에서도 가깝고 모든곳들이 다 가까워서 걸어다니기 좋았구요투썸이 앞에있고 먹을곳이 많고 애들이 한옥마을에서 호텔올때 뽑기방에서 시간을 마니 보낼정도로 위치는 굿이에요 ㅎ사는곳이 부산이라 눈보기힘든데 이틀째에 눈이 마니와서 그것도 너무 좋았고 프론트직원들도 친절하고 로비도 크리스마스분위기로 꾸며놔서 애들이 좋아했고 향도 좋은향이 나서 좋았어요그런데 8층객실이였는데엘베에서 내리자마자 복도에서 꿉꿉한냄새가 났고 객실도 넘 작고 침대매트가 깨끗하지않았어요화장실에 신발이없어서 왓다갓다 블편했고바람소리가 넘 크게 들렸고잘때 계속 이상한소리기계소리가 나서 잠설쳣어요ㅠ 조식도 생각보다 별루였고비빔밥이 젤 맛잇었다는ㅠ 아무튼 담에 또 간다면 다른곳 갈거같아요ㅠ,5,6개월 전
y_002_1003,좋은 컨디션 좋은 시설이었습니다,5,1개월 전
y_002_1004,직원분들 정말 친절하시고 객실 깔끔하고 욕실 배수잘되고 조식도 훌륭해요 평일이라 가격도 너무 좋았구요 정말 편하게 잘쉬고갑니다 다음에도 또 이용할게요,5,11개월 전
y_002_1005,직원분 너무 친절하고 좋으셨어요객실도 편안하고 좋긴한데 좀 좁드라구요 그냥 1박 간단하게 온거라 큰 불편함은 없긴했는데 꽤 좁았어요한옥마을하고 쫌 떨어져 있긴 해도 걸어갈만한 거리라 걸어다녔어요근처에 편의 시설은 다 있어서 멀리 가지 않아도 되서 편해요,5,6개월 전
y_002_1006,대체로 쾌적했어요 샤워기 줄은 교체했으면 하고 욕실 환풍기가 오래 되었는지 소리가 너무 커서 거슬렸어요,4,2개월 전
y_002_1007,너무만족한 숙소였습니다 기회가되면 떠오고싶어요 직원분들 친절하고 꿀잠잔듯 합니다 근처에 한옥마을도 있고 볼거리가 많아 좋았습니다너무만족한 숙소였습니다 기회가되면 떠오고싶어요 직원분들 친절하고 꿀잠잔듯 합니다 근처에 한옥마을도 있고 볼거리가 많아 좋았습니다너무만족한 숙소였습니다 기회가되면 떠오고싶어요 직원분들 친절하고 꿀잠잔듯 합니다 근처에 한옥마을도 있고 볼거리가 많아 좋았습니다너무만족한 숙소였습니다 기회가되면 떠오고싶어요 직원분들 친절하고 꿀잠잔듯 합니다 근처에 한옥마을도 있고 볼거리가 많아 좋았습니다,4,10개월 전
y_002_1008,1 객실깨끗하고 침대 베개는 1개씩있고 욕조는없습니다 스마트티비는아니어서 폰에 스마트뷰 쏴서 못봅니다 넷플릭스 로그인해서가능은 한듯요가운있고 어메니티는 샴푸린스바디 외 비누밖에 없어서 면봉이나 솜은 없어요2 서비스입실할때 투썸플레이스 20할인권이랑 호텔건물 15층라운지 맥주2병쿠폰 주는데 안주가 비싼편이라 가보진않았네요 3주차 지하주차장 협소한편인듯요 4 비즈니스호텔치고 전반적으로 맘에듭니다담에 전주올때 또 오고싶네요 굿굿,3,5개월 전
y_002_1009,전주 한옥마을 기준으로는 위치가 살짝 애매합니다 객실상태는 좋은데 지하주차장 주차공간이 조금 아쉬워요,4,1년 전
y_002_1010,전주시청 맞은편 높은 건물이라서 찿기 쉽네요 실내 깔끔하고 깨끗하네요 단점은 겨울에 바닥이 나무 재질이라서 차갑네요 조식포함 패키지였는데 조식이 맛있어요 너무 잘먹었어요 가족들과 잘 쉬다가 갑니다,3,6개월 전
y_002_1011,전주 여행 가서 묵었습니다,5,4개월 전
y_002_1012,숙소 위치나 서비스 침구류 다 너무좋았어요진짜 푹잤어요 후 이 가격에 넘 좋았어요재방문의사 100000주차 두대 하려니 한대만 무료라 한대 유료주차했는데 하루죙일 주차하니 주차비가 비싸요 차량을 두대 이상 가져오신다면 한대는 다른 유료주차장에 대는 것이 더 낫습니다  참고하세용,5,8개월 전
y_002_1013,숙소 화장실이나 침대 쇼파 등 청결상태는 너무 좋았습니다 그런데 책상이 좀 낡아서 서랍이 빠져나오더라구요 그것만 빼면 위치도 영화관이나 한옥마을이랑 정말 가까워 좋았습니다,4,8개월 전
y_002_1014,일단 숙소는 쾌적하고 좋았는데 커튼 뒤에서 정체불명의 남성팬티가 나와서 좀 불쾌 했습니다 뭔지 모르고 집었다가 깜짝 놀랐네요 보통 호텔에서는 이런 거 안 나오지 않나요 위치는 시내에 있어서 정말 좋았고 어디든 놀러 갈 수 있어서 딱 적당한 위치에 있다고 생각해요 다만 주차 자리가 없어서 맞은편 투썸 앞에 했는데 오전에 일찍 일어나서 밥을 먹고 오느라고 차를 늦게 뺐는데 말도 없이 제 차 앞에 철제 화분들을 다 깔아놓으셨더라구요 그래서 못도 모르고 시동 키고 출발 했다가 차 다 긁혔습니다,2,5개월 전
y_002_1015,전주한옥마을을 올때 이런 숙소가 있는지 몰랐네요 이곳에 온다면 무조건 이곳을 와야겠다는 생각을 하게 만듭니다주차는 입구에 댔구요 지하까지 넉넉하게 보였어요호텔 내부는 이정도면 훌륭하다는 생각이 들었어요 가성비로도 손색없는 침실과 샤워부스였습니다조식은 탁 트인 넓은 곳이 인상적이었구요 아침에 먹을 수 있는 음식은 이정도면 될거에요 저는 곰탕이 참 맛있었습니다 전주답게 비빔밥도 있구요 좋았습니다투섬플레이스 쿠폰도 주시고 한옥마을 체험 시 필요한 쿠폰도 여러장 있어서 특화된 호텔이라는 생각이 들었습니다 호텔로비에 편의점까지 굿지금처럼 행사를 한다면 자주 오고 싶네요결론은 전주한옥마을온 것 중에 제일 편하게 쉬었다갑니다 감사합니다,5,9개월 전
y_002_1016,깔끔하고 좋습니다,5,5개월 전
y_002_1017,전주갈때마다 묵는 숙소 주차난이긴 하나 그나마 나이스 참  전산시스템 오류가 났다고 체크인이 오래걸림 그럼에도 아주 좋은 숙소,4,11개월 전
y_002_1018,위치가 좋아요조식 맛있어요,5,5개월 전
y_002_1019,주차도 편리하고 위치가 접근성이 좋아요룸도깨끗하고 편합니다,5,10개월 전
y_002_1020,깨끗하고 편히 쉴수 있는 숙소입니다,5,2개월 전
