id,name,review_content,rating,write_date
yeogi_accom_100_001,전주 비지니스 호텔 궁,1위치접근성시외터미널 바로 뒤임시내버스정류장이랑 도보 3분정도도보전용 룸으로 굉장히 저렴한 가격으로 예약함자차 없어도 전혀 불편함 없음6층으로 주셨는데 창문열면 탁트인 시티뷰임2주변편의편의점식당 바로 근처에 많음3인테리어시설새건물은 아니지만 관리상태 괜찮음객실에 들어갔을때 담배냄새 전혀안나고 쾌적했음안마의자 까지 갓벽면봉화장솜스킨로션 세세한벗까지 일회용 어메니티 있어서 몸만 가도 될정도침대 폭신하고특히 침구랑 수건 깨끗했음4관리 및침구청소상태 양호함5비품욕실에 샴푸린스바디워시1회용 치약비누 가본곳 중에 어메니티 종류별로 꼼꼼하게 있기로는 최고6소음개실에 손님 있던것 같은데 너무조용했음7총평평일에 이 가격에 이런 퀄리티가성비 가심비 둘다 최고1층에 빵 다양하게 있어서 체크인할때 챙겨먹고체크아웃할때도 야무지게 챙겨서 속까지 든든했어요8 재방문의사카운터분도 굉장히 친절하시고재방문의사 200프로임,4,1개월 전
yeogi_accom_100_002,전주 비지니스 호텔 궁,득템한 느낌이네요 고속터미널 옆에 이런 곳이 있을 줄 몰랐습니다 터미널 근처라서 비쌀 줄 알았는데 가격도 착하고 가격이 착하면 상태가 안좋을 줄 알았는데 기대이상입니다 물론 낙후된 느낌이 들지만 담배냄새 안나고 깔끔합니다 궁에 예약했는데 주차 자리가 없어서 문의했더니 바로 앞의 에 주차 직원분이 에 숙소를 줌 두 모텔이 같은 사장님 같습니다 직원분도 친절하시고넓은 침대에 베개 4개 생수2개 음료수2개 화장실과 샤워실 분리 세면대 따로 특이한건 충전기가 벽에 매달려 있다는 것 그리고 퇴실시간이 오후2시 140까지 영화보고 나왔네요 쉬러 왔는데 정말 푹쉬고 갑니다 다음에 또 오겠습니다,5,1개월 전
yeogi_accom_100_003,전주 비지니스 호텔 궁,엄청 깨끗하고 친절한곳 입니다갑자기 출장오게되서 잡은 모텔인데 주변 모텔은 오래되고 낡은 건물인 방면 여기는 실내외 정말 괜찮은 모텔입니다거기에 가성비까지 가격도 엄청 저렴하고 주차시설도 잘되있어서 출장오면 또 들려야하는 곳중 한곳입니다화장실 깨끗하고 수압 아주 좋습니다침대커버나 방 청소가 아주 깔끔히 되있고 사용감 없는새로운 시트 깔려있어서 아주 좋습니다 티비도 다른 주변 모텔에 비해 큰티비에 까지 이용할수 있어서 혼자 사용하는 방에서 심심하지 않게 영화까지 볼수 있어서 아주좋습니다 주변 모텔 가서 실망하지 마시고 여기 꼭예약해서 숙박 추천드립니다 다음에 또 오겠습니다 잘 사용하고 갑니다,5,2개월 전
yeogi_accom_100_004,전주 비지니스 호텔 궁,이번에 전주에 가면서 묶게된 모텔이  전주 비지니스 호텔 궁 입니다 이번엔 궁 모텔 건물이 아니라 맞은편에 있는 엑스오 모텔로 배정을 받았는데요같이 운영하신다고 하시네요 사장님은 친절 하시고 좋아 보여요 1층에 원두 커피 자판기 생수 빵도 여러 종류가 진열되어 있어서 좋았구요침구도 새것처럼 뽀송하진 않지만 나름 깨끗하더라구요주차도 여러대 할수 있어서 주차 걱정 없구요고속버스 터미널도 근처에 있어요길건너엔 하천 따라 산책로도 있구요식당도 주위에 많아서 좋았어요,4,8일 전
yeogi_accom_100_005,전주 비지니스 호텔 궁,데스크직원 친절합니다외관에비해 내부 청결하구요 암막잘되고 티비커요 가능가격저렴  가성비좋고 주차편리 접근성좋음재방문의사있음데스크직원 친절합니다외관에비해 내부 청결하구요 암막잘되고 티비커요 가능가격저렴  가성비좋고 주차편리 접근성좋음재방문의사있음데스크직원 친절합니다외관에비해 내부 청결하구요 암막잘되고 티비커요 가능가격저렴  가성비좋고 주차편리 접근성좋음재방문의사있음 ,4,1개월 전
yeogi_accom_100_006,전주 비지니스 호텔 궁,충분한 어메니티 만족했습니다 그리고 편안한 휴식을 주는 안락한 매트리스 좋았습니다 또한 욕조가 있어 반신욕을 할 수 있어서 괜찮았습니다 한주의 피로가 풀리는것 같아요 스산한 환절기임에도 아늑하게 객실 내 난방과 전기장판이 있어 따뜻하게 쉬었고요객실 청소 상태 또한 만족했는데요 머리카락 하나 보이지 않을 정도로 청결했습니다넷플릭스 티빙 웨이브 디즈니 왓챠 까지 돌아가면서 재미있게 잘 시청도 하였고요큰 화면으로 봐서 그런지 더욱 즐거웠습니다감사합니다,4,1개월 전
yeogi_accom_100_007,전주 비지니스 호텔 궁,엄청 깨끗하고 친절한곳 입니다갑자기 출장오게되서 잡은 모텔인데 주변 모텔은 오래되고 낡은 건물인 방면 여기는 실내외 정말 괜찮은 모텔입니다거기에 가성비까지 가격도 엄청 저렴하고 주차시설도 잘되있 어서 출장오면 또 들려야하는 곳중 한곳입니다화장실 깨끗하고 수압 아주 좋습니다침대커버나 방 청소가 아주 깔끔히 되있고 사용감 없는새로운 시트 깔려있어서 아주 좋습니다 티비도 다른 주변 모 텔에 비해 큰티비에 까지 이용할수 있어서 혼자 사용하는 방에서 심심하지 않게 영화까지 볼수 있어서 아주좋습니다주변 모텔 가서 실망하지 마시고 여기 꼭예약해서 숙박 추천드립니다 다음에 또 오겠습니다 잘 사용 하고 갑니다,5,2개월 전
yeogi_accom_100_008,전주 비지니스 호텔 궁,본인 돈내고 출장 오는 분들에게 강력추천1 예약할때 설명에보면 궁엑스오 랜덤 배정이라고 되어있는데 해당 명칭은 각각 건물 이름입니다 각 건물이 마주보고있으며 제가 묵었던 엑스오는 구식 건물이구요 궁은 신식건물같았어요 방은 안들어가봐서 모르겠네요2 담배냄새 안나는 방으로 달라고했고 정말 방에서 담배냄새는 안났어요3 아무리 평일이라지만 26000원에 이만한 방 크기에서 묵는다는건 정말 대단한거같아요4 넷플 등 가 있어서 편했어요 근데 웨이브는 없으니 사진 참조해주세요5 화장실과 욕실은 분리가 되어있구요6 어메니티도 칫솔 치약 폼클렌징 포함 기본으로 제공됩니다7 인상적이었던건 장기간 에어컨을 사용하지않을시에 사진과같이 커버로 덮어놓는다는 점 먼지 예방 8 엑스오는 여자친구랑 같이 올 시설은 아닌거같구요 남자들끼리 잠만자러 온다거나 업무차 본인돈으로 출장오신분들에 한해서 강력추천이에요 근데 엑스오만 이렇지 궁은 왠지 시설 좋을거같네요 9 샤워기 수압 및 화장실 변기 물내림은 10 방바닥에도 불이들어와서 온화했습니다11 사장님 친절했어요12 다음에 방문하게되면 그땐 궁으로 배정해달라고 해야겠어요잘 쉬었다 갑니다,4,3개월 전
yeogi_accom_100_009,전주 비지니스 호텔 궁,여자친구와 여행와서 이용한 숙소인데 전체적으로 깔끔했던 숙소에요 첫째로 방음이 잘 돼서 수면시 방해 받지 않아서 참 좋았습니다 또 침구류 상태도 괜찮았고 화장실도 깔끔해서 좋았습니다 또 금연 객실이라 담배냄새도 나지 않아서 좋았 습니다 직원분이 고객 응대도 친절하게 해주셔서 기분좋게 이용할 수 있었습니다 기본 어매니티들도 퀄리디가 괜찮아서 편하게 사용 할 수 있었습니다 주변에도 편의점이나 밥집들 이 있어서 이용하리 편했어요 앞으로 이용할 기회가 생긴다 면 또 이용할 것 같아요,5,1개월 전
yeogi_accom_100_010,전주 비지니스 호텔 궁,가성비좋은숙소입니다여기어때회원이어서쿠폰까지할인받았어요침대커버베게커버이불이하얀색이어서일단믿음이가더라구요넷플릭스도볼수있어서숙소에있는동안혼자서지루하지않게잘때까지멀볼지고민안하고영화감상을즐길수있었어요시내와근접하고있어서도보로조금이동하면주변에식당이있어서식사를해결하기도좋았어요전주에이정도가격으로이정도퀄리티는찾기힘들거같네요재방문의사있습니다,4,5일 전
yeogi_accom_100_011,전주 비지니스 호텔 궁,이번에 전주에 가면서 묶게된 모텔이  전주 비지니스 호텔 궁 입니다 이번엔 궁 모텔 건물이 아니라 맞은편에 있는 엑스오 모텔로 배정을 받았는데요같이 운영하신다고 하시네요 사장님은 친절 하시고 좋아 보여요 1층에 원두 커피 자판기 생수 빵도 여러 종류가 진열되어 있어서 좋았구요침구도 새것처럼 뽀송하진 않지만 나름 깨끗하더라구요주차도 여러대 할수 있어서 주차 걱정 없구요고속버스 터미널도 근처에 있어요길건너엔 하천 따라 산책로도 있구요식당도 주위에 많아서 좋았어요,5,1개월 전
yeogi_accom_100_012,전주 비지니스 호텔 궁,이번에 전주에 가면서 묶게된 모텔이  전주 비지니스 호텔 궁 입니다 이번엔 궁 모텔 건물이 아니라 맞은편에 있는 엑스오 모텔로 배정을 받았는데요같이 운영하신다고 하시네요 사장님은 친절 하시고 좋아 보여요 1층에 원두 커피 자판기 생수 빵도 여러 종류가 진열되어 있어서 좋았구요침구도 새것처럼 뽀송하진 않지만 나름 깨끗하더라구요주차도 여러대 할수 있어서 주차 걱정 없구요고속버스 터미널도 근처에 있어요길건너엔 하천 따라 산책로도 있구요식당도 주위에 많아서 좋았어요,5,1개월 전
yeogi_accom_100_013,전주 비지니스 호텔 궁,위치  전주 시외버스 터미널 고속버스 터미널 근처 골목접근성이 좋아서 예약해봤는데 일단 방은 생각보다 많이 노후화 됐더라구요 특히나 화장실이 조금 오래된 숙박업소의 느낌을 받았습니다ㅠㅠ그치만 일단 사장님이 너무 친절하셨구요로비 옆에 꽈배기가 있는데 2개씩 가져가라고 간식으로 구비해두셨는데 소소한 거지만 기분 좋은 감동이였고 진짜 너무 맛있었습니다방은 전반적으로 깔끔해서 좋았고 추운날 따뜻하게 준비되어 있어서 편안하게 쉬다가 왔습니다특히나 여행온 분들이 차 없이도 편하게 오갈 수 있는 위치라 강추에요,4,4개월 전
yeogi_accom_100_014,전주 비지니스 호텔 궁,이번에 전주에 가면서 묶게된 모텔이  전주 비지니스 호텔 궁 입니다 이번엔 궁 모텔 건물이 아니라 맞은편에 있는 엑스오 모텔로 배정을 받았는데요같이 운영하신다고 하시네요 사장님은 친절 하시고 좋아 보여요 1층에 원두 커피 자판기 생수 빵도 여러 종류가 진열되어 있어서 좋았구요침구도 새것처럼 뽀송하진 않지만 나름 깨끗하더라구요주차도 여러대 할수 있어서 주차 걱정 없구요고속버스 터미널도 근처에 있어요길건너엔 하천 따라 산책로도 있구요식당도 주위에 많아서 좋았어요,5,1개월 전
yeogi_accom_100_015,전주 비지니스 호텔 궁,제가 가본 숙소중에 제일 깔끔하고 좋았습니다 외관부터 이뻐서 맘에 쏙 들었습니다 들어가니 사장님도 친절하여서 좋았습니다 방에 들어가보니 침대도 깔끔하게 정리가 잘 되어있었고 베개나 이불에서 냄새가 나지않았습니다 화장실도 깔끔하게 정리가 되어있어 좋았습니다 제가 또 그 지역을가게된다면 이 곳을 다시 방문할 의사가 있습니다 항상 숙소를 가게된다면 다 좋지만은 한두가지씩 아쉬운 점이 다 있었지만 여기는 아쉬점없이 편하게 잘 쉬다와 만족스럽게 숙소를 정한 것같습니다,5,19일 전
yeogi_accom_100_016,전주 비지니스 호텔 궁,사장님께서 너무 친절하시고 뭐 필요하거 나 요사항있을때 가서 말씀드리면 다 하나하나 들어주시고 처리해주셔서 너무 감사합니당 다리 건너면 백화점도 있고 그 건너편에 이마트도 크게 있고 바로 뒤에 편의점도 있고해서 위치가 너무 좋아용 ㅎㅎ침대랑 쿠션도 좋고 방음이 잘되는지 조용하고 좋았어요 친절하며 잘정돈 되고 냄새도 안나고 포근했습니다그리고 객실과 욕실이 너무 깨끗하고 청결하였습니다 침대도 푹신하며 꿀잠자고 일어낫네요 ㅎㅎ앞으로도 자주 이용하고 싶습니다ㅎㅎ,5,8일 전
yeogi_accom_100_017,전주 비지니스 호텔 궁,제가 가본 숙소중에 제일 깔끔하고 좋았습니다 외관부터 이뻐서 맘에 쏙 들었습니다 들어가니 사장님도 친절하여서 좋았습니다 방에 들어가보니 침대도 깔끔하게 정리가 잘 되어있었고 베개나 이불에서 냄새가 나지않았습니다 화장실도 깔끔하게 정리가 되어있어 좋았습니다 제가 또 그 지역을가게된다면 이 곳을 다시 방문할 의사가 있습니다 항상 숙소를 가게된다면 다 좋지만은 한두가지씩 아쉬운 점이 다 있었지만 여기는 아쉬점없이 편하게 잘 쉬다와 만족스럽게 숙소를 정한 것같습니다,5,17일 전
yeogi_accom_100_018,전주 비지니스 호텔 궁,제가 가본 숙소중에 제일 깔끔하고 좋았습니다 외관부터 이뻐서 맘에 쏙 들었습니다 들어가니 사장님도 친절하여서 좋았습니다 방에 들어가보니 침대도 깔끔하게 정리가 잘 되어있었고 베개나 이불에서 냄새가 나지않았습니다 화장실도 깔끔하게 정리가 되어있어 좋았습니다 제가 또 그 지역을가게된다면 이 곳을 다시 방문할 의사가 있습니다 항상 숙소를 가게된다면 다 좋지만은 한두가지씩 아쉬운 점이 다 있었지만 여기는 아쉬점없이 편하게 잘 쉬다와 만족스럽게 숙소를 정한 것같습니다,5,17일 전
yeogi_accom_100_019,전주 비지니스 호텔 궁,제가 가본 숙소중에 제일 깔끔하고 좋았습니다 외관부터 이뻐서 맘에 쏙 들었습니다 들어가니 사장님도 친절하여서 좋았습니다 방에 들어가보니 침대도 깔끔하게 정리가 잘 되어있었고 베개나 이불에서 냄새가 나지않았습니다 화장실도 깔끔하게 정리가 되어있어 좋았습니다 제가 또 그 지역을가게된다면 이 곳을 다시 방문할 의사가 있습니다 항상 숙소를 가게된다면 다 좋지만은 한두가지씩 아쉬운 점이 다 있었지만 여기는 아쉬점없이 편하게 잘 쉬다와 만족스럽게 숙소를 정한 것같습니다,5,17일 전
yeogi_accom_100_020,전주 비지니스 호텔 궁,제가 가본 숙소중에 제일 깔끔하고 좋았습니다 외관부터 이뻐서 맘에 쏙 들었습니다 들어가니 사장님도 친절하여서 좋았습니다 방에 들어가보니 침대도 깔끔하게 정리가 잘 되어있었고 베개나 이불에서 냄새가 나지않았습니다 화장실도 깔끔하게 정리가 되어있어 좋았습니다 제가 또 그 지역을가게된다면 이 곳을 다시 방문할 의사가 있습니다 항상 숙소를 가게된다면 다 좋지만은 한두가지씩 아쉬운 점이 다 있었지만 여기는 아쉬점없이 편하게 잘 쉬다와 만족스럽게 숙소를 정한 것같습니다,5,17일 전
yeogi_accom_100_021,전주 비지니스 호텔 궁,이번에 전주에 가면서 묶게된 모텔이  전주 비지니스 호텔 궁 입니다 이번엔 궁 모텔 건물이 아니라 맞은편에 있는 엑스오 모텔로 배정을 받았는데요같이 운영하신다고 하시네요 사장님은 친절 하시고 좋아 보여요 1층에 원두 커피 자판기 생수 빵도 여러 종류가 진열되어 있어서 좋았구요침구도 새것처럼 뽀송하진 않지만 나름 깨끗하더라구요주차도 여러대 할수 있어서 주차 걱정 없구요고속버스 터미널도 근처에 있어요길건너엔 하천 따라 산책로도 있구요식당도 주위에 많아서 좋았어요,5,1개월 전
yeogi_accom_100_022,전주 비지니스 호텔 궁,다른 숙박업소와는 달리 사장님 두분께서 너무너무 친절하게 대해주십니다연락드리면 바로 해결해주시고요1층에 생수와 먹거리도 신경써주셔서 너무 감사하게 이용했습니다객실도 매일매일 청소를 해주셔서 청결하며 엄청 넓고 화장실도 분리되어있어 너무 좋습니다터미널도 바로 옆에 위치해 있어서 타지에서 오시는 관광객분들도 늦은시간 도보 3분거리로 이용하실수 있을거 같아요 적극 추천합니다항상 잘해주셔서 감사합니다다음에 또 이용하겠습니다복 많이 받으세요,5,2일 전
yeogi_accom_100_023,전주 비지니스 호텔 궁,충분한 어메니티 만족했습니다 그리고 안락한 매트리스까지 편안했습니다환절기임에도 냉난방이 잘 되어 있어 쾌적하게 쉬었고요객실 청소 상태 또한 만족했는데요 머리카락 하나 보이지 않을 정도로 청결했습니다적당한 크기와 높이에 설치된 는 를 즐기기에는 충분하였습니다그런데 객실 내에서 입을 수 있는 잠옷 가운이 비치되어 있지 않고 요청을 해야 주시는 점 세탁이 잘못되었는지 입을 수 없을 정도로 물비린내가 난다는 점 이러한 점들이 다소 불편하였습니다객실 내에 비치를 해주셨으면 합니다 아무튼 가성비 있게 잘 이용한 것 같아 만족했고요 다음에도 기회가 된다면 또 이용하도록 하겠습니다,5,4일 전
yeogi_accom_100_024,전주 비지니스 호텔 궁,깨끗하고 편안한 객실 덕분에 좋은 시간을 보낼 수 있었습니다  객실 내부의 조명과 분위기도 마음에 들었고 필요한 물품들이 잘 갖춰져 있어 편리했습니다  특히 침대가 푹신해서 숙면을 취할 수 있었던 점이 좋았습니다  전반적으로 만족스러운 숙박 경험이었고 다음에도 다시 이용하고 싶습니다  다음 방문 시에도 좋은 서비스를 기대합니다편안하고 아늑한 분위기에서 좋은 시간을 보낼 수 있었습니다  객실 청결 상태도 훌륭하고 침구도 깨끗해서 만족스러웠습니다  필요한 편의시설이 잘 갖춰져 있어서 불편함 없이 지낼 수 있었습니다  전반적으로 가격 대비 만족도가 높았고 다음에도 다시 이용하고 싶습니다  특히 조용한 주변 환경 덕분에 편안하게 휴식을 취할 수 있었습니다,5,1개월 전
yeogi_accom_100_025,전주 비지니스 호텔 궁,주변에 맛집이 많고 사장님이 친절 하세요 주차 시설도 좋고요 퇴실시간도 좋아요주변에 맛집이 많고 사장님이 친절 하세요 주차 시설도 좋고요 퇴실시간도 좋아요주변에 맛집이 많고 사장님이 친절 하세요 주차 시설도 좋고요 퇴실시간도 좋아요주변에 맛집이 많고 사장님이 친절 하세요 주차 시설도 좋고요 퇴실시간도 좋아요주변에 맛집이 많고 사장님이 친절 하세요 주차 시설도 좋고요 퇴실시간도 좋아요주변에 맛집이 많고 사장님이 친절 하세요 주차 시설도 좋고요 퇴실시간도 좋아요 추천해용요오오,4,10일 전
yeogi_accom_100_026,전주 비지니스 호텔 궁,주변에 맛집이 많고 사장님이 친절 하세요 주차 시설도 좋고요 퇴실시간도 좋아요주변에 맛집이 많고 사장님이 친절 하세요 주차 시설도 좋고요 퇴실시간도 좋아요주변에 맛집이 많고 사장님이 친절 하세요 주차 시설도 좋고요 퇴실시간도 좋아요주변에 맛집이 많고 사장님이 친절 하세요 주차 시설도 좋고요 퇴실시간도 좋아요주변에 맛집이 많고 사장님이 친절 하세요 주차 시설도 좋고요 퇴실시간도 좋아요주변에 맛집이 많고 사장님이 친절 하세요 주차 시설도 좋고요 퇴실시간도 좋아요 추천해용요오오,4,10일 전
yeogi_accom_100_027,전주 비지니스 호텔 궁,주변에 맛집이 많고 사장님이 친절 하세요 주차 시설도 좋고요 퇴실시간도 좋아요주변에 맛집이 많고 사장님이 친절 하세요 주차 시설도 좋고요 퇴실시간도 좋아요주변에 맛집이 많고 사장님이 친절 하세요 주차 시설도 좋고요 퇴실시간도 좋아요주변에 맛집이 많고 사장님이 친절 하세요 주차 시설도 좋고요 퇴실시간도 좋아요주변에 맛집이 많고 사장님이 친절 하세요 주차 시설도 좋고요 퇴실시간도 좋아요주변에 맛집이 많고 사장님이 친절 하세요 주차 시설도 좋고요 퇴실시간도 좋아요 추천해용요오오,4,10일 전
yeogi_accom_100_028,전주 비지니스 호텔 궁,주변에 맛집이 많고 사장님이 친절 하세요 주차 시설도 좋고요 퇴실시간도 좋아요주변에 맛집이 많고 사장님이 친절 하세요 주차 시설도 좋고요 퇴실시간도 좋아요주변에 맛집이 많고 사장님이 친절 하세요 주차 시설도 좋고요 퇴실시간도 좋아요주변에 맛집이 많고 사장님이 친절 하세요 주차 시설도 좋고요 퇴실시간도 좋아요주변에 맛집이 많고 사장님이 친절 하세요 주차 시설도 좋고요 퇴실시간도 좋아요주변에 맛집이 많고 사장님이 친절 하세요 주차 시설도 좋고요 퇴실시간도 좋아요 추천해용요오오,4,10일 전
yeogi_accom_100_029,전주 비지니스 호텔 궁,주변에 맛집이 많고 사장님이 친절 하세요 주차 시설도 좋고요 퇴실시간도 좋아요주변에 맛집이 많고 사장님이 친절 하세요 주차 시설도 좋고요 퇴실시간도 좋아요주변에 맛집이 많고 사장님이 친절 하세요 주차 시설도 좋고요 퇴실시간도 좋아요주변에 맛집이 많고 사장님이 친절 하세요 주차 시설도 좋고요 퇴실시간도 좋아요주변에 맛집이 많고 사장님이 친절 하세요 주차 시설도 좋고요 퇴실시간도 좋아요주변에 맛집이 많고 사장님이 친절 하세요 주차 시설도 좋고요 퇴실시간도 좋아요 추천해용요오오,4,10일 전
yeogi_accom_100_030,전주 비지니스 호텔 궁,충분한 어메니티 만족했습니다 객실 청소 상태 또한 만족했는데요 머리카락 하나 보이지 않을 정도로 청결했습니다또한 따로 나와 있는 세면대는 정말 유용했던 것 같아요양치질이나 간단히 손 씻을 때 누군가 욕실을 사용하면 불편한데 이곳은 따로 세면대가 나와 있어서 정말 편리했던 것 같아요개인적으로 이런 객실 타입이 좋더라고요 그리고 안락한 매트리스까지 편안했습니다환절기임에도 난방이 잘 되어서 그런지 쾌적하게 쉬었고요 적당한 크기의  또한  를 즐기기에는 충분하였던 것 같습니다가성비 있게 잘 이용한 것 같아 만족했습니다다음에도 기회가 된다면 또 이용하도록 하겠습니다,5,2개월 전
yeogi_accom_100_031,전주 비지니스 호텔 궁,안녕하세요 전주역에서 이곳이 터미널이랑 근접해있어서 찾기쉽고 사장님이 바로앞에 건물도 운영하셔서 사람은 안계셨지만 소통하기 쉬었어요 무엇보다 카운터에 빵이있어서 좋았아여 나중에도 숙소를 구할때면 이곳이 생각날거같아요 사장님도 친절하시고 방도 깨끗이 청결하게 정리정돈 잘되잇고 욕실과 세면대 화장실 각 따따로 되있어요 방도 넓고 티비도 대형 인치라 맘에들었어요 방에 소음도없고 말그대로 궁초럼 분위기가 좋았어요 많이들 찾아주세요 잘쉬다갑니다 편하게 쉬고갑니다,5,14일 전
yeogi_accom_100_032,전주 비지니스 호텔 궁,주변에 맛집이 많고 사장님이 친절 하세요 주차 시설도 좋고요 퇴실시간도 좋아요주변에 맛집이 많고 사장님이 친절 하세요 주차 시설도 좋고요 퇴실시간도 좋아요주변에 맛집이 많고 사장님이 친절 하세요 주차 시설도 좋고요 퇴실시간도 좋아요주변에 맛집이 많고 사장님이 친절 하세요 주차 시설도 좋고요 퇴실시간도 좋아요주변에 맛집이 많고 사장님이 친절 하세요 주차 시설도 좋고요 퇴실시간도 좋아요주변에 맛집이 많고 사장님이 친절 하세요 주차 시설도 좋고요 퇴실시간도 좋아요 추천해용요오오,5,10일 전
yeogi_accom_100_033,전주 비지니스 호텔 궁,궁호텔은 전통미와 현대적인 편안함이 조화를 이루는 훌륭한 숙소입니다 고풍스러운 외관과 정갈하게 꾸며진 객실이 인상적이며 객실 내부는 청결하고 고급스러운 인테리어로 매우 만족스러웠습니다 특히 창문 너머로 보이는 고궁의 전경이 무척 아름다워 힐링이 되었고 조용한 분위기 덕분에 편안한 휴식을 취할 수 있었습니다 프론트 직원들의 친절한 응대와 세심한 서비스도 매우 인상 깊었으며 조식은 전통 한식과 서양식이 골고루 준비되어 있어 누구나 만족할 수 있을 것 같습니다 주변 관광지 접근성도 좋아 여행 일정 소화에 큰 도움이 되었습니다 전통과 편안함을 동시에 경험하고 싶은 분들께 강력히 추천드립니다,5,1개월 전
yeogi_accom_100_034,전주 비지니스 호텔 궁,저는 출장이 잦아서 모텔을 많이 가는편입니다 일단 여기어때 입점 모텔은 그냥 기본이 청결이긴합니다근데 정말 청결하구요 정말 좋습니다안내프론트도 너무나 친절하시구요다시 이지역에 온다면 재방문의사가 있을정도 입니다 가성비 짱인 숙소입니다매우 추천하는 바입니다그리고 티브이도 크고 좋습니다 수압도 좋구요 사업 번창하세요저는 출장이 잦아서 모텔을 많이 가는편입니다 일단 여기어때 입점 모텔은 그냥 기본이 청결이긴합니다근데 정말 청결하구요 정말 좋습니다안내프론트도 너무나 친절하시구요다시 이지역에 온다면 재방문의사가 있을정도 입니다 가성비 짱인 숙소입니다매우 추천하는 바입니다그리고 티브이도 크고 좋습니다 수압도 좋구요 사업 번창하세요,5,8일 전
yeogi_accom_100_035,전주 비지니스 호텔 궁,체크아웃까지 모든 과정이 원활했고 호스트도 친절하게 안내해주셔서 편안하게 머물 수 있었습니다 침구류가 청결하고 침대도 푹신해서 숙면을 취할 수 있었어요 주변에 맛집과 카페도 가까워 위치도 만족스러웠습니다 다음에 또 방문하고 싶어요---숙소에 도착했을 때 첫인상부터 매우 좋았습니다 외관도 깔끔하고 실내는 사진으로 봤던 것보다 훨씬 넓고 정돈되어 있어 만족스러웠습니다 특히 청결 상태가 인상 깊었는데 바닥이며 침구 화장실까지 먼지 하나 없이 잘 정리되어 있어 기분 좋게 머물 수 있었습니다 침대는 푹신하고 편안해서 하루 종일 걸어 다닌 피로를 충분히 풀 수 있었고 에어컨과 난방도 잘 작동해 쾌적한 온도를 유지할 수 있었습니다 숙소 내에 마련된 어메니티도 다양하고 퀄리티가 좋아서 따로 챙겨온 물품 없이도 편리하게 이용할 수 있었습니다,5,1개월 전
yeogi_accom_100_036,전주 비지니스 호텔 궁,충분한 어메니티 만족했습니다 객실 청소 상태 또한 만족했는데요 머리카락 하나 보이지 않을 정도로 청결했습니다그리고 안락한 매트리스와 전기 장판이 있어 따뜻했구요 더 나아가 바닦에 온돌이 되어 있어 밤에는 무척 따뜻하더라구요정말 편안하고 쾌적하게 휴식을 가졌던것 같습니다적당한 크기의  또한  를 즐기기에는 충분하였던 것 같구요 아무튼 가성비 있게 잘 이용한 것 같아 만족했습니다 또한 웰컴 브레드까지 굿이었어요다음에도 기회가 된다면 또 이용하도록 하겠습니다,4,25일 전
yeogi_accom_100_037,전주 비지니스 호텔 궁,출장으로이용했습니다출장을상당히많이다니는데항상갔던곳만찾게되네요방크기도적당하고티비도크고스타일러있어서출장중에옷관리좋아요방창문이커환기자체가잘되서쾌적하게이용했습니다욕실과화장실이분리되어있어사용하기편리합니다청소도잘되어있었네요티비도크고넷플릭스도이용할수있고티비랑연동되어이용하면서편히쉬다왔네요주차장도여유있고단점을찾아보기힘드네요다시재방문의사매우많아요잘쉬다갑니다,4,2개월 전
yeogi_accom_100_038,전주 비지니스 호텔 궁,전북축구 직관으로 아들이랑 이용했습니다5시 넘어서 몇시 입실예정인지 전화주시더라구요축구보고 늦게 10시쯤 체크인한거같네요시외버스 주변 모텔촌에 위치했으며 년식은 조금 있네요주차공간엏어 프런트에 키 맡기고  입실완료1층 프런트 남자분들 엄청 친절하십니다1층에 커피생수전자렌지 비취되어있어요 년식은 조금 있지만 청소상태는 아주 좋았습니다매트리스는 조금 딱딱한편이고이용 가능한 곳입니다장점가격이 착함직원분들이 매우 친절하심단점년식이 조금있음주차장이 협소함담배냄새가 심함모텔이라 어쩔수없는건 알고있음가격대비 편히 잘 쉬다왔습니다,4,10개월 전
yeogi_accom_100_039,전주 비지니스 호텔 궁,편안하고 아늑한 분위기에서 좋은 시간을 보낼 수 있었습니다  객실은 깨끗하게 정돈되어 있었고 필요한 물품들이 잘 갖춰져 있었습니다  특히 침구가 푹신하고 편안해서 숙면을 취할 수 있었습니다  전반적으로 만족스러운 숙박 경험이었고 다음에도 다시 이용하고 싶습니다  다음 방문 시에도 좋은 서비스를 기대하겠습니다,4,1개월 전
yeogi_accom_100_040,전주 비지니스 호텔 궁,여자친구와 여행와서 이용한 숙소인데 전체적으로 깔끔했던 숙소에요 첫째로 방음이 잘 돼서 수면시 방해 받지 않아서 참 좋았습니다 또 침구류 상태도 괜찮았고 화장실도 깔끔해서 좋았습니다 또 금연 객실이라 담배냄새도 나지 않아서 좋았 습니다 직원분이 고객 응대도 친절하게 해주셔서 기분좋게 이용할 수 있었습니다 기본 어매니티들도 퀄리디가 괜찮아서 편하게 사용 할 수 있었습니다 주변에도 편의점이나 밥집들 이 있어서 이용하리 편했어요 앞으로 이용할 기회가 생긴다 면 또 이용할 것 같아요,5,2개월 전
yeogi_accom_100_041,전주 비지니스 호텔 궁,여자친구와 여행와서 이용한 숙소인데 전체적으로 깔끔했던 숙소에요 첫째로 방음이 잘 돼서 수면시 방해 받지 않아서 참 좋았습니다 또 침구류 상태도 괜찮았고 화장실도 깔끔해서 좋았습니다 또 금연 객실이라 담배냄새도 나지 않아서 좋았 습니다 직원분이 고객 응대도 친절하게 해주셔서 기분좋게 이용할 수 있었습니다 기본 어매니티들도 퀄리디가 괜찮아서 편하게 사용 할 수 있었습니다 주변에도 편의점이나 밥집들 이 있어서 이용하리 편했어요 앞으로 이용할 기회가 생긴다 면 또 이용할 것 같아요,5,1개월 전
yeogi_accom_100_042,전주 비지니스 호텔 궁,한달에 2번내지는 3번정도 지방출장이번엔 어디가 좋을까 찾는게 출장 중 중요한 하나임 전국을 누비며 다니다보니 지방출장이 많고 숙소도 다양하게 이용하는 편이고 이것저것 많이 따지는데 이번 숙소는 는 기본이고 침대 화장실 전부 깨끗하고 좋더라고요 흠이라면흠이없는게 흠이라고 할수 있겠네요ㅎㅎ암튼 깨끗하고 가성비좋은 호텔 알았으니 앞으로 걱정없겠네요근처에 식사부터 야식까지 먹을것도 다양하게 많고 만족합니다찜해놓고 다음에도 이호텔로 쭉가야겠어요강추하니 곳이니 여러분들도 숙소 한번씩 이용해보세요 후회없으실거에요,5,1개월 전
yeogi_accom_100_043,전주 비지니스 호텔 궁,1모텔주차장 입구로 들어가니 주차장은 일단 넓었고 주차공 간도 여유있었어요2 사장님이 키와 세면용품챙겨주시면서 친절하게 응대해주 셨어요3 객실과 욕실은 생각보다 넓었고 깔끔한편이었고 방음상태 는 좋아서 조용히 쉴수있었어요 욕실에 물수압은 쎄서 좋았 어요4 침구류는 깨끗하고 정리가 잘 되어있었고 냄새도 많이 안 났어요5 전체적으로 봤을때 점수를 매기자면 100점만점중 95점정 도 주고싶어요드라이기 티브이 0스타일러 핸드폰충전기 0컴퓨터 ,5,4개월 전
yeogi_accom_100_044,전주 비지니스 호텔 궁,제가 가본 숙소중에 제일 깔끔하고 좋았습니다 외관부터 이뻐서 맘에 쏙 들었습니다 들어가니 사장님도 친절하여서 좋았습니다 방에 들어가보니 침대도 깔끔하게 정리가 잘 되어있었고 베개나 이불에서 냄새가 나지않았습니다 화장실도 깔끔하게 정리가 되어있어 좋았습니다 제가 또 그 지역을가게된다면 이 곳을 다시 방문할 의사가 있습니다 항상 숙소를 가게된다면 다 좋지만은 한두가지씩 아쉬운 점이 다 있었지만 여기는 아쉬점없이 편하게 잘 쉬다와 만족스럽게 숙소를 정한 것같습니다,5,1개월 전
yeogi_accom_100_045,전주 비지니스 호텔 궁,전주 자주 오는데 이젠 궁모텔에 정착해야겟습니다칫솔같은 비품 구매해야하는곳 많은데 여긴 무료착한 사장님이 할인쿠폰까지 챙겨주시고 방도 너무 넓고 에어컨도 빵빵하고 쾌적합니다빵이 있길래 먹어도 되나 기웃거렸더니 아침에도 챙겨가라며 친절하게 말씀해주시더군요감사합니다 사장님,5,19시간 전
yeogi_accom_100_046,전주 비지니스 호텔 궁,숙소가 참 좋습니다인테리어도 깔끔한것 같습니다숙소가 따뜻합니다제공 소모품류가 있어서 편리했습니다가격이 합리적입니다주차공간이 있어 편리합니다티비가 있고 도 볼 수 있습니다청결하게 관리되어 있습니다주변 편의점이 잘 되어 있습니다숙소가 따뜻합니다인테리어가 깔끔하고 모던합니다편리하고 안락하게 쉬고갈수있습니다,5,2개월 전
yeogi_accom_100_047,전주 비지니스 호텔 궁,낮에 자야하는 특성상 숙박보단 대실 긴것이 좋아 알게된 곳 물론 가격도 저렴 주차편리하고 친절해서 비교할거없이 오는곳입니다 빵도 맛있고 건물외부랑 다르게 청결합니다낮에 자야하는 특성상 숙박보단 대실 긴것이 좋아 알게된 곳 물론 가격도 저렴 주차편리하고 친절해서 비교할거없이 오는곳입니다 빵도 맛있고 건물외부랑 다르게 청결합니다낮에 자야하는 특성상 숙박보단 대실 긴것이 좋아 알게된 곳 물론 가격도 저렴 주차편리하고 친절해서 비교할거없이 오는곳입니다 빵도 맛있고 건물외부랑 다르게 청결합니다,5,1개월 전
yeogi_accom_100_048,전주 비지니스 호텔 궁,남자친구랑 친구랑 해서 3명 같이 가서 두 방 예약했는데 그럼 좀이따 같이 노시겠네요 한방 큰방으로 드릴게요 하시는데 정말 친절하게 웃음기있게 이야기 해주셨습니다 너무 감사하지만방 들어가서 보니까와 진짜 여기는 시설도 청결도 친절도 매너까지 하나 빠짐없이 너무 좋아요사실 우린  3명이라  이렇게 까진 안 커도 놀긴 할 텐데진짜 너무 편하게 잘 놀다 쉬고 갔습니다 패밀리룸 파티룸 이런 걸로 주신 것 같더라고요 제일 작은방을 예약했는데 ㅜㅜ 티비가 벽을 거의 차지할 만큼 컸고침대도 깔끔하고 화장실 청결도 좋구1층에 셀프바에 빵 있는데 여러 종류로 그리고 초코시럽까진 잘 없는데 딸기쨈에 초코시럽까지 딱어쨌든 너무 감사했습니다,5,3개월 전
yeogi_accom_100_049,전주 비지니스 호텔 궁,사장님께서 친절하세요 숙소 위치도 터미널 근처라 버스 정류장도 바로 앞이고 택시 정류장도 앞에 있어요 여러번 방문해본 후기로는 위생상태 객실 컨디션 여러모로 가성비 좋아요 다만 방음 상태가 조금 안좋아서 조용하면 위층 대화소리가 좀 들려요 티비 틀어 놓으면 방해될 정도는 아닙니다 전주 여행할 때 가성비 숙소 찾으시면 한번쯤 방문하시면 좋을 것같아요 가끔 가운이 없는데 필요하시면 카운터에 말씀하시면 됩니다 드라이기도 구비되어 있고 있을 건 다 있어요 티비 크기랑 화질도 나쁘지 않습니당,5,2개월 전
yeogi_accom_100_050,전주 비지니스 호텔 궁,여자친구와 여행와서 이용한 숙소인데 전체적으로 깔끔했던 숙소에요 첫째로 방음이 잘 돼서 수면시 방해 받지 않아서 참 좋았습니다 또 침구류 상태도 괜찮았고 화장실도 깔끔해서 좋았습니다 또 금연 객실이라 담배냄새도 나지 않아서 좋았 습니다 직원분이 고객 응대도 친절하게 해주셔서 기분좋게 이용할 수 있었습니다 기본 어매니티들도 퀄리디가 괜찮아서 편하게 사용 할 수 있었습니다 주변에도 편의점이나 밥집들 이 있어서 이용하리 편했어요 앞으로 이용할 기회가 생긴다 면 또 이용할 것 같아요,5,2개월 전
yeogi_accom_100_051,전주 비지니스 호텔 궁,여자친구와 여행와서 이용한 숙소인데 전체적으로 깔끔했던 숙소에요 첫째로 방음이 잘 돼서 수면시 방해 받지 않아서 참 좋았습니다 또 침구류 상태도 괜찮았고 화장실도 깔끔해서 좋았습니다 또 금연 객실이라 담배냄새도 나지 않아서 좋았 습니다 직원분이 고객 응대도 친절하게 해주셔서 기분좋게 이용할 수 있었습니다 기본 어매니티들도 퀄리디가 괜찮아서 편하게 사용 할 수 있었습니다 주변에도 편의점이나 밥집들 이 있어서 이용하리 편했어요 앞으로 이용할 기회가 생긴다 면 또 이용할 것 같아요,5,2개월 전
yeogi_accom_100_052,전주 비지니스 호텔 궁,타 숙소랑 비교해서 가격이 저렴해서 좋아요 대실이 6시간인 것도 큰 메리트입니다 차로 왔는데 주차하기도 편하게 구비되어 있습니다 고데기가 없어서 사장님이 빌려주셨는데 친절해서 좋았습니다객실 청결 상태도 깨끗한 편입니다 그리고 유튜브나 넷플릭스를 큰 화면으로 볼 수 있어요 선착순 특가로 랜덤 방을 지정 받았는데 덕분에 안마 의자로 힐링하고 갑니다 터미널이랑 인접해서 다른 지역에서 오는 사람들이 편하게 묵을 수 있어서 접근성도 좋은 편이에요 덕분에 잘 쉬고 갑니다 번창하세요,5,6개월 전
yeogi_accom_100_053,전주 비지니스 호텔 궁,숙소 3만원대로 잠시 묵고 가기엔 좋습니다단 호텔이 궁 호텔로 배정받는게 아니라 바로 앞 모텔로 배정받음사장님이 같으신듯장점 싸고 넓으며 이가격에 이정도 크기방은 없음그리고 화장실 따뜻한물 엄청 잘나옴 티비크고 넷플등  잘나옴단점 시설로 봤을땐 에어컨 안에 곰팡이라던지 드라이기 상태라던지 샤워기 상태 벽지 뜯긴거보면 엄청 노후화됨 청결은 화장대 위 먼지 창문 위쪽 거미줄 여자머리카락뭉치 바닥에 뭐가 자꾸 밟히는것들 간혹 있음그래도 푹 잘자고 갑니다,3,4일 전
yeogi_accom_100_054,전주 비지니스 호텔 궁,충분한 어메니티 만족했습니다 객실 청소 상태 또한 만족했는데요 머리카락 하나 보이지 않을 정도로 청결했습니다또한 스타일러스가 정말 유용했던 것 같아요한번씩 의류가 오염된것 같아서 스타일러스로 에어 세탁을 하면 뽀송뽀송하니 기분이 좋더라구요 그리고 안락한 매트리스까지 편안했습니다환절기임에도 난방이 잘 되어서 그런지 쾌적하게 쉬었고요 큼지막한 는 최근 유행하는 를 즐기기에 너무나 만족스러웠습니다가성비 있게 잘 이용한 것 같고요다음에도 기회가 된다면 또 이용하도록 하겠습니다,5,3개월 전
yeogi_accom_100_055,전주 비지니스 호텔 궁,전주에서 몇일간 지방출장으로 일을하게되어서 방문하였는데 첫날이틀까지는 참 좋았습니다만 저희팀에게 투배드룸을 주신것도 친절하신것도 좋았습니다 연박할것같았는지 짐 두고가셔도된다고해서 아 진짜 여태 수 없이다닌곳이랑은다르게 너무 친절하구나 싶었는데 제 기분탓일까요 짐 놓고 나간날부터 예약하려니 몇천원씩올라가있고 심지어 혹시나 팀원예약하고 나면 더 싸지지않겠지 하고 팀원방 예약하고 몇십분뒤보니 가격이 내려가 있더군요그게참 기분이 그렇습니다 몇일있다가 진짜 여긴아니다싶어서 옮기려고 짐빼고 팀원들은 다른숙소잡아주고 어찌저찌 저녁늦게 예약하게되어서보니 또 싸져있더라구요 금액이 변동없이 이용했다면 이렇게 기분이 묘하게  나쁘진않았을텐데 너무 감사했을텐데 아쉽네요 몇박동안 많은 기분을 느끼고갑니다그래도 카운터에서 친절히 해주셨고 남자둘 투배드룸주셔서 고마웠기에 별다섯개 드립니다,5,1개월 전
yeogi_accom_100_056,전주 비지니스 호텔 궁,전주에서 몇일간 지방출장으로 일을하게되어서 방문하였는데 첫날이틀까지는 참 좋았습니다만 저희팀에게 투배드룸을 주신것도 친절하신것도 좋았습니다 연박할것같았는지 짐 두고가셔도된다고해서 아 진짜 여태 수 없이다닌곳이랑은다르게 너무 친절하구나 싶었는데 제 기분탓일까요 짐 놓고 나간날부터 예약하려니 몇천원씩올라가있고 심지어 혹시나 팀원예약하고 나면 더 싸지지않겠지 하고 팀원방 예약하고 몇십분뒤보니 가격이 내려가 있더군요그게참 기분이 그렇습니다 몇일있다가 진짜 여긴아니다싶어서 옮기려고 짐빼고 팀원들은 다른숙소잡아주고 어찌저찌 저녁늦게 예약하게되어서보니 또 싸져있더라구요 금액이 변동없이 이용했다면 이렇게 기분이 묘하게  나쁘진않았을텐데 너무 감사했을텐데 아쉽네요 몇박동안 많은 기분을 느끼고갑니다그래도 카운터에서 친절히 해주셨고 남자둘 투배드룸주셔서 고마웠기에 별다섯개 드립니다,5,1개월 전
yeogi_accom_100_057,전주 비지니스 호텔 궁,전주에서 몇일간 지방출장으로 일을하게되어서 방문하였는데 첫날이틀까지는 참 좋았습니다만 저희팀에게 투배드룸을 주신것도 친절하신것도 좋았습니다 연박할것같았는지 짐 두고가셔도된다고해서 아 진짜 여태 수 없이다닌곳이랑은다르게 너무 친절하구나 싶었는데 제 기분탓일까요 짐 놓고 나간날부터 예약하려니 몇천원씩올라가있고 심지어 혹시나 팀원예약하고 나면 더 싸지지않겠지 하고 팀원방 예약하고 몇십분뒤보니 가격이 내려가 있더군요그게참 기분이 그렇습니다 몇일있다가 진짜 여긴아니다싶어서 옮기려고 짐빼고 팀원들은 다른숙소잡아주고 어찌저찌 저녁늦게 예약하게되어서보니 또 싸져있더라구요 금액이 변동없이 이용했다면 이렇게 기분이 묘하게  나쁘진않았을텐데 너무 감사했을텐데 아쉽네요 몇박동안 많은 기분을 느끼고갑니다그래도 카운터에서 친절히 해주셨고 남자둘 투배드룸주셔서 고마웠기에 별다섯개 드립니다,5,1개월 전
yeogi_accom_100_058,전주 비지니스 호텔 궁,전주에서 몇일간 지방출장으로 일을하게되어서 방문하였는데 첫날이틀까지는 참 좋았습니다만 저희팀에게 투배드룸을 주신것도 친절하신것도 좋았습니다 연박할것같았는지 짐 두고가셔도된다고해서 아 진짜 여태 수 없이다닌곳이랑은다르게 너무 친절하구나 싶었는데 제 기분탓일까요 짐 놓고 나간날부터 예약하려니 몇천원씩올라가있고 심지어 혹시나 팀원예약하고 나면 더 싸지지않겠지 하고 팀원방 예약하고 몇십분뒤보니 가격이 내려가 있더군요그게참 기분이 그렇습니다 몇일있다가 진짜 여긴아니다싶어서 옮기려고 짐빼고 팀원들은 다른숙소잡아주고 어찌저찌 저녁늦게 예약하게되어서보니 또 싸져있더라구요 금액이 변동없이 이용했다면 이렇게 기분이 묘하게  나쁘진않았을텐데 너무 감사했을텐데 아쉽네요 몇박동안 많은 기분을 느끼고갑니다그래도 카운터에서 친절히 해주셨고 남자둘 투배드룸주셔서 고마웠기에 별다섯개 드립니다,5,1개월 전
yeogi_accom_100_059,전주 비지니스 호텔 궁,전주에서 몇일간 지방출장으로 일을하게되어서 방문하였는데 첫날이틀까지는 참 좋았습니다만 저희팀에게 투배드룸을 주신것도 친절하신것도 좋았습니다 연박할것같았는지 짐 두고가셔도된다고해서 아 진짜 여태 수 없이다닌곳이랑은다르게 너무 친절하구나 싶었는데 제 기분탓일까요 짐 놓고 나간날부터 예약하려니 몇천원씩올라가있고 심지어 혹시나 팀원예약하고 나면 더 싸지지않겠지 하고 팀원방 예약하고 몇십분뒤보니 가격이 내려가 있더군요그게참 기분이 그렇습니다 몇일있다가 진짜 여긴아니다싶어서 옮기려고 짐빼고 팀원들은 다른숙소잡아주고 어찌저찌 저녁늦게 예약하게되어서보니 또 싸져있더라구요 금액이 변동없이 이용했다면 이렇게 기분이 묘하게  나쁘진않았을텐데 너무 감사했을텐데 아쉽네요 몇박동안 많은 기분을 느끼고갑니다그래도 카운터에서 친절히 해주셨고 남자둘 투배드룸주셔서 고마웠기에 별다섯개 드립니다,5,1개월 전
yeogi_accom_100_060,전주 비지니스 호텔 궁,자주 이용하는데 역시 좋아요 만족합니다 부족한 부분이 없어요 일회용 어메니티 충분히 제공 됩니다 제일 중요한 침구류도 불편함 없구요 방 크기도 좋아요 재방문의사 있습니다 추천해요자주 이용하는데 역시 좋아요 만족합니다 부족한 부분이 없어요 일회용 어메니티 충분히 제공 됩니다 제일 중요한 침구류도 불편함 없구요 방 크기도 좋아요 재방문의사 있습니다 추천해요자주 이용하는데 역시 좋아요 만족합니다 부족한 부분이 없어요 일회용 어메니티 충분히 제공 됩니다 제일 중요한 침구류도 불편함 없구요 방 크기도 좋아요 재방문의사 있습니다 추천해요,5,2개월 전
yeogi_accom_100_061,전주 비지니스 호텔 궁,객실이 너무 깔끔하고 좋았습니다오티티도 전부 다 됩니다실내데이트 하기에도 너무 좋습니다사장님이 너무 친절하시고 좋습니다객실 침구류와 정리정돈이 잘 되어있고 너무 깔끔합니다스타일러도 비치 되어있습니다주변에 먹거리도 많아서 포장 해오기에도 좋네요숙소 가격도 다른 호텔들이 비해서 착한편이여서 가성비 숙소로 좋은거같습니다주차장 시설도 좁지 않고 사장님이 친절하게 주차 유도를 해주십니다화장실도 깔끔하고 드라이기도 잘 작동 되네요무엇보다 온수가 잘 나오고 수압이 강해서 좋았습니다,5,6개월 전
yeogi_accom_100_062,전주 비지니스 호텔 궁,최근에 친구랑 여행 중에 이 모텔에서 하루 숙박하게 되었어요 처음에는 위치가 괜찮아서 선택하게 됐는데 실제로 도착해보니 생각보다 더 만족스러웠습니다 우선 체크인 과정이 굉장히 간단하고 직원분이 친절해서 첫인상이 좋았어요 늦은 시간에 도착했는데도 피곤하지 않게 빠르게 방 안내를 받을 수 있었고 필요한 물품도 바로 챙겨주시더라고요방은 전반적으로 깔끔했고 냄새도 거의 안 났어요 침구류도 정돈 잘 되어 있었고 무엇보다 매트리스가 푹신해서 오랜만에 꿀잠 잤어요 화장실도 깔끔하게 관리되어 있었고 수압도 세서 샤워하는 데 불편함 전혀 없었습니다 어메니티도 꽤 다양하게 준비되어 있어서 따로 챙겨온 게 필요 없을 정도였어요 드라이기 샴푸 바디워시 치약 칫솔 등 기본적인 것들은 다 갖춰져 있었고 작은 냉장고와 전기포트도 있어서 간단한 음료나 라면 같은 것도 먹을 수 있었어요방 안에 와 에어컨도 잘 작동했고 특히 방음이 잘 되어 있어서 주변 소음 없이 조용하게 잘 수 있었던 점이 좋았어요 위치도 시내랑 가깝고 근처에 편의점이 있어서 간단히 뭐 사러 나가기도 편했습니다 가격 대비 만족도가 높은 숙소였고 다음에 근처에 올 일이 있다면 또 이용하고 싶어요,4,2개월 전
yeogi_accom_100_063,전주 비지니스 호텔 궁,여자친구랑 다녀온 숙소 정말 만족스러웠습니다 방이 전체적으로 너무 깔끔하고 정돈이 잘 되어 있어서 첫인상부터 기분이 좋더라고요 침구도 깨끗하고 뽀송해서 안심하고 푹 쉴 수 있었어요 확실히 청결 관리에 신경을 많이 쓰는 게 느껴졌습니다특히 방에 있던 가 정말 좋았어요 크기도 크고 화질도 뛰어나서 여자친구랑 넷플릭스를 보면서 완전 힐링했습니다 음향도 괜찮아서 숙소 안에서도 충분히 특별한 시간을 보낼 수 있었어요또한 직원분들 서비스가 너무 좋았어요 응대도 친절했고 요청 사항도 빠르게 처리해 주셔서 정말 편하게 지냈습니다 체크인과 체크아웃 과정도 매끄럽고 신경 쓸 일이 없어서 더 좋았어요 근처 맛집을 추천해 주신 것도 기대 이상이었고요전반적으로 깔끔함 시설 서비스 모든 면에서 부족함이 없는 숙소라 다음에 또 가고 싶을 만큼 만족스러웠습니다 여자친구도 너무 좋아해서 덕분에 좋은 추억을 만들었어요 편안하고 기분 좋은 숙소를 찾으신다면 강력 추천합니다,5,5개월 전
yeogi_accom_100_064,전주 비지니스 호텔 궁,여기어때로 한참 찾아보다가 리뷰 평점도 좋고 가격도 저렴 해서 예약하고 방문 했습니다출장이 잦아 숙소 고를때 많이 신중한 편인데 소개에 있는 리뷰나 사진과 다른 숙박업소도 많아 실망한적도 많았지만이곳은 소개란에 있는 사진과 설명처럼 시설도 깔끔하였고 무엇보다 침구류가 깨끗해서 좋았어요 도 너무 좋아요 혼자 출장나오면 잠자리가 예민해서 잠을 설친적도 많은데 청결하고 깨끗한 침구류와 이불에서 꿀잠습니다 다른 동료 직원들에게도 적극 추천하려고 합니다,5,2개월 전
yeogi_accom_100_065,전주 비지니스 호텔 궁,저렴합니다 싼가격에 이용하려면 좋아요 근처식당도 좋네요저렴한곳은 담에 또 찾을듯 해요감사합니다 좋아요 저렴합니다 싼가격에 이용하려면 좋아요 근처식당도 좋네요저렴한곳은 담에 또 찾을듯 해요감사합니다 좋아요 저렴합니다 싼가격에 이용하려면 좋아요 근처식당도 좋네요저렴한곳은 담에 또 찾을듯 해요감사합니다 좋아요 저렴합니다 싼가격에 이용하려면 좋아요 근처식당도 좋네요저렴한곳은 담에 또 찾을듯 해요감사합니다 좋아요 저렴합니다 싼가격에 이용하려면 좋아요 근처식당도 좋네요저렴한곳은 담에 또 찾을듯 해요감사합니다 좋아요,4,1개월 전
yeogi_accom_100_066,전주 비지니스 호텔 궁,객실 랜덤 배정으로 선택했습니다 디럭스룸을 배정받았고요 도 크고 시설이 괜찮았습니다 냉장고도 시원했고 방도 넓었습니다 배달음식을 시킬 곳도 많았고요 전주에 볼일이 있어 자주 오는데 전주에서 하루 보내기엔 정말 만족스러웠습니다 전주에 있는 다른 호텔에서도 숙박해 봤는데 충분히 넓고 괜찮았습니다 샤워실과 화장실은 따로 분리되어 있습니다 딱히 불편하진 않았습니다 에어컨도 잘 작동되었습니다 창문도 커서 좋았습니다 급해서 당일날 랜덤 배정으로 입실했는데 나름 만족스러웠습니다 잘 쉬다 갑니다 ,5,2개월 전
yeogi_accom_100_067,전주 비지니스 호텔 궁,제가 가본 숙소중에 제일 깔끔하고 좋았습니다 외관부터 이뻐서 맘에 쏙 들었습니다 들어가니 사장님도 친절하여서 좋았습니다 방에 들어가보니 침대도 깔끔하게 정리가 잘 되어있었고 베개나 이불에서 냄새가 나지않았습니다 화장실도 깔끔하게 정리가 되어있어 좋았습니다 제가 또 그 지역을가게된다면 이 곳을 다시 방문할 의사가 있습니다 항상 숙소를 가게된다면 다 좋지만은 한두가지씩 아쉬운 점이 다 있었지만 여기는 아쉬점없이 편하게 잘 쉬다와 만족스럽게 숙소를 정한 것같습니다,5,2개월 전
yeogi_accom_100_068,전주 비지니스 호텔 궁,이 가격에 1층 크로플베이커리 빵을먹을 수 있다는게 좋고 청결도 정말완벽합니다 숙박 시간도 길어서촉박하게 일어날 필요가 없다는게정말 행복하더라구요ㅎㅎㅎㅎ사장님 정말 친절하세요아마 전주 사장님들 중에서 가장 친절하지 않나 싶네요벌써 10번째 정도 묵는거 같은데사장님은 늘 친절하시고가격도 늘 착해서자주 애용하는 거 같네요ㅎㅎㅠ저는 타지에 살아서 터미널1분 거리인 것도 정말 맘에 들어요늘 잘 묵다 갑니다도 커서 집돌이 집순이들에게 추천해요,5,1개월 전
yeogi_accom_100_069,전주 비지니스 호텔 궁,전주에서 묵었던 모텔은 가격 대비 만족스러운 숙소였습니다 객실이 깔끔하게 정리되어 있었고 난방이 잘 되어 한겨울에도 따뜻하고 편안하게 지낼 수 있었습니다 침대와 욕실 상태도 청결해서 쾌적했으며 주차 공간이 넉넉해 차량 이용자들에게도 편리했습니다 위치가 전북대랑 가까워 관광하기에 최적이었고 주변에 편의점과 식당도 많아 편리했습니다 전주를 방문하실 예정이라면 추천할 만한 숙소였습니다그리고 1층에 빵있는데 정말 맛있게 잘 먹었습니다 다른분도 꼭 먹어보세요,5,5개월 전
yeogi_accom_100_070,전주 비지니스 호텔 궁,일단은 전주터미널 방면 대실시간 길게 저렴하게 진짜괜찮은곳은 여기밖에 없을거예요시간 7시간으로 너무 길어서 만족햇습니다 시설도 너무 깔끔해서 그런지 맘에들고 그래요 북대나 터미널하고도 차타고 가까워서 너무 좋앗어요침대도 푹신푹신하고 좋아요 티비는 크고 넷플릭스 유투브  다 가능해서 여러가지 보면서 시청할수잇어서 너무 좋앗어요 다만 청소를 끝낸지 얼마안된건지 바닥이 너무 미끄러웟어요 욕실도 마찬가지고 청소할때 바닥신경좀더써야할거같아요 사장님은 너무 착하세요 감사합니다,4,23일 전
yeogi_accom_100_071,전주 비지니스 호텔 궁,주말인데도 특가 할인 받아  저렴하게 예약할수 있었고 고속버스 터미널 과 가까워 뚜벅이 여행자들에게 럭키하고 외관도 깔끔하고 룸도 답답하게  작지않고 아주 큽니다두명이서 더블침대2개 싱글침대1개 방으로 받아 데굴데굴 구르고 완전편하게 숙면했네요ㅋ무엇보다  컬리티 높은 빵이랑 음료 와플등 미니스낵빠 만들어 놓신 사장님 센스하며  짐보관 서비스까지 다음에도 전주여행시 재 방문 할것 같아요  또 모텔촌 사이에 있어서 모텔처럼 어두 컴컹한 방이 아닐까 싶었는데 객실도밝고  기본 칫솔 치약 세면도구도 다 구비되여있어 편리하게 잘 사용했어요,5,2개월 전
yeogi_accom_100_072,전주 비지니스 호텔 궁,정말 잘 쉬었습니다 가격대비 괜찮은 잠자리에 깨끗한 시설과 주변에 편의점 및 먹을거리다시 방문의사 있습니다 화장실 티비 상태 괜찮았구 침구류 상태 스낵바 등 잘 되어 있구 프론트 응대나 주변 환경이나 주변 인프라도 잘되어 있어서 더 좋았고 다른 지역 숙소 추천 해달라 하면 추천 할 만 할꺼 같습니다 주차 시설도 좋고 퇴실 시간도 넉넉 하고 처음 들어 갔을때 환기 상태 청소 상태 좋았구 가운 이나 기본 슬리퍼 기본 개인 위생 용품 등 너무 너무 너무 구성도 괜찮았구 다음에 또 이용 하겠습니다,5,3개월 전
yeogi_accom_100_073,전주 비지니스 호텔 궁,일단 주차장이 엄청 넓어서 상당히 편했습니다 사장님도 친절하시고 뭐 여쭤보면 바로바로 응대해주셔서 좋았습니다도 다 볼 수있고 티비도 엄청 커서 룸카페같은곳 보다 훨씬 가성비 같습니다 주변도 조용하니 편안하게 쉴수있었어요침대도 크고 푹신했고 바닥 보일러랑 별도로 침대 전기 장판도 있어서 추운날에도 편하게 이용 할 수있었습니다 냉장고도 다른 숙박업소 와는 다르게 냉동칸도 있고 널찍해서 주전부리 사와서 먹기도 좋았구요 자주자주 많이 이용할거같습니다,5,2개월 전
yeogi_accom_100_074,전주 비지니스 호텔 궁,늘 행복하게 머무는 숙소입니다6월중으로 아이스커피가 새로이나왔길래 이 가격과 가성비에 이래도 되는건가싶을 정도로 서비스가 미쳤어요ㅠ전주에선 여기 말고 다른 곳을 갈 수 없을정도로늘 행복하게 잘 머무릅니다그리고 아이스커피는 더도 말고 덜도 말고버튼 2번 내려서 먹으면 사이즈가 딱 맞습니다커피와 1층 카운터에서 제공하는 빵을 같이 먹으면 이만한 곳은 절대 없다 라고 느낄거라 장담합니다ㅋㅋ 사장님 생각해서라도 유명해지길 바라는데 유명해지지 않았음 싶어요 오래오래 운영해주세요,5,16일 전
yeogi_accom_100_075,전주 비지니스 호텔 궁,당일예약으로 숙박 5만원에 예약했습니다룸 컨디션도 깔끔하고 좋았고 이중창에 암막커튼까지 달려있어서 빛 차단 확실하게 되어 편안하게 잘잤습니다 사실 이 호텔에 머물게 된 가장 큰 이유는 레이트 체크아웃 때문인데잠이 많아서요 ㅋㅋ 14시까지 여서 너무 좋았어요 다른 숙박업소들은 늦어도 13시까지인데 14시까지라서 너무 좋았습니다 그리고 보통 숙박 5만원에 욕조가 있는 곳은 드문데 체크인 후 객실 들어가보니 욕조가 있어서 깜짝놀랬어요 ㅋㅋ티비도 엄청 커서 넷플로 영화 보기도 좋았구요 바닥 난방도 굿  전기장판도 굿사장님 직원 분도 인상 좋으시고 신경도 많이 쓰시고 관리가 잘 된 느낌이었어서객실 밖 일회용 숟가락젓가락배치 빵조식 등 사장님 센스가 엄청 만족하고 저렴한 가격에 잘 묵다갑니다 결혼하기 전까진  ㅋㅋ 장거리 커플이라 자주 이용할 것 같아요  ㅎㅎ,5,6개월 전
yeogi_accom_100_076,전주 비지니스 호텔 궁,여기 두번째왔는데 넘 가성비 너무 가격 착하고 숙소도 깔끔하고 하룻밤자기 딱인거같아요 담에도 이가격이였으면 또 올거예여ㅓ 터미널이랑 가깝고 여행오는 사람들 여기로 강추해드립니다 사장님도 친절하세여여기 두번째왔는데 넘 가성비 너무 가격 착하고 숙소도 깔끔하고 하룻밤자기 딱인거같아요 담에도 이가격이였으면 또 올거예여ㅓ 터미널이랑 가깝고 여행오는 사람들 여기로 강추해드립니다 사장님도 친절하세여여기 두번째왔는데 넘 가성비 너무 가격 착하고 숙소도 깔끔하고 하룻밤자기 딱인거같아요 담에도 이가격이였으면 또 올거예여ㅓ 터미널이랑 가깝고 여행오는 사람들 여기로 강추해드립니다 사장님도 친절하세여,5,16일 전
yeogi_accom_100_077,전주 비지니스 호텔 궁,숙소가 참 좋습니다인테리어도 깔끔한것 같습니다숙소가 따뜻합니다제공 소모품류가 있어서 편리했습니다가격이 합리적입니다주차공간이 있어 편리합니다티비가 있고 도 볼 수 있습니다청결하게 관리되어 있습니다주변 편의점이 잘 되어 있습니다숙소가 따뜻합니다인테리어가 깔끔하고 모던합니다편리하고 안락하게 쉬고갈수있습니다,5,4개월 전
yeogi_accom_100_078,전주 비지니스 호텔 궁,깔끔하고 좋았어요 물도 잘나오고 위치도 나쁘지않았습니다 침구류도 깔금했어요 사장님도 친절하시고여러모로 잘쉬다 온거같습니다여기어때 통해서 예약해서 조금더 저렴하게 묵을수있었던것도 큰 장점인거같습니다이정도 가격대에 이정도 방이라면 다시또 놀러왔을때 방문할거같습니다엘리베이터도 있어서 방까지 편하게 올라왔네요방음도 잘되있는거같아서 밤에 시끄러운 소음없이 편하게 잤어요 티비도 잘나오고 리모컨이나 다른것들도 전부다 잘되어서 만족스럽게 묵고왔습니다 감사합니다,5,2개월 전
yeogi_accom_100_079,전주 비지니스 호텔 궁,편안하고 아늑한 분위기의 숙소에서 멋진 시간을 보내실 수 있도록 최선을 다해 준비했습니다  깨끗하고 정갈한 침구와  세심하게 갖춰진 편의시설은  여러분의 여정에 편안함을 더할 것입니다  합리적인 가격으로  최상의 만족을  드릴 수 있도록 노력하겠습니다  여행의 피로를 풀고  즐거운 추억을 만들어 가시길 바랍니다  곧 만나 뵙기를 기대합니다,5,27일 전
yeogi_accom_100_080,전주 비지니스 호텔 궁,선착순 특가로 예약했는데 안마의자 있는 방 주셨습니당 1층에 크로플 기계랑 생지가 있어서 구워먹을 수 있어용 먹어보진 못했는데 다음에 또 가면 먹어보려고요 청결한데 베개에 작은 얼룩 같은 게 있었어용 신경 쓰일 정도는 아니라 그냥 사용했고다른 건 다 괜찮았습니다 티비도 엄청 컸어용 넷플릭스 유튜브 보기 아주 좋습니다 터미널 근처라 접근성도 좋고 다음에 또 이용할 생각입니당 화장실도 깔끔하고 수압도 괜찮고 따뜻한 물도 잘 나와서 좋아요 어메니티에 스킨케어 있어서 편했어용,4,7개월 전
yeogi_accom_100_081,전주 비지니스 호텔 궁,주변에 식당들이 많이 있어요1모텔주차장 입구로 들어가니 주차장은 일단 넓었고 주차공 간도 여유있었어요2사장님이 키와 세면용품챙겨주시면서 친절하게 응대해주 셨어요3객실과 욕실은 생각보다 넓었고 깔끔한편이었고 방음상태 는 좋아서 조용히 쉴수있었어요 욕실에 물수압은 쎄서 좋았 어요4 침구류는 깨끗하고 정리가 잘 되어있었고 냄새도 많이 안 났어요5 전체적으로 봤을때 점수를 매기자면 100점만점중 95점정 도 주고싶어요드라이기 티브이 0스타일러 핸드폰충전기 0컴퓨터 ,5,5개월 전
yeogi_accom_100_082,전주 비지니스 호텔 궁,- 넓은 방을 주셔서 아주 좋았습니다- 는 매우 큽니다 다만 넷플릭스 로그인을 하는 법을 몰라서 그냥 일반 채널을 보았습니다 괜찮아요- 복도에 나무 젓가락이 있어서 너무 좋습니다- 일회용품 제공 너무 좋습니다- 담배냄새없고 시설이 깨끗합니다이 호텔이 아닌 제가 사용한 방은- 욕실 샤워 헤드를 교체하면 좋겠습니다- 리모컨 중앙등이 실제로는 욕실등과 연동되어 있습니다 하여 리모컨으로 중앙등 제어가 불가합니다 실제 신호선을 욕실등이 아닌 중앙등으로 옮겼으면 좋겠습니다,5,3개월 전
yeogi_accom_100_083,전주 비지니스 호텔 궁,1모텔주차장 입구로 들어가니 주차장은 일단 넓었고 주차공간도 여유있었어요2사장님이 모텔을 두군대 운영하시는대 맞은편 엑스오로  인내해주시면서 키와 세면용품  챙겨주셨어요3객실과 욕실은 생각보다 넓었고 깔끔한편이었고 방음상태는 좋아서  조용히 쉴수있었어요 욕실에 물수압은 쎄서 좋았어요4침구류는 깨끗하고 정리가 잘 되어있었고 냄새도 많이  안났어요5전체적으로 봤을때 점수를 매기자면 100점만점중 90점정도 주고싶어요드라이기 ㅇ티브이 ㅇ스타일러 핸드폰충전기 컴퓨터 ,4,3개월 전
yeogi_accom_100_084,전주 비지니스 호텔 궁,가격 대비 만족도가 매우 높아 가성비가 뛰어난 곳이었습니다 숙소나 시설의 청결도 편의성 위치 등을 고려했을 때 이 정도 가격에 이런 서비스를 받을 수 있다는 점이 매우 인상적이었습니다 특히 직원분들이 밝고 친절하게 응대해 주셔서 처음 방문임에도 불구하고 불편함 없이 편안하게 머물 수 있었고 세심한 배려가 느껴졌습니다 이런 점들 덕분에 전체적인 만족도가 높았고 다음에도 기회가 된다면 꼭 다시 이용하고 싶다는 생각이 들었습니다,4,1개월 전
yeogi_accom_100_085,전주 비지니스 호텔 궁,전주여행 왔는데 앞에 로 안내 해주시두라구오 너무 친절하셨고 무엇보다 여긴 빵 맛집이네요 빵을 직접 구우신다고 하두라구요 꽈배기가 정말 쫀득쫀득하니 넘 맛있네요ㅎㅎㅎㅎㅎ이거 먹으러 또 가고 싶어요ㅋㅋ 방 상태는 그냥 모텔이였구 화장실하고 세면대 샤워실이 따로 있엏는데 샤워실은 문이 없어요ㅠㅋㅋㅋㅋ 샤워실에 있는 비닐 같은거로 대충 닫고 씻어야 하드라구요 ㅜㅜㅋㅋ 그거말고는 그냥 저냥 잘만 했어요 전기장판두 있구 따뜻하게 잣습니다,4,1개월 전
yeogi_accom_100_086,전주 비지니스 호텔 궁,제가 가본 숙소중에 제일 깔끔하고 좋았습니다 외관부터 이뻐서 맘에 쏙 들었습니다 들어가니 사장님도 친절하여서 좋았습니다 방에 들어가보니 침대도 깔끔하게 정리가 잘 되어있었고 베개나 이불에서 냄새가 나지않았습니다 화장실도 깔끔하게 정리가 되어있어 좋았습니다 제가 또 그 지역을가게된다면 이 곳을 다시 방문할 의사가 있습니다 항상 숙소를 가게된다면 다 좋지만은 한두가지씩 아쉬운 점이 다 있었지만 여기는 아쉬점없이 편하게 잘 쉬다와 만족스럽게 숙소를 정한 것같습니다,5,2개월 전
yeogi_accom_100_087,전주 비지니스 호텔 궁,제가 가본 숙소중에 제일 깔끔하고 좋았습니다 외관부터 이뻐서 맘에 쏙 들었습니다 들어가니 사장님도 친절하여서 좋았습니다 방에 들어가보니 침대도 깔끔하게 정리가 잘 되어있었고 베개나 이불에서 냄새가 나지않았습니다 화장실도 깔끔하게 정리가 되어있어 좋았습니다 제가 또 그 지역을가게된다면 이 곳을 다시 방문할 의사가 있습니다 항상 숙소를 가게된다면 다 좋지만은 한두가지씩 아쉬운 점이 다 있었지만 여기는 아쉬점없이 편하게 잘 쉬다와 만족스럽게 숙소를 정한 것같습니다,5,2개월 전
yeogi_accom_100_088,전주 비지니스 호텔 궁,제가 가본 숙소중에 제일 깔끔하고 좋았습니다 외관부터 이뻐서 맘에 쏙 들었습니다 들어가니 사장님도 친절하여서 좋았습니다 방에 들어가보니 침대도 깔끔하게 정리가 잘 되어있었고 베개나 이불에서 냄새가 나지않았습니다 화장실도 깔끔하게 정리가 되어있어 좋았습니다 제가 또 그 지역을가게된다면 이 곳을 다시 방문할 의사가 있습니다 항상 숙소를 가게된다면 다 좋지만은 한두가지씩 아쉬운 점이 다 있었지만 여기는 아쉬점없이 편하게 잘 쉬다와 만족스럽게 숙소를 정한 것같습니다,5,2개월 전
yeogi_accom_100_089,전주 비지니스 호텔 궁,제가 가본 숙소중에 제일 깔끔하고 좋았습니다 외관부터 이뻐서 맘에 쏙 들었습니다 들어가니 사장님도 친절하여서 좋았습니다 방에 들어가보니 침대도 깔끔하게 정리가 잘 되어있었고 베개나 이불에서 냄새가 나지않았습니다 화장실도 깔끔하게 정리가 되어있어 좋았습니다 제가 또 그 지역을가게된다면 이 곳을 다시 방문할 의사가 있습니다 항상 숙소를 가게된다면 다 좋지만은 한두가지씩 아쉬운 점이 다 있었지만 여기는 아쉬점없이 편하게 잘 쉬다와 만족스럽게 숙소를 정한 것같습니다,5,2개월 전
yeogi_accom_100_090,전주 비지니스 호텔 궁,제가 가본 숙소중에 제일 깔끔하고 좋았습니다 외관부터 이뻐서 맘에 쏙 들었습니다 들어가니 사장님도 친절하여서 좋았습니다 방에 들어가보니 침대도 깔끔하게 정리가 잘 되어있었고 베개나 이불에서 냄새가 나지않았습니다 화장실도 깔끔하게 정리가 되어있어 좋았습니다 제가 또 그 지역을가게된다면 이 곳을 다시 방문할 의사가 있습니다 항상 숙소를 가게된다면 다 좋지만은 한두가지씩 아쉬운 점이 다 있었지만 여기는 아쉬점없이 편하게 잘 쉬다와 만족스럽게 숙소를 정한 것같습니다,5,2개월 전
yeogi_accom_100_091,전주 비지니스 호텔 궁,제가 가본 숙소중에 제일 깔끔하고 좋았습니다 외관부터 이뻐서 맘에 쏙 들었습니다 들어가니 사장님도 친절하여서 좋았습니다 방에 들어가보니 침대도 깔끔하게 정리가 잘 되어있었고 베개나 이불에서 냄새가 나지않았습니다 화장실도 깔끔하게 정리가 되어있어 좋았습니다 제가 또 그 지역을가게된다면 이 곳을 다시 방문할 의사가 있습니다 항상 숙소를 가게된다면 다 좋지만은 한두가지씩 아쉬운 점이 다 있었지만 여기는 아쉬점없이 편하게 잘 쉬다와 만족스럽게 숙소를 정한 것같습니다,5,2개월 전
yeogi_accom_100_092,전주 비지니스 호텔 궁,제가 가본 숙소중에 제일 깔끔하고 좋았습니다 외관부터 이뻐서 맘에 쏙 들었습니다 들어가니 사장님도 친절하여서 좋았습니다 방에 들어가보니 침대도 깔끔하게 정리가 잘 되어있었고 베개나 이불에서 냄새가 나지않았습니다 화장실도 깔끔하게 정리가 되어있어 좋았습니다 제가 또 그 지역을가게된다면 이 곳을 다시 방문할 의사가 있습니다 항상 숙소를 가게된다면 다 좋지만은 한두가지씩 아쉬운 점이 다 있었지만 여기는 아쉬점없이 편하게 잘 쉬다와 만족스럽게 숙소를 정한 것같습니다,5,2개월 전
yeogi_accom_100_093,전주 비지니스 호텔 궁,우선 가장 인상 깊었던 점은 카운터 보시는 분이 굉장히 친절하셨습니다 그래서 1차적으로 기분이 좋았구요 방에 들어 갔는데 바닥이 따뜻해서 2차적으로 기분이 좋았습니다 또 청결하기도 하구요 욕실에 샴푸랑 바디워시도 냄새가 좋았습니다 티비가 일반 모텔보다는 큰 거 같았습니다 방 크기랑 인테리어는 전체적으로 심플합니다 아 개인적으로 조명이 좋더라구요 주차에 관해서 말하자면 주차장 크기는 평범하다고 보시면 됩니다 다음에 또 재방문 의사 있습니다 좋네요,5,2개월 전
yeogi_accom_100_094,전주 비지니스 호텔 궁,이틀 연박으로 이용했는데 연박 시 추가요금이 없어서 좋았습니다가격도 주말인 점에 비해 저렴했어요1층에 간식도 있어서 이용 할 수 있게 되어있습니다주차장은 주차 할 수 있는 공간이 많지 않았는데건너편 호텔 주차장에 주차하라고 하시더라구요그래서 주차 이용에도 불편함이 없었습니다방도 따뜻하게 보일러 들어오는 것 같고 전기장판도 있어요근데 침대는 용수철이 좀 잘 느껴져요그래도 화장실도 넓고 일회용품도 다 줍니다도 전부 이용 가능해서 아이디없어도 잘 봤어요,5,4개월 전
yeogi_accom_100_095,전주 비지니스 호텔 궁,눈이 너무 많이 오는데 약속 시간까지 시간이 많이 남아서 좀 쉴 겸 당일 예약했습니다 우선 가격 대비 다른 곳들과 비교했을 때 긴 이용시간이라서 좋았고 버스터미널이랑 가까운 위치여서 접근성이 좋았습니다 객실 내부 인테리어는 적당히 깔끔하고 평범한 느낌이고 안마의자 있는 곳으로 배정해주셔서 이용했습니다 화장실은 객실이랑 분리되어 있었어요 근데 휴지 등 물품이 다 떨어져있어서  청소하실 때 확인하시고 잘 채워놔주셨으면 합니다 ㅠㅠ 무료로 볼 수 있고 로그인이 되어있어서 특별히 본인 계정 사용하지 않아도 편하게 볼 수 았었습니다 잠깐이었지만 편안하게 잘 있다 갑니다 ,4,5개월 전
yeogi_accom_100_096,전주 비지니스 호텔 궁,충분한 어메니티 만족했습니다 그리고 안락한 매트리스까지 편안했습니다환절기임에도 난방이 잘 되어 있어 쾌적하게 쉬었고요객실 청소 상태 또한 만족했는데요 머리카락 하나 보이지 않을 정도로 청결했습니다적당한 크기와 높이에 설치된 는 를 즐기기에는 충분하였습니다그런데 객실 내에서 입을 수 있는 잠옷 가운은 요청을 해야 주시는 것 같아 약간 불편했습니다 객실 내에 비치를 해주셨으면 합니다 아무튼 가성비 있게 잘 이용한 것 같아 만족했고요 다음에도 기회가 된다면 또 이용하도록 하겠습니다,4,6개월 전
yeogi_accom_100_097,전주 비지니스 호텔 궁,주변에 식당들이 많이 있어요1 모텔주차장 입구로 들어가니 주차장은 일단 넓었고 주차공 간도 여유있었어요2사장님이 키와 세면용품챙겨주시면서 친절하게 응대해주 셨어요3 객실과 욕실은 생각보다 넓었고 깔끔한편이었고 방음상태 는 좋아서 조용히 쉴수있었어요 욕실에 물수압은 쎄서 좋았 어요4침구류는 깨끗하고 정리가 잘 되어있었고 냄새도 많이 안 났어요5 전체적으로 봤을때 점수를 매기자면 100점만점중 95점정 도 주고싶어요드라이기 티브이 0스타일러 핸드폰충전기 0컴퓨터 ,5,4개월 전
yeogi_accom_100_098,전주 비지니스 호텔 궁,여행 때 제일 많이 고민하고 결정하는데 오래걸리는 게 바로 숙소죠숙소 과정 역시 마찬가지로 순탄치 않았어요고려해야 할 요소가 그만큼 많았기 때문인데요여러 측면에서 제 기준에 잘 부합하는 데가 바로 궁호텔이었습니다전주에서 이렇게 가성비좋은 숙소가있다는걸 여기어때를통해서 발견해서 갔는데 너무만족하네요 요금이 싸다고해서 상태가 안좋은게 아니라 시설도 좋아서 다른곳에 비해 추천하고싶어요덕분에 연박하고나서 또한번 들려서 연박하고가네요매우만족합니다,5,2개월 전
yeogi_accom_100_099,전주 비지니스 호텔 궁,모텔 건물이 2개입니다 건너편 건물도 같이 운영하시는 건물이라는데 다른 사람들의 리뷰를 보면 다른 건물로 방을 잡아주면 마치 꽝에 걸린 것처럼 얘기하더라고요 건너편 건물이 더 낡고 방도 여러모로 안좋다고 뭐라뭐라 하던데 그런 리뷰들을 먼저 보고 방문해서 그런지 기대를 안하고 가서 생각보다는 방이 쾌적하고 나쁘지 않았어요 방이 되게 넓은게 제일 좋았고 침대도 삐그덕 소리 이런거 안나고 튼튼하고 좋았어요 특이한점은 화장실이랑 샤워실이 분리되어있다는거 수압도 좋고 따뜻한 물도 잘 나와서 좋았어요 한가지 아쉬운점은 가운같은게 없어서 잘때 딱히 입을게 없어서 아쉬웠네요 그래도 가격 생각하면 그정도는 감안할만합니다 속옷만 입고자도 별로 안추울정도로 방이 따뜻하긴합니다,5,2개월 전
