name,category,rating_score,rating_count,feature,addr,source,image,lat,lng
전주 라온 호텔,모텔/호텔,4.3,71,전주한옥마을 도보 약 5분,전북특별자치도 전주시 완산구 풍남문2길 124-7,n,전주 라온 호텔.jpg,35.8145711,127.143807
전주 감스테이,모텔/호텔,4.7,1043,한옥마을10분전주역2분버스터미널7분,전북특별자치도 전주시 덕진구 산정3길 30,n,전주 감스테이.jpg,35.8391862,127.169399
전주 중화산동 호텔 인트로(HOTEL INTRO),모텔/호텔,4.7,2131,선너머 네거리 인근,전북특별자치도 전주시 완산구 한두평1길 11,n,전주 중화산동 호텔 인트로(HOTEL INTRO).jpg,35.8126384,127.1243679
전주 POP,모텔/호텔,4.9,688,도청 앞 신시가지 중심가 명품 호텔,전북특별자치도 전주시 완산구 홍산북로 74,n,전주 POP.jpg,35.8172918,127.1100945
전주 브라운도트 중화산동점,모텔/호텔,4.8,1067,전주한옥마을차량10분전주버스터미널 7분,전북특별자치도 전주시 완산구 한두평2길 14-6,n,전주 브라운도트 중화산동점.jpg,35.8131639,127.1242994
전주 호텔레이나구 전주 소풍,모텔/호텔,4.8,28,한옥마을10분전주역2분터미널7분 위치,전북특별자치도 전주시 덕진구 산정3길 6,n,전주 호텔레이나구 전주 소풍.jpg,35.8373334,127.1707917
에이치에비뉴 덕진점,모텔/호텔,4.9,347,버스터미널2분 덕진공원1분,전북특별자치도 전주시 덕진구 덕진연못3길 9-3,n,에이치에비뉴 덕진점.jpg,35.8470704,127.1201968
전주 워너비,모텔/호텔,4.4,4667,눌러서 위치 확인하기,전북특별자치도 전주시 덕진구 덕진연못3길 8-4,n,전주 워너비.jpg,35.8463852,127.1209453
전주 릴렉스호텔,모텔/호텔,5.0,56,전주고속버스터미널 차량 15분거리위치,전북특별자치도 전주시 덕진구 아중4길 6-9,n,전주 릴렉스호텔.jpg,35.8313938,127.1740132
전주 히든호텔,모텔/호텔,4.6,1716,위치바로보기,전북특별자치도 전주시 덕진구 덕진연못2길 9-5,n,전주 히든호텔.jpg,35.8459419,127.1217744
전주 하운드호텔덕진점,모텔/호텔,4.8,329,버스터미널2분 덕진공원1분,전북특별자치도 전주시 덕진구 기린대로 532-6,n,전주 하운드호텔덕진점.jpg,35.8460329,127.1214617
전주 넘버25 NO.25 산정점,모텔/호텔,4.9,1411,전주역4분한옥마을12분버스터미널12분,전북특별자치도 전주시 덕진구 산정3길 12,n,전주 넘버25 NO.25 산정점.jpg,35.8376909,127.1704686
전주 브라운도트 덕진점,모텔/호텔,4.5,2833,전주역한옥마을 차량 10분,전북특별자치도 전주시 덕진구 기린대로 534,n,전주 브라운도트 덕진점.jpg,35.8460907,127.1210444
전주 금암동 아늑 료칸호텔 (터미널점),모텔/호텔,4.8,64,전주 터미널 도보 3분,전북특별자치도 전주시 덕진구 용산2길 17,n,전주 금암동 아늑 료칸호텔 (터미널점).jpg,35.8355082,127.1320696
하운드호텔 전주아중지구,모텔/호텔,4.7,143,한옥 마을 차량 7분 전주역 5분,전북특별자치도 전주시 덕진구 산정3길 19-2,n,하운드호텔 전주아중지구.jpg,35.8383751,127.1692313
전주 금암동 비지니스 호텔 궁,모텔/호텔,4.8,438,2405리모델링버스터미널 도보1분거리,전북특별자치도 전주시 덕진구 용산1길 17-4,n,전주 금암동 비지니스 호텔 궁.jpg,35.8350253,127.1314096
전주 솔호텔 (SOL),모텔/호텔,4.8,1189,전주시 한옥마을 차량 7분 전주역 5분,전북특별자치도 전주시 덕진구 아중2길 22-4,n,전주 솔호텔 (SOL).jpg,35.8295001,127.1733668
전주 바라한호텔,모텔/호텔,4.9,768,전주고속버스정류장 도보 3분,전북특별자치도 전주시 덕진구 용산2길 17-5,n,전주 바라한호텔.jpg,35.8360054,127.1320939
전주 메이드HOTEL MADE,모텔/호텔,4.8,1456,한옥마을10분,전북특별자치도 전주시 덕진구 산정2길 12-8,n,전주 메이드HOTEL MADE.jpg,35.8372779,127.1698378
전주 금암동 하운드 전주터미널,모텔/호텔,5.0,357,터미널도보1분 한옥마을전주역차량10분,전북특별자치도 전주시 덕진구 용산1길 6-5,n,전주 금암동 하운드 전주터미널.jpg,35.8351234,127.1298279
글로스터호텔 전주,모텔/호텔,4.6,305,전주 한옥마을 도보 10분,전북특별자치도 전주시 완산구 팔달로 227,n,글로스터호텔 전주.jpg,35.8223482,127.1449563
전주 금암동 YAJA 전주터미널점,모텔/호텔,4.7,2904,전주터미널1분전주역10분한옥마을10분,전북특별자치도 전주시 덕진구 용산2길 13,n,전주 금암동 YAJA 전주터미널점.jpg,35.8359555,127.1317486
전주 에이치에비뉴HAVENUE,모텔/호텔,4.9,774,전주역4분한옥마을7분전주동물원8분,전북특별자치도 전주시 덕진구 산정2길 6-4,n,전주 에이치에비뉴HAVENUE.jpg,35.8370331,127.1700237
전주 덕진동 호텔 와이케이(HOTEL WAIKEI),모텔/호텔,4.6,1486,한옥마을 10분 전북대 2분 터미널 3분,전북특별자치도 전주시 덕진구 명륜5길 10-2,n,전주 덕진동 호텔 와이케이(HOTEL WAIKEI).jpg,35.8432937,127.1256511
신라스테이 전주 한옥마을,모텔/호텔,4.6,275,전주한옥마을 도보 10분,전북특별자치도 전주시 완산구 현무1길 10,n,신라스테이 전주 한옥마을.jpg,35.8196908,127.1485428
전주 에비뉴호텔,모텔/호텔,4.8,2260,한옥마을10분 전주역2분,전북특별자치도 전주시 덕진구 산정2길 12-16,n,전주 에비뉴호텔.jpg,35.8375457,127.1699554
전주 산정동 제이즈 호텔,모텔/호텔,4.7,5882,한옥마을10분전주역2분버스터미널7분,전북특별자치도 전주시 덕진구 산정3길 11,n,전주 산정동 제이즈 호텔.jpg,35.8375038,127.1702465
전주 라베호텔(LABE HOTEL),모텔/호텔,4.8,809,막걸리마을 8분 한옥마을 10분,전북특별자치도 전주시 완산구 한두평2길 8-5,n,전주 라베호텔(LABE HOTEL).jpg,35.8131409,127.1239643
전주 스테이 호텔(stay family),모텔/호텔,4.8,51,한옥마을 차량 5분 전주역 3분,전북특별자치도 전주시 덕진구 산정2길 6-5,n,전주 스테이 호텔(stay family).jpg,35.837312,127.1701762
전주 시그니처 호텔,모텔/호텔,4.6,221,전주역 도보 1분,전북특별자치도 전주시 덕진구 백제대로 838,n,전주 시그니처 호텔.jpg,35.843409,127.1395351
전주 MOMENT708,모텔/호텔,4.7,3829,버스터미널2분 종합경기장1분,전북특별자치도 전주시 덕진구 가리내로 126,n,전주 MOMENT708.jpg,35.8361075,127.1227276
전주 YAJA전주한옥마을점,모텔/호텔,4.1,8029,전주시청입구사거리 인근영화의거리도보2분,전북특별자치도 전주시 완산구 전주객사5길 64-4,n,전주 YAJA전주한옥마을점.jpg,35.8208666,127.1453295
이비스 스타일 앰배서더호텔 전주,모텔/호텔,4.7,172,전주한옥마을 근처에 위치,전북특별자치도 전주시 완산구 전주객사4길 74-50,n,이비스 스타일 앰배서더호텔 전주.jpg,35.8208252,127.1443089
전주 마리 터미널점,모텔/호텔,4.8,5443,버스터미널1분전주역10분한옥마을10분,전북특별자치도 전주시 덕진구 용산3길 21,n,전주 마리 터미널점.jpg,35.8360318,127.1333311
전주 호텔 시그니처Signature,모텔/호텔,5.0,986,전주한옥마을차량10분전주막걸리거리 8분,전북특별자치도 전주시 완산구 한두평4길 5-4,n,전주 호텔 시그니처Signature.jpg,35.8160662,127.1238949
전주 산정동 아늑 호텔,모텔/호텔,4.9,590,전주역 차량 5분,전북특별자치도 전주시 덕진구 산정3길 37,n,전주 산정동 아늑 호텔.jpg,35.8389853,127.1684764
전주 한빛호텔,모텔/호텔,4.9,856,전주한옥마을 도보 1분 거리,전북특별자치도 전주시 완산구 기린대로 102,n,전주 한빛호텔.jpg,35.8185607,127.1549797
전주 카마호텔,모텔/호텔,4.8,575,한옥마을 10분 막걸리거리 8분,전북특별자치도 전주시 완산구 한두평2길 8-9,n,전주 카마호텔.jpg,35.8128247,127.1237544
전주 우아동 브라운도트 전주아중지구점,모텔/호텔,4.7,358,한옥마을5분전주역2분전북대학교10분,전북특별자치도 전주시 덕진구 아중중앙로 30,n,전주 우아동 브라운도트 전주아중지구점.jpg,35.8308778,127.171979
전주 우아동 센트,모텔/호텔,4.9,2226,전주역도보3분버스터미널10분,전북특별자치도 전주시 덕진구 동부대로 673-6,n,전주 우아동 센트.jpg,35.8486201,127.1601617
전주 우아동 한옥 HOTEL,모텔/호텔,4.9,2849,한옥마을 8분 전주역 5분 터미널 10분,전북특별자치도 전주시 덕진구 아중4길 13,n,전주 우아동 한옥 HOTEL.jpg,35.8303421,127.1738928
전주 스타 호텔,모텔/호텔,4.7,523,한옥마을 8분 막걸리거리 6분,전북특별자치도 전주시 완산구 한두평2길 9,n,전주 스타 호텔.jpg,35.813725,127.1239739
전주 정가 한옥,펜션,4.7,361,전주시 완산구 풍남동,전북특별자치도 전주시 완산구 기린대로 78-3,n,전주 정가 한옥.jpg,35.8163403,127.155117
전주 호텔루나,모텔/호텔,4.7,2426,전주역한옥마을전북대시청터미널10분,전북특별자치도 전주시 덕진구 아중4길 14-7,n,전주 호텔루나.jpg,35.8308647,127.1732866
전주 마리 덕진공원점,모텔/호텔,4.6,5486,버스터미널2분덕진공원1분한옥마을10분,전북특별자치도 전주시 덕진구 덕진연못3길 9-5,n,전주 마리 덕진공원점.jpg,35.8472043,127.1199323
베스트웨스턴플러스 전주호텔,모텔/호텔,4.4,1191,전주시 전주 한옥마을 도보 10분,전북특별자치도 전주시 완산구 현무1길 41,n,베스트웨스턴플러스 전주호텔.jpg,35.8224402,127.1470122
전주 비지트 호텔VIZIT HOTEL,모텔/호텔,4.9,1364,전주한옥마을전주터미널 7분클릭,전북특별자치도 전주시 덕진구 아중중앙로 20,n,전주 비지트 호텔VIZIT HOTEL.jpg,35.8301208,127.1723749
전주 투나잇2NIGHT,모텔/호텔,5.0,1527,전주 출장여행 추천 신축호텔,전북특별자치도 전주시 덕진구 아중4길 16,n,전주 투나잇2NIGHT.jpg,35.83061,127.1734188
전주 금암동 뷰티 호텔,모텔/호텔,4.8,3237,버스터미널1분 전주역10분 한옥마을10분,전북특별자치도 전주시 덕진구 용산3길 8,n,전주 금암동 뷰티 호텔.jpg,35.8366624,127.1319152
전주 다온호텔,모텔/호텔,4.8,453,전주한옥마을 도보 1분 거리,전북특별자치도 전주시 완산구 전주천서로 49,n,전주 다온호텔.jpg,35.8185902,127.1399885
전주 윈져,모텔/호텔,4.4,2411,버스터미널1분 전주역10분,전북특별자치도 전주시 덕진구 용산1길 6-3,n,전주 윈져.jpg,35.8352903,127.1300358
전주 금암동 호텔 화이트(HOTEL WHITE),모텔/호텔,4.8,1027,한옥마을7분 버스터미널2분 전북대2분,전북특별자치도 전주시 덕진구 전주천동로 501,n,전주 금암동 호텔 화이트(HOTEL WHITE).jpg,35.8371797,127.1309731
전주 우아동 호텔 젠,모텔/호텔,4.2,4608,한옥마을7분 전주역2분 전주터미널7분,전북특별자치도 전주시 덕진구 아중4길 14-4,n,전주 우아동 호텔 젠.jpg,35.8307891,127.1736571
전주 우아동 호텔 캐슬,모텔/호텔,4.7,1799,한옥마을 10분 전주역 2분 터미널7분,전북특별자치도 전주시 덕진구 아중4길 10-4,n,전주 우아동 호텔 캐슬.jpg,35.830873,127.174107
전주 호텔 달빛소리 드라이브인,모텔/호텔,4.9,1265,전주역 차랑 5분,전북특별자치도 전주시 덕진구 산정2길 12-21,n,전주 호텔 달빛소리 드라이브인.jpg,35.8378354,127.1696974
전주 한옥마을 늘품호텔,모텔/호텔,4.9,834,전주한옥마을 도보 1분,전북특별자치도 전주시 완산구 기린대로 90,n,전주 한옥마을 늘품호텔.jpg,35.8172276,127.1549885
전주 다가동 MH HOTEL 객리단점,모텔/호텔,4.7,1080,객리단길 내 한옥마을 도보 5분,전북특별자치도 전주시 완산구 전주천동로 230-5,n,전주 다가동 MH HOTEL 객리단점.jpg,35.817183,127.1398136
전주 칼튼 힐 호텔,모텔/호텔,4.8,2854,전주버스터미널 1분전북대학교 4분,전북특별자치도 전주시 덕진구 용산3길 35,n,전주 칼튼 힐 호텔.jpg,35.8347435,127.1344824
전주 애플모텔,모텔/호텔,4.7,235,애플모텔전북특별자치도청 도보 5분거리,전북특별자치도 전주시 완산구 홍산북로 50,n,전주 애플모텔.jpg,35.8172944,127.1073436
전주한옥마을호텔,모텔/호텔,4.8,29,전주시 완산구 동서학동,전북특별자치도 전주시 완산구 전주천서로 45,n,전주한옥마을호텔.jpg,35.8185902,127.1399885
전주 스마일,모텔/호텔,4.7,2898,덕진예술회관건물뒷편위치,전북특별자치도 전주시 덕진구 송천중앙로 12-12,n,전주 스마일.jpg,35.8475694,127.1192209
전주 호텔 더 빈센트,모텔/호텔,4.9,184,전주한옥마을 도보 3분,전북특별자치도 전주시 완산구 전라감영로 76,n,전주 호텔 더 빈센트.jpg,35.8156922,127.14746
전주 한옥마을 비하녹,펜션,5.0,23,전주시 완산구 중앙동,전북특별자치도 전주시 완산구 풍남문4길 26-34,n,전주 한옥마을 비하녹.jpg,35.8143547,127.145974
전주 우아동 에이치호텔,모텔/호텔,4.6,87,넷플티빙왓챠디즈니애플 시청가능,전북특별자치도 전주시 덕진구 아중4길 23-6,n,전주 우아동 에이치호텔.jpg,35.8296749,127.1728544
전주 재즈어라운드 호텔,모텔/호텔,4.7,490,한옥마을 차량 5분전주역5분전북대8분,전북특별자치도 전주시 덕진구 정언신로 182,n,전주 재즈어라운드 호텔.jpg,35.8314457,127.1733088
전주 중화산동 호텔 루고(RUGO),모텔/호텔,4.9,208,한옥마을 차량10분 막걸리거리 차량8분,전북특별자치도 전주시 완산구 한두평4길 5-5,n,전주 중화산동 호텔 루고(RUGO).jpg,35.8159981,127.1235902
전주 그랜드힐스턴호텔,모텔/호텔,4.7,439,전주시 완산구,전북특별자치도 전주시 완산구 서곡5길 22-5,n,전주 그랜드힐스턴호텔.jpg,35.8381722,127.1005664
전주 후,모텔/호텔,4.7,2771,버스터미널1분 전주역10분 한옥마을10분,전북특별자치도 전주시 덕진구 용산1길 12-2,n,전주 후.jpg,35.8351755,127.1302288
전주 산정동 첫번째 호텔,모텔/호텔,4.8,2186,한옥마을전주역버스터미널 근접,전북특별자치도 전주시 덕진구 산정1길 30,n,전주 산정동 첫번째 호텔.jpg,35.838635,127.1675944
전주 호텔다빈,모텔/호텔,4.8,152,한옥마을 도보 5분,전북특별자치도 전주시 완산구 팔달로 160,n,전주 호텔다빈.jpg,35.816772,127.1478207
전주 호텔박스한옥마을 아중리점,모텔/호텔,4.6,180,한옥마을 10분박스호텔위치,전북특별자치도 전주시 덕진구 아중4길 20-5,n,전주 호텔박스한옥마을 아중리점.jpg,35.8308616,127.1727605
전주 서신동 호텔 아지트,모텔/호텔,4.8,1108,신축 오픈 한옥마을전주역터미널10분,전북특별자치도 전주시 완산구 여울로 25,n,전주 서신동 호텔 아지트.jpg,35.8355985,127.1206834
전주 우아동 소울,모텔/호텔,4.5,814,한옥마을10분 전주역2분,전북특별자치도 전주시 덕진구 아중4길 14-9,n,전주 우아동 소울.jpg,35.8311339,127.1731444
전주 엔브릿지호텔,모텔/호텔,4.5,428,한옥마을 도보1분거리 위치,전북특별자치도 전주시 완산구 전주천서로 81,n,전주 엔브릿지호텔.jpg,35.8098982,127.1524166
전주 중화산동 스페셜,모텔/호텔,4.6,977,중화산동 2가 위치,전북특별자치도 전주시 완산구 한두평2길 8-7,n,전주 중화산동 스페셜.jpg,35.8129791,127.1238724
전주 쿡,모텔/호텔,4.7,614,효자동신시가지 내에 위치클릭,전북특별자치도 전주시 완산구 홍산북로 84-10,n,전주 쿡.jpg,35.8170658,127.1106722
전주 산정동 아리아,모텔/호텔,4.8,375,전주역 5분 이내,전북특별자치도 전주시 덕진구 산정1길 12-4,n,전주 산정동 아리아.jpg,35.8371025,127.1691809
전주 루엘호텔 덕진공원본점,모텔/호텔,4.8,116,덕진공원 앞 도보 1분,전북특별자치도 전주시 덕진구 기린대로 540,n,전주 루엘호텔 덕진공원본점.jpg,35.8463755,127.1205858
전주 나비잠한옥호텔,모텔/호텔,4.8,95,전주 경기전 도보 2분,전북특별자치도 전주시 완산구 팔달로 150-17,n,전주 나비잠한옥호텔.jpg,35.8161528,127.1486202
전주 위너,모텔/호텔,5.0,902,한옥마을10분 전주역2분 터미널7분,전북특별자치도 전주시 덕진구 아중4길 20,n,전주 위너.jpg,35.8303746,127.1730143
전주 플렉스호텔,모텔/호텔,4.4,1693,전주한옥마을차량10분 전주역차량 7분,전북특별자치도 전주시 덕진구 산정2길 11,n,전주 플렉스호텔.jpg,35.8372624,127.1692313
전주 금암동 황토,모텔/호텔,4.8,356,전주버스터미널 도보 3분,전북특별자치도 전주시 덕진구 용산1길 5-4,n,전주 금암동 황토.jpg,35.8358181,127.1307168
전주 브라이튼 호텔,모텔/호텔,4.7,122,막걸리거리8분 한옥마을10분,전북특별자치도 전주시 완산구 한두평2길 8-3,n,전주 브라이튼 호텔.jpg,35.8132924,127.1239952
전주 에코스테이 호텔,모텔/호텔,4.8,1681,에코시티 최초의 호텔 위치보기,전북특별자치도 전주시 덕진구 세병서로 8-27,n,전주 에코스테이 호텔.jpg,35.8714717,127.1228096
전주 금암동 블루원,모텔/호텔,4.5,1601,버스터미널1분 전주역10분,전북특별자치도 전주시 덕진구 용산2길 18,n,전주 금암동 블루원.jpg,35.8355859,127.1316201
전주 타임 호텔,모텔/호텔,5.0,324,전주시 완산구 효자5동,전북특별자치도 전주시 완산구 홍산북로 46-5,n,전주 타임 호텔.jpg,35.8170696,127.1071645
전주 금암동 토마토,모텔/호텔,4.4,1490,전주버스터미널 차량 3분위치보기,전북특별자치도 전주시 덕진구 용산3길 18,n,전주 금암동 토마토.jpg,35.836056,127.1328429
전주 노이 호텔,모텔/호텔,4.8,662,한옥마을11분 전주역8분 버스터미널17분,전북특별자치도 전주시 덕진구 아중4길 21,n,전주 노이 호텔.jpg,35.8300402,127.1729791
전주 엘도라도,모텔/호텔,4.6,2025,막걸리타운차량10분한옥마을차량10분,전북특별자치도 전주시 완산구 한두평4길 11-3,n,전주 엘도라도.jpg,35.8159627,127.1241614
전주 뜰안채펜션,펜션,4.8,172,전주시 완산구 풍남동,전북특별자치도 전주시 완산구 어진길 90-10,n,전주 뜰안채펜션.jpg,35.8173856,127.1497985
전주 우아동 필,모텔/호텔,4.8,279,전북대 차량 8분위치보기,전북특별자치도 전주시 덕진구 도당산로 65-4,n,전주 우아동 필.jpg,35.847533,127.1570846
전주 이카로스,모텔/호텔,4.3,2006,버스터미널1분 전주역 한옥마을10분,전북특별자치도 전주시 덕진구 용산2길 20,n,전주 이카로스.jpg,35.8353558,127.1318703
전주 금암동 브라운도트 전주터미널점,모텔/호텔,4.9,1130,터미널도보1분한옥마을10분전주역10분,전북특별자치도 전주시 덕진구 용산1길 12-4,n,전주 금암동 브라운도트 전주터미널점.jpg,35.8349444,127.1299176
전주 도란도란카라반글램핑펜션,펜션,4.8,108,전주시 완산구 노송동,전북특별자치도 전주시 완산구 간납로 13,n,전주 도란도란카라반글램핑펜션.jpg,35.8170195,127.1562115
전주 더 메이 호텔,모텔/호텔,4.9,46,전주월드컵경기장 42,전북특별자치도 전주시 덕진구 기린대로 800,n,전주 더 메이 호텔.jpg,35.8596902,127.0957812
전주한옥마을 웨이,펜션,4.5,89,전주시 완산구 풍남동,전북특별자치도 전주시 완산구 은행로 16,n,전주한옥마을 웨이.jpg,35.8184907,127.1516918
전주 우아동 이츠 호텔,모텔/호텔,4.8,1265,한옥마을10분 전주역2분,전북특별자치도 전주시 덕진구 아중2길 18-6,n,전주 우아동 이츠 호텔.jpg,35.8297675,127.1736449
전주 중화산동 투썸호텔,모텔/호텔,4.9,750,전주 한옥마을막걸리타운 차량 10분,전북특별자치도 전주시 완산구 한두평2길 13-3,n,전주 중화산동 투썸호텔.jpg,35.8139494,127.1239652
전주 호텔 아라리,모텔/호텔,4.7,118,전주 고속 버스터미널 도보 5분 거리,전북특별자치도 전주시 덕진구 떡전5길 24,n,전주 호텔 아라리.jpg,35.8376717,127.1304975
전주 중화산동 화려한외출Ⅱ,모텔/호텔,4.4,1272,전주시 완산구 중화산동2가 14219,전북특별자치도 전주시 완산구 한두평2길 8-11,n,전주 중화산동 화려한외출Ⅱ.jpg,35.812679,127.1236124
전주 신시가지 제이메이트 호텔,모텔/호텔,4.7,378,전북특별자치도청 도보 8분위치보기,전북특별자치도 전주시 완산구 홍산북로 60-12,n,전주 신시가지 제이메이트 호텔.jpg,35.8170686,127.1079873
전주 한옥마을 별자리,펜션,4.8,180,전주시 완산구 풍남동,전북특별자치도 전주시 완산구 최명희길 26-17,n,전주 한옥마을 별자리.jpg,35.8165353,127.1512615
전주한옥마을 황실관광호텔,모텔/호텔,4.6,432,전주한옥마을 안에 위치,전북특별자치도 전주시 완산구 은행로 22,n,전주한옥마을 황실관광호텔.jpg,35.8179308,127.1516817
전주 왕의지밀 한옥호텔,모텔/호텔,4.3,297,전주 한옥마을 차량 7분,전북특별자치도 전주시 완산구 춘향로 5218-20,n,전주 왕의지밀 한옥호텔.jpg,35.8005168,127.1771084
전주 우아동 명품 HOTEL,모텔/호텔,4.7,189,전주역 도보 5분위치보기,전북특별자치도 전주시 덕진구 우아1길 6,n,전주 우아동 명품 HOTEL.jpg,35.8487277,127.156276
전주 한옥마을담소황토펜션,펜션,4.6,142,전주시 완산구 풍남동,전북특별자치도 전주시 완산구 향교길 71,n,전주 한옥마을담소황토펜션.jpg,35.8120995,127.1535327
전주 한옥마을 취락당,게스트하우스,4.8,182,한옥마을 내 위치,전북특별자치도 전주시 완산구 동문길 33-19,n,전주 한옥마을 취락당.jpg,35.8185928,127.1527228
전주 칸,모텔/호텔,4.5,1628,한옥마을 10분 전주역 2분 터미널 7분,전북특별자치도 전주시 덕진구 산정2길 24-3,n,전주 칸.jpg,35.8384792,127.1688166
전주 마리 호텔,모텔/호텔,4.9,237,전주한옥마을 297 자동차로 10분,전북특별자치도 전주시 덕진구 아중중앙로 26,n,전주 마리 호텔.jpg,35.8305833,127.1721318
전주 더그레이호텔,모텔/호텔,4.8,855,전주에코시티 신축호텔,전북특별자치도 전주시 덕진구 세병서로 18-6,n,전주 더그레이호텔.jpg,35.8713325,127.1239771
전주 스토리,모텔/호텔,4.8,532,전주터미널전북대전주종합경기장 근접위치,전북특별자치도 전주시 덕진구 용산2길 8,n,전주 스토리.jpg,35.8357545,127.1315502
전주 한옥호텔 태조궁,모텔/호텔,4.6,75,전주한옥마을 약 12,전북특별자치도 전주시 완산구 전라감영로 40,n,전주 한옥호텔 태조궁.jpg,35.8151442,127.1434894
전주 돈키호테 드라이브인 무인텔,모텔/호텔,4.5,222,전주역 차량 5분위치보기,전북특별자치도 전주시 덕진구 산정3길 17,n,전주 돈키호테 드라이브인 무인텔.jpg,35.8381304,127.1696748
전주 몽블랑,모텔/호텔,4.7,472,중화산동 인근 2309 리모델링 완료,전북특별자치도 전주시 완산구 한두평2길 11,n,전주 몽블랑.jpg,35.8137043,127.1241696
전주 우아동 하얏트,모텔/호텔,4.3,700,전주역 도보 5분눌러서 위치 확인,전북특별자치도 전주시 덕진구 도당산로 65,n,전주 우아동 하얏트.jpg,35.8473382,127.1573496
전주 고사동 전주관광호텔,모텔/호텔,3.9,1694,전주시청 인근 위치 위치보기,전북특별자치도 전주시 완산구 전주객사5길 44-5,n,전주 고사동 전주관광호텔.jpg,35.8204777,127.1454356
전주 호텔모아,모텔/호텔,4.9,552,신시가지 중심지 먹자골목,전북특별자치도 전주시 완산구 홍산북로 80,n,전주 호텔모아.jpg,35.8172913,127.1104681
전주 금암동 투헤븐,모텔/호텔,4.8,541,전주 금암동 터미널부근,전북특별자치도 전주시 덕진구 용산2길 7,n,전주 금암동 투헤븐.jpg,35.8363172,127.1314037
전주 신시가지 호텔 아지트,모텔/호텔,4.8,682,도청 앞 신시가지 중심지 위치보기,전북특별자치도 전주시 완산구 홍산북로 46-11,n,전주 신시가지 호텔 아지트.jpg,35.8170692,127.1075208
전주 우아동 FX,모텔/호텔,4.4,681,전주시 우아동2가 위치,전북특별자치도 전주시 덕진구 아중4길 14-10,n,전주 우아동 FX.jpg,35.831124,127.173482
전주 금암동 가온텔,모텔/호텔,4.2,14,전주시 덕진구 금암동,전북특별자치도 전주시 덕진구 용산1길 6,n,전주 금암동 가온텔.jpg,35.8356269,127.1300321
전주 MH HOTEL 중화산동점,모텔/호텔,5.0,345,도보 5분 내 편의점식당가 위치,전북특별자치도 전주시 완산구 어은로 12-6,n,전주 MH HOTEL 중화산동점.jpg,35.8161297,127.1241559
전주 신시가지 호텔 메세지,모텔/호텔,4.5,801,신시가지 내 위치 눌러서 위치보기,전북특별자치도 전주시 완산구 홍산북로 72,n,전주 신시가지 호텔 메세지.jpg,35.8172909,127.1097811
전주 제이브라운,모텔/호텔,4.8,181,제이브라운위치보기,전북특별자치도 전주시 덕진구 산정1길 26,n,전주 제이브라운.jpg,35.8383508,127.1681069
전주 산정동 바른 숙박 (BARUN STAY),모텔/호텔,4.6,437,한옥마을10분전주역5분버스터미널15분,전북특별자치도 전주시 덕진구 산정1길 32,n,전주 산정동 바른 숙박 (BARUN STAY).jpg,35.8386778,127.1677518
전주 에이치에비뉴 덕진점,모텔/호텔,4.9,75,버스터미널2분 덕진공원1분,전북특별자치도 전주시 덕진구 덕진연못3길 9-1,n,전주 에이치에비뉴 덕진점.jpg,35.8469677,127.120392
전주 경원동 경원,모텔/호텔,4.7,543,전주 한옥마을까지 도보 23분거리,전북특별자치도 전주시 완산구 경기전길 8-5,n,전주 경원동 경원.jpg,35.8190375,127.149588
전주 호텔토랑,모텔/호텔,4.7,82,한옥마을 10분 전주역 2분,전북특별자치도 전주시 덕진구 산정2길 23,n,전주 호텔토랑.jpg,35.8382319,127.168271
전주 테라호텔,모텔/호텔,4.6,236,한옥마을 10분 전주역 2분 터미널 7분,전북특별자치도 전주시 덕진구 산정3길 26,n,전주 테라호텔.jpg,35.8388356,127.1696204
전주 한옥호텔 궁,모텔/호텔,3.9,506,전주한옥마을 도보 5분,전북특별자치도 전주시 완산구 풍남문4길 25-19,n,전주 한옥호텔 궁.jpg,35.8143555,127.1445708
전주 우아동 임페리얼,모텔/호텔,4.5,104,전주역도보 5분 전북대 병원 인근,전북특별자치도 전주시 덕진구 도당산3길 8-1,n,전주 우아동 임페리얼.jpg,35.846849,127.1559496
전주 금암동 호텔 K,모텔/호텔,5.0,295,버스터미널 2분 거리,전북특별자치도 전주시 덕진구 용산2길 5,n,전주 금암동 호텔 K.jpg,35.8364297,127.1311019
전주 호텔 라임,모텔/호텔,4.9,52,전주 한옥 마을 10분 전주역 2분,전북특별자치도 전주시 덕진구 아중4길 13-3,n,전주 호텔 라임.jpg,35.8301567,127.1739884
전주 중화산동 Q,모텔/호텔,4.5,1630,완산구청 부근,전북특별자치도 전주시 완산구 한두평1길 12,n,전주 중화산동 Q.jpg,35.8123141,127.1242604
전주 호텔아이,모텔/호텔,4.5,371,전북특별자치도청 도보 8분위치보기,전북특별자치도 전주시 완산구 홍산북로 84,n,전주 호텔아이.jpg,35.8172911,127.1106728
전주 엘림호텔,모텔/호텔,4.8,719,중화산동 인근위치보기,전북특별자치도 전주시 완산구 한두평3길 7-4,n,전주 엘림호텔.jpg,35.8150237,127.1239292
전주 자우리,모텔/호텔,4.2,403,전주한옥마을 9분 거리위치보기,전북특별자치도 전주시 덕진구 아중4길 13-4,n,전주 자우리.jpg,35.8301169,127.1736796
전주 루이호텔,모텔/호텔,4.5,610,전주 한옥마을 차량 10분거리,전북특별자치도 전주시 완산구 한두평2길 10,n,전주 루이호텔.jpg,35.8134288,127.1240704
호텔 투썸스테이 전주 서신점,모텔/호텔,4.6,49,롯데백화점 전주점 도보로 3분 거리,전북특별자치도 전주시 완산구 여울로 31,n,호텔 투썸스테이 전주 서신점.jpg,35.8359971,127.1200342
베니키아 전주 한성 호텔,모텔/호텔,4.3,95,전주한옥마을 1,전북특별자치도 전주시 완산구 전주객사5길 43-3,n,베니키아 전주 한성 호텔.jpg,35.8198606,127.1448149
호텔어라이브 전주 시화연풍,모텔/호텔,5.0,39,전주한옥마을 도보 15분 거리,전북특별자치도 전주시 완산구 풍남문3길 9-5,n,호텔어라이브 전주 시화연풍.jpg,35.8139527,127.1467273
전주 한옥마을 꽃자리,펜션,4.9,45,전주시 완산구 풍남동,전북특별자치도 전주시 완산구 최명희길 26-23,n,전주 한옥마을 꽃자리.jpg,35.8162973,127.1510912
전주 풍남가족호텔(구.풍남관광호텔),모텔/호텔,4.6,17,전주 한옥마을 차량 8분,전북특별자치도 전주시 완산구 전주객사2길 45-7,n,전주 풍남가족호텔(구.풍남관광호텔).jpg,35.8184977,127.1401717
전주 전주한옥온유,펜션,4.9,23,전주시 완산구 풍남동,전북특별자치도 전주시 완산구 한지길 107,n,전주 전주한옥온유.jpg,35.8155132,127.1541334
전주 데이나이스,모텔/호텔,4.6,597,전주 효자동 인근,전북특별자치도 전주시 완산구 홍산북로 46,n,전주 데이나이스.jpg,35.8172929,127.1069878
전주 우아동 래미안,모텔/호텔,4.3,532,한옥마을10분전주역2분버스터미널7분,전북특별자치도 전주시 덕진구 아중4길 6-1,n,전주 우아동 래미안.jpg,35.8309586,127.1742425
전주 호텔유,모텔/호텔,4.6,195,효자동 신시가지 내 위치,전북특별자치도 전주시 완산구 홍산북로 84-12,n,전주 호텔유.jpg,35.817066,127.1104675
전주 호텔 써밋스테이,모텔/호텔,4.6,250,한옥마을 10분 거리,전북특별자치도 전주시 덕진구 산정3길 2,n,전주 호텔 써밋스테이.jpg,35.8372357,127.1708798
전주 우아동 어제처럼,모텔/호텔,4.7,58,전주시 덕진구 우아1동,전북특별자치도 전주시 덕진구 도당산4길 10,n,전주 우아동 어제처럼.jpg,35.8481355,127.1595695
전주 호텔야자 중화산점,모텔/호텔,4.6,452,완산구청 5분 이내위치보기,전북특별자치도 전주시 완산구 한두평3길 5,n,전주 호텔야자 중화산점.jpg,35.8148938,127.1234975
전주 한옥마을 한옥고택 고을,펜션,5.0,31,전주시 완산구 풍남동,전북특별자치도 전주시 완산구 최명희길 26-7,n,전주 한옥마을 한옥고택 고을.jpg,35.8162452,127.1514991
전주 가인,모텔/호텔,3.4,20,전주시 덕진구 우아1동,전북특별자치도 전주시 덕진구 우아1길 19,n,전주 가인.jpg,35.8479238,127.1548023
전주 중화산동 프린스,모텔/호텔,4.6,208,한두평공원 2분거리,전북특별자치도 전주시 완산구 한두평1길 9,n,전주 중화산동 프린스.jpg,35.8126426,127.1242033
전주 호텔 어반스테이아중점,모텔/호텔,4.9,204,전주 출장여행 추천 신축호텔,전북특별자치도 전주시 덕진구 정언신로 170,n,전주 호텔 어반스테이아중점.jpg,35.831211,127.1720514
전주 영하우스,펜션,4.9,14,전주시 완산구 노송동,전북특별자치도 전주시 완산구 팔달로 292-4,n,전주 영하우스.jpg,35.8279395,127.1428937
전주 중화산동 알프스,모텔/호텔,3.9,386,전주 완산구 중화산동2가 위치,전북특별자치도 전주시 완산구 한두평1길 13-5,n,전주 중화산동 알프스.jpg,35.8129534,127.1242667
전주 료칸호텔엣지,모텔/호텔,4.9,30,전주역 3분 한옥마을 10분,전북특별자치도 전주시 덕진구 산정2길 28-5,n,전주 료칸호텔엣지.jpg,35.8389367,127.1687206
전주 우아동 프린스,모텔/호텔,3.9,582,한옥마을10분 전주역2분,전북특별자치도 전주시 덕진구 동부대로 441,n,전주 우아동 프린스.jpg,35.8315254,127.1743418
전주 진북동 장미,모텔/호텔,4.5,149,전주한옥마을 차량 3분,전북특별자치도 전주시 덕진구 안덕원로 106-10,n,전주 진북동 장미.jpg,35.8292055,127.1421034
전주 전주이야기펜션,펜션,5.0,18,전주시 완산구 동서학동,전북특별자치도 전주시 완산구 동부대로 82-2,n,전주 전주이야기펜션.jpg,35.8027002,127.1930554
전주 MH HOTEL 객리단길점,모텔/호텔,4.8,90,차이나거리걷고싶은거리 도보 2분,전북특별자치도 전주시 완산구 전주천동로 232,n,전주 MH HOTEL 객리단길점.jpg,35.8171608,127.1395521
전주 더케이,모텔/호텔,4.3,797,완산구청 근처,전북특별자치도 전주시 완산구 한두평1길 10,n,전주 더케이.jpg,35.8123865,127.1240179
전주 금암동 비스트,모텔/호텔,3.7,2863,버스터미널 1분전주역한옥마을 10분,전북특별자치도 전주시 덕진구 용산3길 12,n,전주 금암동 비스트.jpg,35.8366064,127.1321832
전주 온고을 한옥스테이,게스트하우스,4.7,179,전주한옥마을 내 위치,전북특별자치도 전주시 완산구 향교길 51-10,n,전주 온고을 한옥스테이.jpg,35.8122749,127.1525107
전주 금암동 스카이쇼1 무인텔,모텔/호텔,4.0,440,터미널1분전주역한옥마을10분,전북특별자치도 전주시 덕진구 용산2길 11,n,전주 금암동 스카이쇼1 무인텔.jpg,35.8360925,127.1314734
전주 한옥마을 서선야,게스트하우스,5.0,63,한옥마을 제 1주차장에서 3분 거리,전북특별자치도 전주시 완산구 동문길 19-6,n,전주 한옥마을 서선야.jpg,35.819048,127.152714
전주 카누KANU,모텔/호텔,4.8,598,한옥마을10분 전주역2분클릭,전북특별자치도 전주시 덕진구 산정2길 12-7,n,전주 카누KANU.jpg,35.8377847,127.1693676
전주 대명여관펜션,펜션,4.5,42,전주시 완산구 중앙동,전북특별자치도 전주시 완산구 풍남문4길 25-10,n,전주 대명여관펜션.jpg,35.8148367,127.1449751
전주 우아동 맨하탄,모텔/호텔,4.6,37,전주역 2분 거리,전북특별자치도 전주시 덕진구 도당산3길 8-2,n,전주 우아동 맨하탄.jpg,35.8470989,127.1558574
전주 진북동 경동,모텔/호텔,4.2,210,덕진구청 4분 거리,전북특별자치도 전주시 덕진구 안덕원로 106-12,n,전주 진북동 경동.jpg,35.8291626,127.1422392
전주한옥마을 덕수궁,게스트하우스,4.6,146,전주 한옥마을 도보 3분,전북특별자치도 전주시 완산구 간납로 10,n,전주한옥마을 덕수궁.jpg,35.8166144,127.1557394
전주 한옥마을 한옥마당 행랑채,펜션,5.0,21,전주시 완산구 풍남동,전북특별자치도 전주시 완산구 전주천동로 80-13,n,전주 한옥마을 한옥마당 행랑채.jpg,35.8113183,127.1520577
전주 한옥마을 그리운 집,게스트하우스,5.0,58,한옥마을,전북특별자치도 전주시 완산구 향교길 23-3,n,전주 한옥마을 그리운 집.jpg,35.8118243,127.1507568
전주한옥마을 아침스테이,펜션,5.0,14,전주시 완산구 풍남동,전북특별자치도 전주시 완산구 팔달로 150-5,n,전주한옥마을 아침스테이.jpg,35.815924,127.1483312
블루보트 게스트하우스 전주점,게스트하우스,5.0,56,전주한옥마을 내 위치,전북특별자치도 전주시 완산구 충경로 75,n,블루보트 게스트하우스 전주점.jpg,35.8188634,127.1473027
전주 꽃무릇펜션,펜션,3.5,50,전주시 완산구 풍남동,전북특별자치도 전주시 완산구 향교길 155-14,n,전주 꽃무릇펜션.jpg,35.812433,127.1588371
전주 신시가지 스테이호텔,모텔/호텔,5.0,5,신시가지 메인거리 안쪽 첫번째 위치,전북특별자치도 전주시 완산구 홍산북로 60-8,n,전주 신시가지 스테이호텔.jpg,35.8170692,127.1082546
전주 오페라 21,모텔/호텔,3.3,208,전주한옥마을 406,전북특별자치도 전주시 덕진구 정언신로 186,n,전주 오페라 21.jpg,35.8317364,127.1735883
전주 호텔폭스FOX 2.0,모텔/호텔,4.6,375,전주버스터미널 차량 11분,전북특별자치도 전주시 완산구 홍산북로 58,n,전주 호텔폭스FOX 2.0.jpg,35.8172936,127.1081653
전주 샵 호텔SHARP HOTEL,모텔/호텔,4.5,168,전주역 5분한옥마을 7분터미널 10분,전북특별자치도 전주시 덕진구 산정3길 22,n,전주 샵 호텔SHARP HOTEL.jpg,35.8386203,127.1697708
전주 교동가온 한옥스테이,게스트하우스,5.0,40,전주시 완산구 풍남동,전북특별자치도 전주시 완산구 은행로 73-1,n,전주 교동가온 한옥스테이.jpg,35.8134644,127.1530339
전주 우아동 쉐르빌,모텔/호텔,4.2,156,아중역폐역에서 도보5분,전북특별자치도 전주시 덕진구 아중4길 9,n,전주 우아동 쉐르빌.jpg,35.830494,127.1743067
전주 한옥마을 뜰안채 신관,게스트하우스,5.0,28,전주한옥마을 내 위치,전북특별자치도 전주시 완산구 어진길 94-5,n,전주 한옥마을 뜰안채 신관.jpg,35.8171209,127.1493355
전주 한옥마을 별빛궁,게스트하우스,5.0,50,경기전 오목대 도보3분,전북특별자치도 전주시 완산구 태조로 12-18,n,전주 한옥마을 별빛궁.jpg,35.8156352,127.1533232
향교길선우가,펜션,5.0,15,전주시 완산구 풍남동,전북특별자치도 전주시 완산구 향교길 155-13,n,향교길선우가.jpg,35.8127578,127.1582168
전주 HOTEL SOUNDS 호텔사운즈,모텔/호텔,3.4,65,중화산동호텔사운즈,전북특별자치도 전주시 완산구 한두평3길 7-6,n,전주 HOTEL SOUNDS 호텔사운즈.jpg,35.8151328,127.1239257
별둘 자쿠지 독채 펜션,펜션,5.0,3,전주시 완산구 노송동,전북특별자치도 전주시 완산구 간납대2길 59-3,n,별둘 자쿠지 독채 펜션.jpg,35.8165528,127.1601392
전주 한옥마을돼지꿈한옥펜션,펜션,4.5,8,전주시 완산구 풍남동,전북특별자치도 전주시 완산구 최명희길 26-36,n,전주 한옥마을돼지꿈한옥펜션.jpg,35.8168898,127.1517933
전주 한옥마을 교동살래,게스트하우스,4.5,135,한옥마을 인근 위치,전북특별자치도 전주시 완산구 전주천동로 66-1,n,전주 한옥마을 교동살래.jpg,35.8112537,127.1533454
전주 한옥마을하늘애한옥펜션,펜션,5.0,7,전주시 완산구 풍남동,전북특별자치도 전주시 완산구 동문길 33-11,n,전주 한옥마을하늘애한옥펜션.jpg,35.8189554,127.1525157
전주 한옥마을 인디고,게스트하우스,4.9,16,전주한옥마을공용주차장도보로 35분소요,전북특별자치도 전주시 완산구 은행로 5-9,n,전주 한옥마을 인디고.jpg,35.8196952,127.1522039
전주 봄 하루,펜션,4.0,1,풍남문 도보 2분 한옥마을 도보 3분,전북특별자치도 전주시 완산구 풍남문3길 9-16,n,전주 봄 하루.jpg,35.8141673,127.1466947
전주 안녕 제제 옥상달빛,게스트하우스,5.0,13,전주한옥마을내 경기전 뒷편 위치,전북특별자치도 전주시 완산구 전동성당길 33-9,n,전주 안녕 제제 옥상달빛.jpg,35.8176774,127.1494163
전주 한옥마을 한옥숙박예쁘다펜션,펜션,5.0,3,전주시 완산구 풍남동,전북특별자치도 전주시 완산구 어진길 59,n,전주 한옥마을 한옥숙박예쁘다펜션.jpg,35.8173222,127.151435
전주 한옥마을 고희,펜션,4.3,7,전주시 완산구 완산동,전북특별자치도 전주시 완산구 빙고리3길 5,n,전주 한옥마을 고희.jpg,35.812584,127.1379878
전주 엑스오 XO 호텔,모텔/호텔,4.3,40,전주고속버스터미널 도보 4분,전북특별자치도 전주시 덕진구 용산1길 17-1,n,전주 엑스오 XO 호텔.jpg,35.8352114,127.1311049
전주 서노송동 코아,모텔/호텔,4.1,50,눌러서 위치 확인하기,전북특별자치도 전주시 완산구 팔달로 286-7,n,전주 서노송동 코아.jpg,35.8278678,127.1432719
전주 동산동 편백,모텔/호텔,3.5,156,전주 동산동 반월동 만성동 숙박,전북특별자치도 전주시 덕진구 편운로 7,n,전주 동산동 편백.jpg,35.8714118,127.0773567
24게스트하우스 전주점,게스트하우스,4.7,108,전주 시청 근처,전북특별자치도 전주시 완산구 현무3길 56,n,24게스트하우스 전주점.jpg,35.8221964,127.1503411
전주 타임,모텔/호텔,4.2,121,전주고속버스터미널 도보 4분,전북특별자치도 전주시 덕진구 용산1길 11,n,전주 타임.jpg,35.835438,127.1305734
더정가 스테이,펜션,4.7,14,전주시 완산구 풍남동,전북특별자치도 전주시 완산구 기린대로 76,n,더정가 스테이.jpg,35.8160631,127.1549795
전주 천년의아침,펜션,5.0,3,전주시 완산구 풍남동,전북특별자치도 전주시 완산구 기린대로 71-1,n,전주 천년의아침.jpg,35.8156431,127.1542992
전주 호스텔&게스트하우스,게스트하우스,5.0,34,전주역에서 도보 1분,전북특별자치도 전주시 덕진구 동부대로 694-8,n,전주 호스텔&게스트하우스.jpg,35.8507863,127.1607452
전주 천동로선우가,펜션,5.0,5,전주시 완산구 풍남동,전북특별자치도 전주시 완산구 전주천동로 50,n,전주 천동로선우가.jpg,35.8114546,127.1551964
전주 진북동 하얀,모텔/호텔,4.0,3,덕진구청 차량 약 4분,전북특별자치도 전주시 덕진구 안덕원로 106-8,n,전주 진북동 하얀.jpg,35.8292603,127.1419738
전주 한옥마을 다정 게스트하우스,게스트하우스,5.0,21,전주한옥마을 내 위치,전북특별자치도 전주시 완산구 전동성당길 30,n,전주 한옥마을 다정 게스트하우스.jpg,35.8176107,127.1487075
전주 예술인의집마담초이펜션,펜션,5.0,1,한옥마을은 도보로 3분 거리,전북특별자치도 전주시 완산구 서학로 16-5,n,전주 예술인의집마담초이펜션.jpg,35.8095569,127.1512082
전주 제니홈 게스트하우스,게스트하우스,5.0,32,전주역,전북특별자치도 전주시 덕진구 장재안길 6,n,전주 제니홈 게스트하우스.jpg,35.851708,127.1598629
전주 이오당펜션,펜션,4.3,7,전주시 완산구 풍남동,전북특별자치도 전주시 완산구 오목대길 45-43,n,전주 이오당펜션.jpg,35.812533,127.1540642
전주 중노송동 파인,모텔/호텔,3.3,64,전주한옥마을 5분위치보기,전북특별자치도 전주시 완산구 현무3길 54,n,전주 중노송동 파인.jpg,35.8220979,127.1504584
전주 이가 한옥 본관,펜션,4.3,7,전주시 완산구 풍남동,전북특별자치도 전주시 완산구 간납로 8,n,전주 이가 한옥 본관.jpg,35.8165897,127.1555845
전주 한옥마을 어울림,펜션,5.0,12,전주시 완산구 풍남동,전북특별자치도 전주시 완산구 은행로 75-5,n,전주 한옥마을 어울림.jpg,35.8133028,127.1532698
전주 타미호텔TOMMY HOTEL,모텔/호텔,4.0,56,전주 덕진공원 바로 앞 위치,전북특별자치도 전주시 덕진구 권삼득로 383,n,전주 타미호텔TOMMY HOTEL.jpg,35.8466493,127.1210633
전주 사랑루 한옥스테이,게스트하우스,4.7,37,전주 한옥마을 내 위치한벽문화관 50,전북특별자치도 전주시 완산구 전주천동로 58-5,n,전주 사랑루 한옥스테이.jpg,35.8114359,127.1541072
전주 동락원,펜션,4.7,3,전주시 완산구 풍남동,전북특별자치도 전주시 완산구 은행로 33-6,n,전주 동락원.jpg,35.816802,127.1527893
전주 들꽃사랑채펜션,펜션,5.0,5,전주시 완산구 풍남동,전북특별자치도 전주시 완산구 향교길 51-16,n,전주 들꽃사랑채펜션.jpg,35.8124349,127.1525256
전주 고사동 씨네마,모텔/호텔,5.0,44,전주영화제작소 앞영화의거리위치보기,전북특별자치도 전주시 완산구 전주객사3길 27,n,전주 고사동 씨네마.jpg,35.8184981,127.1421392
전주 소소한 한옥,펜션,0.0,0,전주시 완산구 풍남동,전북특별자치도 전주시 완산구 은행로 5-7,n,전주 소소한 한옥.jpg,35.8196906,127.1520861
전주 한옥마을 꼴 게스트하우스,게스트하우스,5.0,28,전주시청 인근,전북특별자치도 전주시 완산구 은행로 21-1,n,전주 한옥마을 꼴 게스트하우스.jpg,35.8181143,127.1521718
전주 한옥마을 분 게스트하우스,게스트하우스,5.0,13,경기전,전북특별자치도 전주시 완산구 전동성당길 33-6,n,전주 한옥마을 분 게스트하우스.jpg,35.817425,127.1492188
스테이 선선 하늬,펜션,0.0,0,전주시 완산구 풍남동,전북특별자치도 전주시 완산구 전동성당길 62-6,n,스테이 선선 하늬.jpg,35.8163301,127.1486895
전주 봄날,펜션,5.0,1,전주시 완산구 동서학동,전북특별자치도 전주시 완산구 서학3길 44,n,전주 봄날.jpg,35.8074583,127.1518758
전주 한옥마을 예당한옥펜션,펜션,5.0,2,전주시 완산구 풍남동,전북특별자치도 전주시 완산구 은행로 51-9,n,전주 한옥마을 예당한옥펜션.jpg,35.815388,127.1530312
전주 효자동 캐슬,모텔/호텔,4.1,32,전주 서부시장 근처,전북특별자치도 전주시 완산구 효동2길 17-4,n,전주 효자동 캐슬.jpg,35.8046616,127.1270055
전주 한옥마을 더 머뭄,게스트하우스,4.7,67,전주시 완산구 풍남동,전북특별자치도 전주시 완산구 최명희길 26-25,n,전주 한옥마을 더 머뭄.jpg,35.8164736,127.1510566
전주 푸른솔펜션,펜션,5.0,8,전주시 완산구 동서학동,전북특별자치도 전주시 완산구 내원당길 92-7,n,전주 푸른솔펜션.jpg,35.7925959,127.1703214
전주 한옥이야기펜션,펜션,4.3,6,전주시 완산구 풍남동,전북특별자치도 전주시 완산구 은행로 83-12,n,전주 한옥이야기펜션.jpg,35.8122682,127.1534431
전주 금암동 나라,모텔/호텔,5.0,19,버스터미널 도보 5분,전북특별자치도 전주시 덕진구 가리내로 37,n,전주 금암동 나라.jpg,35.8338924,127.1321267
전주 한옥마을 산민재펜션,펜션,5.0,1,50 전주향교30 전주 전통한옥식당,전북특별자치도 전주시 완산구 향교길 153,n,전주 한옥마을 산민재펜션.jpg,35.8122803,127.1580166
전주 한옥마을 어린왕자 게스트하우스,게스트하우스,5.0,33,전주한옥마을 내 위치,전북특별자치도 전주시 완산구 태조로 14-1,n,전주 한옥마을 어린왕자 게스트하우스.jpg,35.8150769,127.1531901
전주 한옥마을 꽃밭정원 예쁜집 좋은날,펜션,5.0,7,전주시 완산구 풍남동,전북특별자치도 전주시 완산구 전동성당길 37-7,n,전주 한옥마을 꽃밭정원 예쁜집 좋은날.jpg,35.8172336,127.1492699
전주 어사화,펜션,5.0,1,전주시 완산구 풍남동,전북특별자치도 전주시 완산구 한지길 106-1,n,전주 어사화.jpg,35.8155029,127.153791
전주 한옥토박이펜션,펜션,5.0,1,전주시 완산구 풍남동,전북특별자치도 전주시 완산구 은행로 74-15,n,전주 한옥토박이펜션.jpg,35.8135939,127.1521571
전주 우아동 CF(씨에프),모텔/호텔,4.3,15,전주한옥마을 차량 8분,전북특별자치도 전주시 덕진구 아중4길 10-5,n,전주 우아동 CF(씨에프).jpg,35.831077,127.1737114
전주 한옥마을 소리풍경,펜션,4.0,12,전주시 완산구 풍남동,전북특별자치도 전주시 완산구 태조로 12-5,n,전주 한옥마을 소리풍경.jpg,35.8153532,127.1532166
전주 한옥마을 서쪽 독채,펜션,5.0,2,전주시 완산구 풍남동,전북특별자치도 전주시 완산구 간납대2길 18,n,전주 한옥마을 서쪽 독채.jpg,35.8167628,127.1580189
전주한옥마을 연우당,게스트하우스,4.8,13,오목대 도보4분거리,전북특별자치도 전주시 완산구 태조로 12-17,n,전주한옥마을 연우당.jpg,35.8155726,127.1530973
전주 제인당,펜션,0.0,0,전주시 완산구 풍남동,전북특별자치도 전주시 완산구 태조로 26-40,n,전주 제인당.jpg,35.8152515,127.1518766
전주 한옥마을 감영루,모텔/호텔,2.8,228,전주한옥마을 도보 3분,전북특별자치도 전주시 완산구 풍남문4길 26-42,n,전주 한옥마을 감영루.jpg,35.814691,127.1459022
전주 우아동 아미르,모텔/호텔,3.5,212,전주역에서 자가용 2분거리 위치,전북특별자치도 전주시 덕진구 아중2길 14-4,n,전주 우아동 아미르.jpg,35.8298055,127.1741726
전주 청나루한옥펜션,펜션,5.0,1,전주시 완산구 풍남동,전북특별자치도 전주시 완산구 최명희길 7,n,전주 청나루한옥펜션.jpg,35.8163172,127.1537401
전주 한옥마을이화고택펜션,펜션,5.0,2,전주시 완산구 풍남동,전북특별자치도 전주시 완산구 한지길 91,n,전주 한옥마을이화고택펜션.jpg,35.8162694,127.1540498
참다원,펜션,5.0,2,전주시 완산구 풍남동,전북특별자치도 전주시 완산구 향교길 155-9,n,참다원.jpg,35.8125675,127.1581661
전주 우아동 레드,모텔/호텔,2.0,9,전주역 5분 거리,전북특별자치도 전주시 덕진구 아중4길 20-2,n,전주 우아동 레드.jpg,35.8305541,127.1732321
전주 한옥마을금원당한옥펜션,펜션,5.0,1,전주시 완산구 풍남동,전북특별자치도 전주시 완산구 전주천동로 54-1,n,전주 한옥마을금원당한옥펜션.jpg,35.8114572,127.154589
전주 금암동 쇼 드라이브인,모텔/호텔,4.8,12,전주버스터미널까지 도보 1분,전북특별자치도 전주시 덕진구 용산2길 10,n,전주 금암동 쇼 드라이브인.jpg,35.8360127,127.1311716
전주 한옥마을 사랑가득,게스트하우스,4.5,35,한옥마을,전북특별자치도 전주시 완산구 향교길 149-8,n,전주 한옥마을 사랑가득.jpg,35.8124117,127.1579886
전주 한옥펜션 첼로네,펜션,5.0,4,전주시 완산구 풍남동,전북특별자치도 전주시 완산구 한지길 68-16,n,전주 한옥펜션 첼로네.jpg,35.8169688,127.1531264
전주 한옥초정전주한옥마을,펜션,0.0,0,전주시 완산구 풍남동,전북특별자치도 전주시 완산구 향교길 88,n,전주 한옥초정전주한옥마을.jpg,35.8117997,127.1543741
전주 한옥마을 나무그늘펜션,펜션,4.5,2,전주시 완산구 풍남동,전북특별자치도 전주시 완산구 경기전길 178,n,전주 한옥마을 나무그늘펜션.jpg,35.8114853,127.1514259
전주 한옥마을숙박 꿈 한옥스테이,게스트하우스,4.5,23,전주시 완산구 풍남동,전북특별자치도 전주시 완산구 향교길 85-11,n,전주 한옥마을숙박 꿈 한옥스테이.jpg,35.8125306,127.1543138
전주 청사초롱 태조로점,펜션,4.3,4,전주시 완산구 풍남동,전북특별자치도 전주시 완산구 태조로 25-10,n,전주 청사초롱 태조로점.jpg,35.8141316,127.1517497
전주 한옥마을 한옥솔솔,펜션,5.0,3,전주시 완산구 풍남동,전북특별자치도 전주시 완산구 최명희길 31,n,전주 한옥마을 한옥솔솔.jpg,35.8156907,127.1510991
전주 한옥마을김명옥숙박문화관펜션,펜션,4.0,2,전주시 완산구 풍남동,전북특별자치도 전주시 완산구 기린대로 78,n,전주 한옥마을김명옥숙박문화관펜션.jpg,35.8161948,127.1549658
전주 한옥마을풍남헌고택펜션,펜션,5.0,2,전주시 완산구 풍남동,전북특별자치도 전주시 완산구 은행로 35,n,전주 한옥마을풍남헌고택펜션.jpg,35.8167969,127.1524193
전주 한옥마을홍시한옥펜션,펜션,5.0,1,전주시 완산구 풍남동,전북특별자치도 전주시 완산구 은행로 51-11,n,전주 한옥마을홍시한옥펜션.jpg,35.8152857,127.1529896
전주 한옥마을 가인당 안채,펜션,4.5,2,한옥마을 내,전북특별자치도 전주시 완산구 경기전길 165-11,n,전주 한옥마을 가인당 안채.jpg,35.8123516,127.1518299
전주 한옥마을 유정 게스트하우스,게스트하우스,4.0,16,전주시 완산구 풍남동,전북특별자치도 전주시 완산구 어진길 90-9,n,전주 한옥마을 유정 게스트하우스.jpg,35.8173369,127.1496062
전주 한옥마을 풍경게스트앤호텔,펜션,5.0,2,전주시 완산구 풍남동,전북특별자치도 전주시 완산구 풍남문3길 28-4,n,전주 한옥마을 풍경게스트앤호텔.jpg,35.8152492,127.1474503
전주한옥마을 달달잠 독채 펜션,펜션,5.0,1,전주시 완산구 풍남동,전북특별자치도 전주시 완산구 간납대2길 28,n,전주한옥마을 달달잠 독채 펜션.jpg,35.8168166,127.1584988
전주한옥마을 풍남주택,펜션,5.0,1,전주시 완산구 풍남동,전북특별자치도 전주시 완산구 최명희길 26-39,n,전주한옥마을 풍남주택.jpg,35.816629,127.150801
전주 우아동 월드,모텔/호텔,5.0,17,전주역 도보 4분위치보기,전북특별자치도 전주시 덕진구 동부대로 700-11,n,전주 우아동 월드.jpg,35.8513184,127.160284
전주 우아동 블랙스톤,모텔/호텔,5.0,4,전주시 덕진구 우아1동,전북특별자치도 전주시 덕진구 도당산4길 58,n,전주 우아동 블랙스톤.jpg,35.8464055,127.1553918
전주 한옥마을 이화원고택펜션,펜션,0.0,0,전주시 완산구 풍남동,전북특별자치도 전주시 완산구 전주천동로 54-3,n,전주 한옥마을 이화원고택펜션.jpg,35.8115903,127.1546127
전주 한옥마을부용헌펜션,펜션,0.0,0,전주시 완산구 풍남동,전북특별자치도 전주시 완산구 향교길 149-3,n,전주 한옥마을부용헌펜션.jpg,35.8122483,127.1577186
전주 한옥마을 가원당,펜션,4.0,1,전주시 완산구 풍남동,전북특별자치도 전주시 완산구 경기전길 125-9,n,전주 한옥마을 가원당.jpg,35.8139228,127.1517894
전주 서노송동 기린장,모텔/호텔,4.0,16,전주시 완산구 노송동,전북특별자치도 전주시 완산구 노송광장로 59,n,전주 서노송동 기린장.jpg,35.8259695,127.1450785
전주 한옥마을 오목헌,펜션,0.0,0,전주시 완산구 풍남동,전북특별자치도 전주시 완산구 은행로 76,n,전주 한옥마을 오목헌.jpg,35.8132501,127.152638
전주 한옥 이택구 사랑채 펜션,펜션,0.0,0,전주시 완산구 풍남동,전북특별자치도 전주시 완산구 최명희길 11-5,n,전주 한옥 이택구 사랑채 펜션.jpg,35.8160819,127.1534564
전주 호텔 포레,모텔/호텔,3.6,7,위치 눌러서 보기,전북특별자치도 전주시 완산구 한두평3길 14-6,n,전주 호텔 포레.jpg,35.8145386,127.1242085
전주 한옥마을 푸른요람,게스트하우스,5.0,6,전주시 완산구 풍남동,전북특별자치도 전주시 완산구 은행로 68-8,n,전주 한옥마을 푸른요람.jpg,35.8139198,127.1522947
전주 가은채펜션,펜션,4.0,1,전주시 완산구 풍남동,전북특별자치도 전주시 완산구 한지길 68-13,n,전주 가은채펜션.jpg,35.8170759,127.1532739
전주 금암동 신성파크텔,모텔/호텔,4.7,83,전주시 덕진구 금암동,전북특별자치도 전주시 덕진구 용산1길 5,n,전주 금암동 신성파크텔.jpg,35.8357703,127.1302092
전주 완산골게스트하우스,펜션,0.0,0,전주시 완산구 완산동,전북특별자치도 전주시 완산구 전주천서로 139,n,전주 완산골게스트하우스.jpg,35.8111951,127.1462187
전주 한옥마을 가은채2,펜션,5.0,1,전주시 완산구 풍남동,전북특별자치도 전주시 완산구 한지길 100-20,n,전주 한옥마을 가은채2.jpg,35.8155292,127.1534999
전주 한옥마을 근수네초가집펜션,펜션,5.0,1,전주시 완산구 풍남동,전북특별자치도 전주시 완산구 오목대길 25,n,전주 한옥마을 근수네초가집펜션.jpg,35.8131026,127.1549309
전주 서로 한옥펜션,펜션,0.0,0,전주시 완산구 풍남동,전북특별자치도 전주시 완산구 한지길 100-12,n,전주 서로 한옥펜션.jpg,35.8157687,127.1534713
전주 스테이리봄,펜션,4.7,15,전주시 덕진구 송천2동,전북특별자치도 전주시 덕진구 시천로 72-1,n,전주 스테이리봄.jpg,35.8658563,127.1147475
전주 신시가지 씨투,모텔/호텔,4.2,1128,신시가지 내 위치,전북특별자치도 전주시 완산구 홍산북로 70-7,n,전주 신시가지 씨투.jpg,35.8170681,127.1097807
전주 한옥스테이담길,펜션,0.0,0,전주 한옥마을 내,전북특별자치도 전주시 완산구 최명희길 8,n,전주 한옥스테이담길.jpg,35.8164896,127.1535801
전주 푸실 한옥펜션,펜션,0.0,29,전주시 완산구 풍남동,전북특별자치도 전주시 완산구 향교길 149-12,n,전주 푸실 한옥펜션.jpg,35.8126725,127.1580133
전주 한옥마을객리단길독채펜션,펜션,0.0,0,전주시 완산구 중앙동,전북특별자치도 전주시 완산구 충경로 19,n,전주 한옥마을객리단길독채펜션.jpg,35.8171726,127.1415779
전주 한옥마을 태조마루,펜션,0.0,1,전주시 완산구 풍남동,전북특별자치도 전주시 완산구 팔달로 150-15,n,전주 한옥마을 태조마루.jpg,35.8159608,127.1485113
전주 삼락헌한옥펜션,펜션,0.0,0,전주시 완산구 풍남동,전북특별자치도 전주시 완산구 은행로 47-8,n,전주 삼락헌한옥펜션.jpg,35.8156515,127.1527259
전주 호텔 투썸스테이 중화산점,모텔/호텔,4.9,9,전주의 중심 주요 목적지 차량 10분,전북특별자치도 전주시 완산구 어은로 12-4,n,전주 호텔 투썸스테이 중화산점.jpg,35.8163907,127.1241473
전주 풍류헌 한옥고택 독채,펜션,0.0,0,전주시 완산구 중앙동,전북특별자치도 전주시 완산구 풍남문5길 21-7,n,전주 풍류헌 한옥고택 독채.jpg,35.8138174,127.1418456
전주한옥마을 공간의미 독채펜션,펜션,0.0,0,전주시 완산구 풍남동,전북특별자치도 전주시 완산구 자만동2길 40,n,전주한옥마을 공간의미 독채펜션.jpg,35.8144324,127.1577995
전주 윈,모텔/호텔,0.0,3,전북대학교 도보 3분,전북특별자치도 전주시 덕진구 명륜5길 12,n,전주 윈.jpg,35.8436787,127.1256668
전주 한옥마을 고현당,펜션,0.0,0,전주시 완산구 풍남동,전북특별자치도 전주시 완산구 한지길 112-3,n,전주 한옥마을 고현당.jpg,35.8152722,127.153724
전주 어썸호텔,모텔/호텔,4.8,244,버스터미널 도보 1분,전북특별자치도 전주시 덕진구 용산1길 6-1,n,전주 어썸호텔.jpg,35.8354415,127.1301932
전주 감성한옥 하루 독채펜션,펜션,0.0,0,전주시 완산구 풍남동,전북특별자치도 전주시 완산구 태조로 12-16,n,전주 감성한옥 하루 독채펜션.jpg,35.81551,127.1532839
전주 한옥안 하루한팀펜션,펜션,0.0,0,전주시 완산구 동서학동,전북특별자치도 전주시 완산구 원색장길 49-15,n,전주 한옥안 하루한팀펜션.jpg,35.8006882,127.1900968
전주 이화원힐링공간독채펜션,펜션,0.0,0,전주시 완산구 풍남동,전북특별자치도 전주시 완산구 향교길 76,n,전주 이화원힐링공간독채펜션.jpg,35.811737,127.1537668
전주 게스트하우스휴펜션,펜션,4.0,1,전주시 완산구 풍남동,전북특별자치도 전주시 완산구 전주천동로 80-15,n,전주 게스트하우스휴펜션.jpg,35.8114671,127.1522042
전주 교동백작한옥스테이펜션,펜션,0.0,0,전주시 완산구 풍남동,전북특별자치도 전주시 완산구 경기전길 165-16,n,전주 교동백작한옥스테이펜션.jpg,35.8123959,127.1521607
전주한옥마을 김명옥 별장펜션,펜션,0.0,0,전주시 완산구 동서학동,전북특별자치도 전주시 완산구 내원당길 58-14,n,전주한옥마을 김명옥 별장펜션.jpg,35.7954446,127.1703516
전주 한옥마을 하늘풍경,펜션,0.0,0,전주시 완산구 풍남동,전북특별자치도 전주시 완산구 향교길 51-13,n,전주 한옥마을 하늘풍경.jpg,35.8124588,127.1523779
전주 제인당풍남동점펜션,펜션,4.5,2,전주시 완산구 풍남동,전북특별자치도 전주시 완산구 한지길 42-6,n,전주 제인당풍남동점펜션.jpg,35.8186015,127.1530048
전주 옹기종기한옥독채펜션,펜션,0.0,0,전주시 완산구 풍남동,전북특별자치도 전주시 완산구 동문길 33-21,n,전주 옹기종기한옥독채펜션.jpg,35.8185845,127.152824
전주 한옥마을 일락당사랑채펜션,펜션,0.0,0,전주시 완산구 풍남동,전북특별자치도 전주시 완산구 최명희길 17-5,n,전주 한옥마을 일락당사랑채펜션.jpg,35.8160976,127.1526761
전주 생황토방펜션,펜션,0.0,0,전주시 완산구 풍남동,전북특별자치도 전주시 완산구 경기전길 125-16,n,전주 생황토방펜션.jpg,35.813781,127.1516704
전주 꿈꾸는날개한옥독채펜션,펜션,0.0,0,전주시 완산구 풍남동,전북특별자치도 전주시 완산구 자만동3길 24-1,n,전주 꿈꾸는날개한옥독채펜션.jpg,35.8145361,127.157394
전주 갤러리 스테이,게스트하우스,4.8,171,전주한옥마을 입구,전북특별자치도 전주시 완산구 동문길 54-23,n,전주 갤러리 스테이.jpg,35.8191815,127.1507331
전주 한옥마을박가네한옥펜션,펜션,0.0,0,전주시 완산구 풍남동,전북특별자치도 전주시 완산구 최명희길 17-9,n,전주 한옥마을박가네한옥펜션.jpg,35.8160633,127.1530195
전주 뜨레가한옥펜션,펜션,0.0,0,전주시 완산구 풍남동,전북특별자치도 전주시 완산구 전주천동로58-10,n,전주 뜨레가한옥펜션.jpg,35.8116319,127.1544078
전주 단경펜션,펜션,0.0,7,전주시 완산구 풍남동,전북특별자치도 전주시 완산구 한지길 99,n,전주 단경펜션.jpg,35.8158498,127.154093
전주 건축의선율독채펜션,펜션,0.0,0,전주시 완산구 풍남동,전북특별자치도 전주시 완산구 최명희길 11-3,n,전주 건축의선율독채펜션.jpg,35.816173,127.1534444
전주 한옥마을도화서가스테이독채펜션,펜션,0.0,0,전주시 완산구 풍남동,전북특별자치도 전주시 완산구 동문길 93,n,전주 한옥마을도화서가스테이독채펜션.jpg,35.8179977,127.1489808
전주 경기전별당채펜션,펜션,5.0,144,전주시 완산구 풍남동,전북특별자치도 전주시 완산구 최명희길 16-4,n,전주 경기전별당채펜션.jpg,35.8164182,127.1527611
전주 별하게스트하우스펜션,펜션,1.0,2,전주시 완산구 풍남동,전북특별자치도 전주시 완산구 향교길 85-20,n,전주 별하게스트하우스펜션.jpg,35.8124382,127.1545026
전주 예술인의집 큰주댕이펜션,펜션,0.0,0,전주시 완산구 풍남동,전북특별자치도 전주시 완산구 최명희길 26-45,n,전주 예술인의집 큰주댕이펜션.jpg,35.8166953,127.1511332
전주 한옥마을 산아래,펜션,0.0,0,전주시 완산구 풍남동,전북특별자치도 전주시 완산구 오목대길 56,n,전주 한옥마을 산아래.jpg,35.813153,127.1532925
전주 한옥마을 알콩달콩 다락방,펜션,0.0,0,전주시 완산구 풍남동,전북특별자치도 전주시 완산구 경기전길 153-6,n,전주 한옥마을 알콩달콩 다락방.jpg,35.8125153,127.1517009
전주 인재고택 학인당 Heritage Stay,펜션,0.0,0,전주시 완산구 풍남동,전북특별자치도 전주시 완산구 향교길 45,n,전주 인재고택 학인당 Heritage Stay.jpg,35.8120504,127.1519992
전주 우아동 청담,모텔/호텔,4.5,2,전주역 차로 2분 거리,전북특별자치도 전주시 덕진구 우아3길 13,n,전주 우아동 청담.jpg,35.8487158,127.1555593
전주 한옥마을 예원당,게스트하우스,2.0,9,한옥마을,전북특별자치도 전주시 완산구 어진길 33-10,n,전주 한옥마을 예원당.jpg,35.8173376,127.152723
전주 니어리스트 게스트하우스,게스트하우스,1.0,39,전주 한옥마을 인근 위치,전북특별자치도 전주시 완산구 팔달로 202-14,n,전주 니어리스트 게스트하우스.jpg,35.8204225,127.1468359
전주 동백하우스,게스트하우스,0.0,0,전주시 완산구 동서학동,전북특별자치도 전주시 완산구 천경로 21,n,전주 동백하우스.jpg,35.8082584,127.1530595
전주 하예랑 게스트하우스,펜션,0.0,0,전주시 덕진구 덕진동,전북특별자치도 전주시 덕진구 덕진연못2길 13-4,n,전주 하예랑 게스트하우스.jpg,35.8463496,127.122275
전주 J&J 게스트하우스,펜션,0.0,0,전주시 완산구 노송동,전북특별자치도 전주시 완산구 현무3길 60,n,전주 J&J 게스트하우스.jpg,35.8223588,127.1500761
전주 백희게스트하우스펜션,펜션,0.0,2,전주시 완산구 풍남동,전북특별자치도 전주시 완산구 어진길 94-6,n,전주 백희게스트하우스펜션.jpg,35.8170819,127.1495244
전주 대성정담한옥펜션,펜션,0.0,2,전주시 완산구 동서학동,전북특별자치도 전주시 완산구 고덕산1길 30,n,전주 대성정담한옥펜션.jpg,35.796719,127.1783029
전주 한옥마을 별빛 쉼터,펜션,0.0,2,전주시 완산구 풍남동,전북특별자치도 전주시 완산구 향교길 42-9,n,전주 한옥마을 별빛 쉼터.jpg,35.8113174,127.1519307
전주 한옥마을 흥부가,게스트하우스,0.0,37,전주시 완산구 풍남동,전북특별자치도 전주시 완산구 태조로 26-34,n,전주 한옥마을 흥부가.jpg,35.8151161,127.1519716
전주 인후동 뉴하얏트,모텔/호텔,1.0,10,안골네거리 인근,전북특별자치도 전주시 덕진구 팽나무4길 17,n,전주 인후동 뉴하얏트.jpg,35.8350179,127.1547318
전주 한옥마을 꽃잠,펜션,5.0,50,전주시 완산구 풍남동,전북특별자치도 전주시 완산구 동문길 19-14,n,전주 한옥마을 꽃잠.jpg,35.8187132,127.1528477
전주 가락청 게스트하우스,펜션,4.9,27,전주시 완산구 풍남동,전북특별자치도 전주시 완산구 한지길 68,n,전주 가락청 게스트하우스.jpg,35.81726,127.1535505
전주 똘랑코티지한옥독채펜션,펜션,0.0,1,전주시 완산구 동서학동,전북특별자치도 전주시 완산구 서학로 63-17,n,전주 똘랑코티지한옥독채펜션.jpg,35.8099012,127.1563485
전주 달님 게스트하우스,게스트하우스,0.0,1,전주한옥마을 도보5분,전북특별자치도 전주시 완산구 동문길 101,n,전주 달님 게스트하우스.jpg,35.8178593,127.1485192
전주 중화산동 파라다이스,모텔/호텔,0.0,12,전주시 완산구 중화산1동,전북특별자치도 전주시 완산구 한두평2길 13-5,n,전주 중화산동 파라다이스.jpg,35.8140039,127.1242263
전주 여지 게스트하우스,게스트하우스,4.5,207,전주한옥마을 인근,전북특별자치도 전주시 완산구 팔달로 202-16,n,전주 여지 게스트하우스.jpg,35.820448,127.1469691
전주 신시가지 오스카,모텔/호텔,4.3,1977,전주 신시가지내 위치,전북특별자치도 전주시 완산구 홍산북로 84-6,n,전주 신시가지 오스카.jpg,35.8170668,127.1108834
전주 한옥마을 너울가지,펜션,5.0,11,전주시 완산구 중앙동,전북특별자치도 전주시 완산구 풍남문4길 16-9,n,전주 한옥마을 너울가지.jpg,35.8140572,127.1457388
전주 서서학동 나나,모텔/호텔,1.0,14,전주한옥마을 차량 6분,전북특별자치도 전주시 완산구 서학로 11,n,전주 서서학동 나나.jpg,35.8098726,127.1506458
전주 도원 게스트하우스,게스트하우스,0.0,51,전주한옥마을 근처,전북특별자치도 전주시 완산구 팔달로 58-3,n,전주 도원 게스트하우스.jpg,35.8078165,127.1501956
전주 퐁당 한옥스테이,게스트하우스,0.0,2,한옥마을 위치,전북특별자치도 전주시 완산구 은행로 97,n,전주 퐁당 한옥스테이.jpg,35.8113353,127.1532296
전주 덕진동 연화,모텔/호텔,0.0,20,덕진공원 앞,전북특별자치도 전주시 덕진구 덕진연못3길 8-2,n,전주 덕진동 연화.jpg,35.8465689,127.1208134
전주 산정동 코자자,모텔/호텔,3.8,1432,한옥마을10분 전주역2분,전북특별자치도 전주시 덕진구 산정2길 18,n,전주 산정동 코자자.jpg,35.8378143,127.1690868
전주 산정동 태극,모텔/호텔,0.0,43,눌러서 위치 확인,전북특별자치도 전주시 덕진구 산정1길 28,n,전주 산정동 태극.jpg,35.8385391,127.1678983
전주 오래된미래 게스트하우스,게스트하우스,0.0,9,한벽굴 인근스물다섯 스물하나 촬영지,전북특별자치도 전주시 완산구 바람쐬는길 35-19,n,전주 오래된미래 게스트하우스.jpg,35.8111219,127.1632802
전주 한옥마을 다래헌,게스트하우스,0.0,1,동학혁명 기념관 인근,전북특별자치도 전주시 완산구 은행로 51-3,n,전주 한옥마을 다래헌.jpg,35.8155418,127.1528817
전주한옥마을 다락,게스트하우스,1.0,10,전주시 완산구 풍남동,전북특별자치도 전주시 완산구 경기전길 57-6,n,전주한옥마을 다락.jpg,35.8168487,127.1509207
전주 한옥마을 한옥미쁨,게스트하우스,5.0,69,전주 한옥마을,전북특별자치도 전주시 완산구 은행로 15-6,n,전주 한옥마을 한옥미쁨.jpg,35.818589,127.152195
라한호텔 전주,모텔/호텔,4.6,1668,전주한옥마을 안에 위치,전북특별자치도 전주시 완산구 기린대로 85,n,라한호텔 전주.jpg,35.817109,127.1541068
전주 한옥마을장수펜션,펜션,3.6,23,전주시 완산구 풍남동,전북특별자치도 전주시 완산구 은행로 55-1,n,전주 한옥마을장수펜션.jpg,35.815045,127.1528524
전주 수호텔,모텔/호텔,4.8,18,전주역 5분 거리,전북특별자치도 전주시 덕진구 아중4길 20-4,n,전주 수호텔.jpg,35.8306932,127.1731595
전주 중화산동 로데오,모텔/호텔,3.3,1620,완산구청 선너머네거리 부근,전북특별자치도 전주시 완산구 한두평1길 14,n,전주 중화산동 로데오.jpg,35.8122977,127.1244863
전주 한옥마을 한옥독채풀빌라스테이소월,펜션,5.0,6,전주시 완산구 풍남동,전북특별자치도 전주시 완산구 향교길 97-16,n,전주 한옥마을 한옥독채풀빌라스테이소월.jpg,35.8123204,127.1555232
전주 한옥 스테이 사라,펜션,5.0,15,전주시 완산구 풍남동,전북특별자치도 전주시 완산구 최명희길 16-5,n,전주 한옥 스테이 사라.jpg,35.8164464,127.1525579
전주 우아동 첫마중,모텔/호텔,3.0,221,눌러서 위치확인,전북특별자치도 전주시 덕진구 도당산로 68,n,전주 우아동 첫마중.jpg,35.8477179,127.1576051
전주 금암동 로즈마리,모텔/호텔,4.0,191,전주고속버스터미널 인근 위치,전북특별자치도 전주시 덕진구 용산1길 11-1,n,전주 금암동 로즈마리.jpg,35.8355324,127.1307055
전주한옥마을 예술가의집 시간무늬,펜션,5.0,1,전주시 완산구 동서학동,전북특별자치도 전주시 완산구 천경로 15-16,n,전주한옥마을 예술가의집 시간무늬.jpg,35.808378,127.1529183
전주 알지비 게스트하우스,게스트하우스,5.0,35,한옥마을내 위치,전북특별자치도 전주시 완산구 전주천동로 86-1,n,전주 알지비 게스트하우스.jpg,35.8110615,127.1511705
전주 인후동 라임 무인텔,모텔/호텔,2.3,11,전주한옥마을 10분,전북특별자치도 전주시 덕진구 팽나무4길 22-4,n,전주 인후동 라임 무인텔.jpg,35.8347401,127.1541117
전주 우아동 호텔단아,모텔/호텔,5.0,13,한옥마을 차량 10분,전북특별자치도 전주시 덕진구 아중4길 14-11,n,전주 우아동 호텔단아.jpg,35.831324,127.1729591
전주 우아동 D드라이브인 무인텔,모텔/호텔,3.8,21,전주시 덕진구 우아2동,전북특별자치도 전주시 덕진구 아중2길 10-5,n,전주 우아동 D드라이브인 무인텔.jpg,35.8300786,127.1742342
전주 한옥마을 행복가득,게스트하우스,5.0,27,전주 한옥마을 내에 위치,전북특별자치도 전주시 완산구 전주천동로 64-3,n,전주 한옥마을 행복가득.jpg,35.8114708,127.1534622
전주 소소정,펜션,5.0,4,전주시 완산구 풍남동,전북특별자치도 전주시 완산구 향교길 155-11,n,전주 소소정.jpg,35.812667,127.1581868
전주 사랑나무한옥펜션,펜션,4.6,5,전주시 완산구 풍남동,전북특별자치도 전주시 완산구 은행로 96,n,전주 사랑나무한옥펜션.jpg,35.8114359,127.1527214
전주 1928 쉼마루 한옥스테이,게스트하우스,5.0,36,전주한옥마을 내 위치,전북특별자치도 전주시 완산구 향교길 51-4,n,전주 1928 쉼마루 한옥스테이.jpg,35.8119175,127.1525294
전주 한옥마을 호스텔 Ark,펜션,5.0,2,전주시 완산구 풍남동,전북특별자치도 전주시 완산구 기린대로 68,n,전주 한옥마을 호스텔 Ark.jpg,35.8154927,127.1550009
전주 호텔 늘,모텔/호텔,4.7,45,한옥마을10분 전주역2분 버스터미널7분,전북특별자치도 전주시 덕진구 아중4길 23,n,전주 호텔 늘.jpg,35.8298931,127.1727387
전주 한옥마을 강령전,게스트하우스,5.0,16,전주 한옥마을 내 위치,전북특별자치도 전주시 완산구 태조로 26-24,n,전주 한옥마을 강령전.jpg,35.8149912,127.1519082
전주 한옥마을 달빛향,펜션,5.0,3,전주시 완산구 풍남동,전북특별자치도 전주시 완산구 전주천동로 64-16,n,전주 한옥마을 달빛향.jpg,35.8114624,127.1536694
전주 태평동 케이비호텔,모텔/호텔,2.0,31,전주시 완산구 중앙동,전북특별자치도 전주시 완산구 대동로 65-3,n,전주 태평동 케이비호텔.jpg,35.8227054,127.1429513
전주 휴게스트하우스,펜션,4.5,2,전주시 완산구 풍남동,전북특별자치도 전주시 완산구 오목대길 50-7,n,전주 휴게스트하우스.jpg,35.8132465,127.153409
전주 명문가 한옥스테이,게스트하우스,3.7,4,전주시 완산구 풍남동,전북특별자치도 전주시 완산구 오목대길 50-3,n,전주 명문가 한옥스테이.jpg,35.8131322,127.1534417
전주 한옥마을숙박 가인당,펜션,5.0,1,한옥마을 내,전북특별자치도 전주시 완산구 경기전길 165-9,n,전주 한옥마을숙박 가인당.jpg,35.8122682,127.1518201
전주한옥마을 자만재,펜션,0.0,1,전주시 완산구 풍남동,전북특별자치도 전주시 완산구 오목대길 45-31,n,전주한옥마을 자만재.jpg,35.812726,127.1540562
전주 그날을담다,펜션,0.0,0,전북특별자치도 전주시 완산구 풍남문5길 237,전북특별자치도 전주시 완산구 풍남문5길 23-7,n,전주 그날을담다.jpg,35.8138955,127.1413359
전주 루와펜션,펜션,0.0,0,전주시 완산구 풍남동,전북특별자치도 전주시 완산구 향교길 145-16,n,전주 루와펜션.jpg,35.8127958,127.1576496
전주 그리고봄 독채펜션,펜션,0.0,0,전주시 완산구 풍남동,전북특별자치도 전주시 완산구 은행로 65-11,n,전주 그리고봄 독채펜션.jpg,35.8141562,127.1533539
전주 모련,펜션,0.0,0,전주시 완산구 풍남동,전북특별자치도 전주시 완산구 향교길 82,n,전주 모련.jpg,35.8117932,127.1540674
전주 전주하숙,게스트하우스,0.0,0,전주시 완산구 풍남동,전북특별자치도 전주시 완산구 풍남문2길 98-6,n,전주 전주하숙.jpg,35.8138085,127.1447055
전주한옥마을 하늘기와,펜션,0.0,0,전주시 완산구 풍남동,전북특별자치도 전주시 완산구 전주천동로 54-8,n,전주한옥마을 하늘기와.jpg,35.811618,127.1548358
전주 건축의선율,펜션,0.0,0,전주시 덕진구 덕진동,전북특별자치도 전주시 덕진구 가련산로 7,n,전주 건축의선율.jpg,35.8409443,127.1098429
전주 해밀 펜션,펜션,0.0,0,전주시 완산구 풍남동,전북특별자치도 전주시 완산구 향교길 19-23,n,전주 해밀 펜션.jpg,35.8125114,127.149941
전주 스테이 한울자쿠지독채펜션,펜션,0.0,0,전주시 완산구 풍남동,전북특별자치도 전주시 완산구 은행로 84-10,n,전주 스테이 한울자쿠지독채펜션.jpg,35.8125829,127.1523405
전주 나루한옥스테이,펜션,0.0,0,전주시 완산구 풍남동,전북특별자치도 전주시 완산구 전주천동로 58,n,전주 나루한옥스테이.jpg,35.8113602,127.1543969
전주한옥마을 나성하우스,게스트하우스,0.0,0,전주시 덕진구 금암동,전북특별자치도 전주시 덕진구 금암2길 7-3,n,전주한옥마을 나성하우스.jpg,35.8408078,127.1348848
전주 다나하루 게스트하우스펜션,펜션,4.0,1,전주시 완산구 풍남동,전북특별자치도 전주시 완산구 향교길 11,n,전주 다나하루 게스트하우스펜션.jpg,35.8117938,127.1502447
전주 해솔한옥펜션,펜션,0.0,0,전주시 완산구 풍남동,전북특별자치도 전주시 완산구 충경로 124-3,n,전주 해솔한옥펜션.jpg,35.8201067,127.1523767
전주 모헌한옥펜션,펜션,0.0,0,전주시 완산구 풍남동,전북특별자치도 전주시 완산구 한지길 108,n,전주 모헌한옥펜션.jpg,35.8155112,127.1539108
전주 귀거래사한옥펜션,펜션,0.0,0,전주시 완산구 풍남동,전북특별자치도 전주시 완산구 향교길 97-30,n,전주 귀거래사한옥펜션.jpg,35.8123719,127.1552152
전주 정담전통한옥펜션,펜션,0.0,0,전주시 완산구 풍남동,전북특별자치도 전주시 완산구 최명희길 21-4,n,전주 정담전통한옥펜션.jpg,35.8158966,127.1520738
전주 한옥마을 여별,펜션,0.0,0,전주시 완산구 풍남동,전북특별자치도 전주시 완산구 팔달로 94-6,n,전주 한옥마을 여별.jpg,35.8114667,127.1501312
전주 한옥마을 그림 게스트하우스,펜션,0.0,0,전주시 완산구 풍남동,전북특별자치도 전주시 완산구 향교길 149-13,n,전주 한옥마을 그림 게스트하우스.jpg,35.8127906,127.157785
전주 행복헌한옥독채펜션,펜션,0.0,0,전주시 완산구 풍남동,전북특별자치도 전주시 완산구 은행로 83-20,n,전주 행복헌한옥독채펜션.jpg,35.8126256,127.1535845
전주 색동저고리 펜션,펜션,0.0,2,전주시 완산구 풍남동,전북특별자치도 전주시 완산구 전주천동로 64-10,n,전주 색동저고리 펜션.jpg,35.8114368,127.1538119
전주 민트 게스트하우스,펜션,0.0,1,전주시 완산구 동서학동,전북특별자치도 전주시 완산구 서학로 27-2,n,전주 민트 게스트하우스.jpg,35.8097532,127.152682
전주 관광호텔 꽃심,모텔/호텔,4.9,378,전주경기전 도보 5분,전북특별자치도 전주시 완산구 팔달로 171,n,전주 관광호텔 꽃심.jpg,35.8177688,127.1467722
전주 그여자네집 독채펜션,펜션,0.0,0,전주시 완산구 풍남동,전북특별자치도 전주시 완산구 향교길 101,n,전주 그여자네집 독채펜션.jpg,35.8120761,127.1551061
전주 한옥마을숙박모란펜션,펜션,0.0,0,전주시 완산구 풍남동,전북특별자치도 전주시 완산구 오목대길 75-6,n,전주 한옥마을숙박모란펜션.jpg,35.8125172,127.152103
전주 한옥마을한옥그곳펜션,펜션,0.0,0,전주시 완산구 노송동,전북특별자치도 전주시 완산구 관선1길 25-3,n,전주 한옥마을한옥그곳펜션.jpg,35.8196752,127.1553719
전주 짬,모텔/호텔,3.9,522,신규 리모델링산정동 짬,전북특별자치도 전주시 덕진구 동부대로 523,n,전주 짬.jpg,35.8378407,127.1706246
전주 한옥마루 게스트하우스,펜션,0.0,6,전주시 완산구 풍남동,전북특별자치도 전주시 완산구 한지길 103,n,전주 한옥마루 게스트하우스.jpg,35.8157439,127.1541038
전주 한옥마을지우당한옥독채펜션,펜션,0.0,0,전주시 완산구 풍남동,전북특별자치도 전주시 완산구 오목대길 45-9,n,전주 한옥마을지우당한옥독채펜션.jpg,35.8128773,127.1540552
전주 한옥만화정한식밥상펜션,펜션,0.0,0,전주시 완산구 풍남동,전북특별자치도 전주시 완산구 향교길 149-14,n,전주 한옥만화정한식밥상펜션.jpg,35.8128093,127.1580169
전주 한옥마을 한옥미담,펜션,0.0,0,전주시 완산구 풍남동,전북특별자치도 전주시 완산구 동문길 54-41,n,전주 한옥마을 한옥미담.jpg,35.8193126,127.1505815
전주 한옥 사계,펜션,0.0,0,전주시 완산구 서서학동,전북특별자치도 전주시 완산구 서학3길 27-4,n,전주 한옥 사계.jpg,35.8066921,127.1512252
전주 한옥마을 경복궁,게스트하우스,0.0,1,전주 한옥마을 내에 있습니다,전북특별자치도 전주시 완산구 은행로 74-11,n,전주 한옥마을 경복궁.jpg,35.8133202,127.1521818
전주 금농헌 한옥독채펜션,펜션,0.0,0,전주시 완산구 노송동,전북특별자치도 전주시 완산구 관선5길 32-3,n,전주 금농헌 한옥독채펜션.jpg,35.8203318,127.1574525
전주 한옥마을타샤의정원독채펜션,펜션,0.0,0,전주시 완산구 동서학동,전북특별자치도 전주시 완산구 황학2길 4,n,전주 한옥마을타샤의정원독채펜션.jpg,35.8077684,127.1578275
전주 한옥마을 성심,펜션,0.0,1,전주시 완산구 풍남동,전북특별자치도 전주시 완산구 은행로 30-3,n,전주 한옥마을 성심.jpg,35.8171412,127.1519255
전주 산야초 한옥스테이,게스트하우스,0.0,1,한옥마을 중심경기전 돌담길 동문 인근,전북특별자치도 전주시 완산구 경기전길 57-15,n,전주 산야초 한옥스테이.jpg,35.8168807,127.1513367
전주 우아동 모로코,모텔/호텔,0.0,4,눌러서 우아동 모나코 위치보기,전북특별자치도 전주시 덕진구 도당산로 65-5,n,전주 우아동 모로코.jpg,35.8472554,127.1571162
전주 교동94 한옥스테이,게스트하우스,0.0,0,전주시 완산구 풍남동,전북특별자치도 전주시 완산구 은행로 84-8,n,전주 교동94 한옥스테이.jpg,35.8126127,127.1524823
전주 진북동 도당하우스,모텔/호텔,0.0,0,전주교육문화회관 도보 5분위치보기,전북특별자치도 전주시 덕진구 팔달로 340-17,n,전주 진북동 도당하우스.jpg,35.8316826,127.1388143
전주 해피니스온 자쿠지 독채 펜션,펜션,0.0,0,전주시 완산구 풍남동,전북특별자치도 전주시 완산구 전주천동로 64-6,n,전주 해피니스온 자쿠지 독채 펜션.jpg,35.8113246,127.1535563
전주한옥마을 독채 재우성,게스트하우스,0.0,0,전주 한옥마을 제3공영 주차장 동측,전북특별자치도 전주시 완산구 간납대2길 16,n,전주한옥마을 독채 재우성.jpg,35.816735,127.1579382
전주 시인과짜몽 게스트하우스,펜션,0.0,0,전주시 완산구 서서학동,전북특별자치도 전주시 완산구 서학3길 15-1,n,전주 시인과짜몽 게스트하우스.jpg,35.8060627,127.1514403
전주 한옥 독채 꽃마르트,게스트하우스,0.0,2,전주시 완산구 완산동,전북특별자치도 전주시 완산구 곤지산3길 14-27,n,전주 한옥 독채 꽃마르트.jpg,35.8077992,127.1460101
전주 이목대 게스트하우스,게스트하우스,0.0,0,오목대 건너편 이목대 뒷집,전북특별자치도 전주시 완산구 자만동2길 15-3,n,전주 이목대 게스트하우스.jpg,35.8143974,127.1562357
전주한옥마을 독채 덕수궁,게스트하우스,0.0,1,전주 한옥마을 내,전북특별자치도 전주시 완산구 최명희길 26-40,n,전주한옥마을 독채 덕수궁.jpg,35.8167446,127.1516257
전주 톡 게스트하우스,게스트하우스,0.0,8,전주한옥마을 도보 5분 객리단길 5분,전북특별자치도 전주시 완산구 풍남문4길 25-7,n,전주 톡 게스트하우스.jpg,35.8143986,127.1451503
전주 부경당 한옥스테이,게스트하우스,0.0,3,전주 한옥마을 내 위치,전북특별자치도 전주시 완산구 한지길 99-5,n,전주 부경당 한옥스테이.jpg,35.8160105,127.1542071
전주 자요 게스트하우스,게스트하우스,0.0,3,전주시 완산구 풍남동,전북특별자치도 전주시 완산구 현무3길 10-1,n,전주 자요 게스트하우스.jpg,35.8205405,127.1517694
전주 산정동 큐피트,모텔/호텔,0.0,23,전주역까지 차로 5분위치보기,전북특별자치도 전주시 덕진구 산정3길 19-1,n,전주 산정동 큐피트.jpg,35.8380419,127.1695074
전주 앤 게스트하우스,게스트하우스,0.0,2,전주시 완산구 서서학동,전북특별자치도 전주시 완산구 서학3길 83,n,전주 앤 게스트하우스.jpg,35.8091128,127.1516141
전주 한옥체험 모꼬지,게스트하우스,0.0,0,향교,전북특별자치도 전주시 완산구 향교길 124-6,n,전주 한옥체험 모꼬지.jpg,35.8118211,127.156213
전주 한옥마을 혜윰,게스트하우스,0.0,15,전주시 완산구 풍남동,전북특별자치도 전주시 완산구 향교길 42-5,n,전주 한옥마을 혜윰.jpg,35.8114823,127.1520065
전주 한옥마을 뜨레가,게스트하우스,0.0,0,한옥마을 남천교 도보 1분,전북특별자치도 전주시 완산구 전주천동로 58-10,n,전주 한옥마을 뜨레가.jpg,35.8116319,127.1544078
전주 그네 한옥스테이,게스트하우스,0.0,10,남천교 도보 2분,전북특별자치도 전주시 완산구 전주천동로 44,n,전주 그네 한옥스테이.jpg,35.8114948,127.155893
전주 우아동 올렛,모텔/호텔,0.0,27,전주역,전북특별자치도 전주시 덕진구 도당산4길 40,n,전주 우아동 올렛.jpg,35.8469762,127.1570564
전주 금암동 아리랑 호텔,모텔/호텔,0.0,40,전주고속버스터미널 인근 위치,전북특별자치도 전주시 덕진구 용산2길 17-6,n,전주 금암동 아리랑 호텔.jpg,35.8357722,127.1324455
전주 우아동 호텔 야,모텔/호텔,0.0,1728,전주오픈 추천숙소,전북특별자치도 전주시 덕진구 아중4길 14,n,전주 우아동 호텔 야.jpg,35.8306411,127.173937
전주 고사동 게스트하우스,게스트하우스,0.0,2,영화의 거리,전북특별자치도 전주시 완산구 전주객사4길 87-34,n,전주 고사동 게스트하우스.jpg,35.8214661,127.1416267
전주 한옥숙박체험관,게스트하우스,0.0,5,한옥마을 중심,전북특별자치도 전주시 완산구 은행로 56-1,n,전주 한옥숙박체험관.jpg,35.8149497,127.1522112
전주 교동외갓집 한옥스테이,게스트하우스,0.0,3,전주한옥마을 근처,전북특별자치도 전주시 완산구 향교길 85-14,n,전주 교동외갓집 한옥스테이.jpg,35.8123759,127.1546107
전주 몽유화원 한옥스테이,게스트하우스,0.0,17,전주 한옥마을 인근에 위치,전북특별자치도 전주시 완산구 서학3길 85,n,전주 몽유화원 한옥스테이.jpg,35.8092175,127.1516527
전주 라온 꿀잠 한옥스테이,게스트하우스,0.0,3,전주시 완산구 풍남동,전북특별자치도 전주시 완산구 한지길 99-6,n,전주 라온 꿀잠 한옥스테이.jpg,35.8158517,127.1543037
전주 은행로 86.2 게스트하우스,게스트하우스,0.0,3,남천교,전북특별자치도 전주시 완산구 은행로 86-2,n,전주 은행로 86.2 게스트하우스.jpg,35.8123406,127.1527136
전주 우아동 큐브 505 (CUBE 505),모텔/호텔,0.0,2095,전주역 도보 5분 이내,전북특별자치도 전주시 덕진구 동부대로 700-17,n,전주 우아동 큐브 505 (CUBE 505).jpg,35.8515075,127.1604422
전주 덕진동 호텔 쏘울(Hotel Soul),모텔/호텔,0.0,1697,덕진공원 앞 눌러서 위치 확인,전북특별자치도 전주시 덕진구 덕진연못2길 11,n,전주 덕진동 호텔 쏘울(Hotel Soul).jpg,35.8459838,127.1223647
전주 에이플러스,모텔/호텔,4.8,125,전주역 차량 5분 한옥마을 8분,전북특별자치도 전주시 덕진구 동부대로 527,n,전주 에이플러스.jpg,35.8382503,127.1702072
전주 소담소담펜션,펜션,0.0,55,전주시 완산구 동서학동,전북특별자치도 전주시 완산구 내원당길 69-6,n,전주 소담소담펜션.jpg,35.7944296,127.1716105
전주 포레스트그릴 글램핑,펜션,0.0,0,전주시 완산구 서서학동,전북특별자치도 전주시 완산구 학봉1길 39,n,전주 포레스트그릴 글램핑.jpg,35.8018185,127.1516586
전주 한옥마당예쁜집펜션,펜션,0.0,0,전주시 완산구 풍남동,전북특별자치도 전주시 완산구 향교길 79-8,n,전주 한옥마당예쁜집펜션.jpg,35.8122937,127.1538873
전주 우아동 우아장,모텔/호텔,0.0,4,전주시 덕진구 우아1동,전북특별자치도 전주시 덕진구 도당산4길 8-15,n,전주 우아동 우아장.jpg,35.8476676,127.1582248
전주 핀앤핏하우스,모텔/호텔,4.8,992,눌러서 위치 확인하기,전북특별자치도 전주시 덕진구 덕진광장로 8-1,n,전주 핀앤핏하우스.jpg,35.8439949,127.1247137
전주 나비,모텔/호텔,4.5,221,전주한옥마을차량10분 전주역차량 3분,전북특별자치도 전주시 덕진구 산정3길 28,n,전주 나비.jpg,35.8389435,127.1694234
